customer_id,age,income,tenure_months,orders,avg_order_value,discount_pct,support_tickets,web_sessions,email_open_rate,days_since_purchase,rating,channel,category,sentiment,feedback_theme,feedback,revenue,churn,priority_score,recommended_action
16026,35,85991.0,57,3,73.43,32.38,7,17,0.363,175,3.7,Email,Sports,Neutral,Features,The customer discussed missing features and requested improvements.,220.28,1,0.7594833333333334,Retention offer
12014,55,40564.0,13,5,76.53,24.84,7,14,0.451,176,3.6,Store,Home,Neutral,Delivery,The customer mentioned delayed delivery and tracking concerns.,382.66,1,0.7478555555555556,Retention offer
12757,22,61640.0,71,7,93.21,39.4,5,12,0.429,173,2.3,Web,Apparel,Negative,Product Quality,The customer raised concerns about product quality and durability.,652.48,1,0.7387833333333333,Service recovery
16563,61,104795.0,8,6,109.95,38.66,5,7,0.307,174,3.1,Mobile,Electronics,Neutral,Features,The customer discussed missing features and requested improvements.,659.71,0,0.7354055555555556,Retention offer
12866,38,78881.0,29,3,46.6,36.91,7,9,0.332,128,2.1,Mobile,Sports,Negative,Product Quality,The customer raised concerns about product quality and durability.,139.8,1,0.7212388888888889,Service recovery
16446,61,62543.0,37,9,74.32,4.81,2,8,0.262,179,2.0,Web,Electronics,Negative,Product Quality,The customer raised concerns about product quality and durability.,668.92,1,0.7134333333333334,Service recovery
15557,35,54030.0,27,2,67.35,14.57,4,15,0.296,162,2.4,Mobile,Electronics,Negative,Price,The customer said the price was high and asked for a better offer.,134.69,1,0.7094111111111112,Service recovery
12762,68,122290.0,39,7,75.12,24.63,4,10,0.277,175,3.3,Mobile,Beauty,Neutral,Price,The customer said the price was high and asked for a better offer.,525.81,0,0.70835,Retention offer
16942,39,68900.0,6,3,89.46,13.11,3,11,0.133,164,2.7,Web,Apparel,Neutral,Availability,The customer mentioned stock availability and product access.,268.39,1,0.7074277777777778,Service recovery
15294,58,71591.0,16,7,75.8,22.22,6,8,0.408,173,4.0,Email,Apparel,Neutral,Features,The customer discussed missing features and requested improvements.,530.62,1,0.7070111111111111,Retention offer
12748,60,70756.0,38,5,88.17,16.72,6,5,0.569,174,3.4,Mobile,Beauty,Neutral,Support,The customer described a slow or unsatisfactory support experience.,440.87,1,0.6995333333333333,Engagement reminder
15694,49,90371.0,45,5,86.24,8.61,4,6,0.339,177,3.4,Email,Apparel,Neutral,Price,The customer said the price was high and asked for a better offer.,431.2,0,0.6966444444444444,Engagement reminder
14800,23,102622.0,12,5,117.58,19.04,5,10,0.258,176,4.6,Mobile,Beauty,Positive,Returns,"The customer asked about returns, refunds, or the return process.",587.91,0,0.6934,Engagement reminder
13391,23,90239.0,70,10,157.5,11.67,4,12,0.392,178,3.3,Mobile,Electronics,Neutral,Availability,The customer mentioned stock availability and product access.,1574.98,0,0.6920166666666667,Cross-sell
10273,49,70441.0,51,3,56.32,8.57,3,12,0.221,180,3.6,Mobile,Sports,Neutral,Product Quality,The customer raised concerns about product quality and durability.,168.97,0,0.6916333333333333,Engagement reminder
15562,59,61644.0,26,11,68.68,35.25,4,5,0.429,170,2.7,Web,Home,Neutral,Returns,"The customer asked about returns, refunds, or the return process.",755.51,0,0.689338888888889,Cross-sell
17271,24,63865.0,12,4,142.03,0.12,4,12,0.414,175,3.1,Web,Electronics,Neutral,Availability,The customer mentioned stock availability and product access.,568.12,1,0.68845,Engagement reminder
10437,65,84434.0,14,7,78.27,8.71,3,7,0.41,177,2.6,Email,Electronics,Neutral,Support,The customer described a slow or unsatisfactory support experience.,547.91,1,0.6846666666666666,Cross-sell
16885,43,47719.0,13,3,82.98,24.6,2,5,0.217,173,2.7,Email,Electronics,Neutral,Returns,"The customer asked about returns, refunds, or the return process.",248.94,0,0.68285,Engagement reminder
15640,57,49802.0,10,8,85.38,23.87,5,7,0.361,175,4.3,Mobile,Electronics,Positive,Features,The customer discussed missing features and requested improvements.,683.05,0,0.6818277777777778,Cross-sell
12000,64,69574.0,35,7,108.67,11.26,1,9,0.11,177,2.8,Mobile,Home,Neutral,Availability,The customer mentioned stock availability and product access.,760.69,1,0.6816111111111112,Cross-sell
16045,66,94722.0,25,5,104.06,6.9,6,6,0.487,162,3.7,Web,Apparel,Neutral,Features,The customer discussed missing features and requested improvements.,520.28,1,0.6780166666666667,Engagement reminder
13310,56,83763.0,50,3,69.5,1.33,6,11,0.496,144,2.6,Email,Apparel,Neutral,Product Quality,The customer raised concerns about product quality and durability.,208.51,0,0.6774666666666667,Engagement reminder
14220,69,79973.0,17,5,108.99,10.55,3,15,0.23,176,3.7,Email,Home,Neutral,Price,The customer said the price was high and asked for a better offer.,544.95,0,0.6771944444444444,Engagement reminder
17378,69,84897.0,46,6,105.45,23.07,3,11,0.543,177,2.1,Web,Electronics,Negative,Returns,"The customer asked about returns, refunds, or the return process.",632.7,0,0.6768166666666666,Cross-sell
15521,58,82472.0,11,5,82.47,8.97,5,9,0.54,160,2.6,Store,Beauty,Neutral,Returns,"The customer asked about returns, refunds, or the return process.",412.34,0,0.6764444444444444,Engagement reminder
11265,40,46505.0,66,9,74.04,39.57,3,11,0.317,180,3.5,Mobile,Beauty,Neutral,Delivery,The customer mentioned delayed delivery and tracking concerns.,666.36,0,0.6761833333333334,Cross-sell
13022,43,93717.0,42,8,124.12,3.73,3,11,0.642,177,1.6,Web,Electronics,Negative,Product Quality,The customer raised concerns about product quality and durability.,992.93,0,0.6757666666666666,Cross-sell
16080,48,82574.0,14,5,124.49,25.42,4,10,0.408,172,3.3,Email,Apparel,Neutral,Features,The customer discussed missing features and requested improvements.,622.47,1,0.6754833333333333,Engagement reminder
15542,61,84900.0,34,4,98.44,26.7,4,12,0.268,156,3.1,Store,Sports,Neutral,Price,The customer said the price was high and asked for a better offer.,393.76,0,0.6754277777777778,Engagement reminder
11624,42,42892.0,58,9,122.16,39.87,8,6,0.706,169,4.5,Store,Electronics,Positive,Price,The customer said the price was high and asked for a better offer.,1099.46,1,0.6753277777777777,Cross-sell
17057,18,66746.0,56,7,161.79,7.01,4,12,0.182,165,4.1,Store,Beauty,Positive,Features,The customer discussed missing features and requested improvements.,1132.53,1,0.6751277777777779,Cross-sell
14061,56,85515.0,64,4,98.46,33.44,3,9,0.34,168,2.7,Email,Sports,Neutral,Delivery,The customer mentioned delayed delivery and tracking concerns.,393.85,1,0.6749166666666666,Engagement reminder
11109,35,104609.0,68,7,62.69,0.23,3,11,0.297,163,2.7,Store,Home,Neutral,Price,The customer said the price was high and asked for a better offer.,438.84,1,0.6724055555555555,Cross-sell
12620,42,69332.0,51,8,82.14,33.37,5,9,0.495,171,3.6,Mobile,Beauty,Neutral,Delivery,The customer mentioned delayed delivery and tracking concerns.,657.14,1,0.6723888888888889,Cross-sell
12236,61,63750.0,26,5,108.44,23.99,4,5,0.298,159,3.2,Email,Beauty,Neutral,Product Quality,The customer raised concerns about product quality and durability.,542.19,0,0.6723444444444444,Engagement reminder
15901,35,80324.0,11,6,138.04,1.2,4,9,0.447,174,3.3,Web,Apparel,Neutral,Delivery,The customer mentioned delayed delivery and tracking concerns.,828.25,1,0.6721277777777778,Cross-sell
12037,40,58529.0,20,4,121.05,31.82,2,16,0.32,177,2.7,Email,Sports,Neutral,Availability,The customer mentioned stock availability and product access.,484.21,1,0.671138888888889,Engagement reminder
17034,66,58794.0,2,6,91.52,15.17,3,10,0.305,154,2.2,Web,Beauty,Negative,Returns,"The customer asked about returns, refunds, or the return process.",549.1,1,0.6695555555555555,Cross-sell
13922,30,68881.0,57,7,110.21,38.37,3,6,0.081,164,4.0,Web,Apparel,Positive,Product Quality,The customer raised concerns about product quality and durability.,771.5,1,0.6690777777777778,Cross-sell
14885,44,48664.0,61,11,79.91,23.22,2,12,0.56,177,1.5,Email,Beauty,Negative,Delivery,The customer mentioned delayed delivery and tracking concerns.,879.03,0,0.6681388888888888,Cross-sell
17912,27,84022.0,34,10,144.1,3.47,2,13,0.285,174,2.8,Web,Electronics,Neutral,Price,The customer said the price was high and asked for a better offer.,1440.97,0,0.6677222222222223,Cross-sell
17100,34,56046.0,14,3,76.25,37.03,3,8,0.233,177,4.0,Mobile,Home,Positive,Product Quality,The customer raised concerns about product quality and durability.,228.76,1,0.6675666666666666,Engagement reminder
10046,22,46491.0,39,4,138.71,27.6,1,11,0.367,175,1.7,Email,Home,Negative,Support,The customer described a slow or unsatisfactory support experience.,554.84,1,0.6670166666666667,Engagement reminder
15339,43,57442.0,34,9,106.05,15.07,2,11,0.525,180,1.9,Web,Sports,Negative,Price,The customer said the price was high and asked for a better offer.,954.48,0,0.6668055555555555,Cross-sell
12662,22,51004.0,12,5,91.51,4.05,6,14,0.686,156,2.6,Web,Home,Neutral,Features,The customer discussed missing features and requested improvements.,457.55,0,0.6661333333333332,Engagement reminder
15898,62,91217.0,55,4,19.49,14.97,2,11,0.346,170,2.3,Store,Home,Negative,Price,The customer said the price was high and asked for a better offer.,77.95,1,0.6653833333333334,Engagement reminder
11227,60,57331.0,25,6,81.05,5.91,1,12,0.328,179,2.2,Web,Apparel,Negative,Returns,"The customer asked about returns, refunds, or the return process.",486.31,1,0.6649555555555555,Cross-sell
10810,61,77941.0,67,7,138.41,23.85,3,13,0.321,173,3.4,Web,Home,Neutral,Returns,"The customer asked about returns, refunds, or the return process.",968.9,0,0.6635777777777778,Cross-sell
12691,59,63911.0,52,5,142.2,4.16,6,6,0.658,159,3.0,Store,Beauty,Neutral,Features,The customer discussed missing features and requested improvements.,711.02,0,0.6634,Engagement reminder
17904,54,89387.0,4,3,64.26,16.36,3,11,0.333,170,3.2,Email,Home,Neutral,Features,The customer discussed missing features and requested improvements.,192.77,1,0.6620111111111111,Engagement reminder
10129,56,112454.0,71,6,92.23,22.28,6,12,0.309,142,3.9,Mobile,Home,Neutral,Price,The customer said the price was high and asked for a better offer.,553.4,1,0.6616722222222222,Cross-sell
14836,68,77077.0,18,10,102.19,22.73,2,4,0.266,178,3.3,Email,Beauty,Neutral,Delivery,The customer mentioned delayed delivery and tracking concerns.,1021.86,1,0.6616611111111111,Cross-sell
17429,25,85175.0,13,5,81.07,17.8,5,10,0.283,157,4.2,Email,Electronics,Positive,Price,The customer said the price was high and asked for a better offer.,405.36,1,0.6611777777777779,Engagement reminder
12460,65,84668.0,36,4,121.76,30.5,5,9,0.584,179,3.9,Mobile,Electronics,Neutral,Availability,The customer mentioned stock availability and product access.,487.02,1,0.6611166666666667,Engagement reminder
10120,64,79399.0,61,4,134.85,15.9,4,6,0.376,154,2.8,Web,Sports,Neutral,Returns,"The customer asked about returns, refunds, or the return process.",539.4,1,0.6606333333333333,Engagement reminder
12366,41,71880.0,14,11,83.25,12.03,4,12,0.504,179,3.6,Email,Home,Neutral,Price,The customer said the price was high and asked for a better offer.,915.71,0,0.6605888888888889,Cross-sell
17311,19,55931.0,38,4,74.15,35.92,5,6,0.504,173,4.0,Web,Beauty,Positive,Product Quality,The customer raised concerns about product quality and durability.,296.6,1,0.6600333333333334,Engagement reminder
11588,31,90926.0,33,5,100.75,7.72,2,6,0.417,179,2.6,Email,Apparel,Neutral,Returns,"The customer asked about returns, refunds, or the return process.",503.75,0,0.6599333333333334,Engagement reminder
16353,37,79425.0,38,6,75.52,24.13,4,20,0.458,171,3.4,Web,Apparel,Neutral,Returns,"The customer asked about returns, refunds, or the return process.",453.13,0,0.6595111111111112,Cross-sell
15850,36,41574.0,24,6,129.2,18.81,5,11,0.724,174,2.9,Store,Beauty,Neutral,Product Quality,The customer raised concerns about product quality and durability.,775.23,0,0.6595055555555556,Cross-sell
13529,30,65058.0,30,6,47.1,29.46,1,10,0.356,179,2.2,Store,Beauty,Negative,Delivery,The customer mentioned delayed delivery and tracking concerns.,282.6,0,0.6593555555555556,Cross-sell
11476,67,38923.0,68,4,159.9,28.92,5,10,0.68,180,3.5,Store,Electronics,Neutral,Delivery,The customer mentioned delayed delivery and tracking concerns.,639.61,1,0.6591388888888889,Engagement reminder
10277,18,49716.0,65,7,98.66,28.51,4,12,0.422,149,2.3,Mobile,Electronics,Negative,Availability,The customer mentioned stock availability and product access.,690.61,1,0.6590722222222223,Cross-sell
11719,55,81641.0,18,5,111.57,37.26,1,7,0.325,171,1.9,Mobile,Sports,Negative,Availability,The customer mentioned stock availability and product access.,557.87,0,0.6590277777777778,Engagement reminder
16923,68,39056.0,49,3,77.65,6.94,4,9,0.528,163,2.6,Mobile,Beauty,Neutral,Price,The customer said the price was high and asked for a better offer.,232.94,0,0.6577333333333333,Engagement reminder
12977,41,55536.0,40,8,60.42,2.5,2,13,0.406,177,2.6,Email,Beauty,Neutral,Availability,The customer mentioned stock availability and product access.,483.36,0,0.6576888888888889,Cross-sell
13377,45,61215.0,47,8,98.03,13.7,2,16,0.218,180,3.8,Mobile,Apparel,Neutral,Returns,"The customer asked about returns, refunds, or the return process.",784.24,1,0.6569555555555556,Cross-sell
13697,58,54168.0,69,1,67.48,32.94,6,10,0.871,175,3.0,Web,Beauty,Neutral,Price,The customer said the price was high and asked for a better offer.,67.48,1,0.6563555555555556,Engagement reminder
16094,53,100604.0,47,4,143.94,14.47,2,8,0.309,176,3.1,Email,Sports,Neutral,Support,The customer described a slow or unsatisfactory support experience.,575.75,0,0.6561166666666667,Engagement reminder
14273,57,86297.0,2,3,73.02,39.52,2,19,0.416,177,2.6,Mobile,Electronics,Neutral,Price,The customer said the price was high and asked for a better offer.,219.05,1,0.6556888888888889,Engagement reminder
15790,63,67449.0,33,2,73.52,32.23,4,9,0.535,166,2.8,Email,Home,Neutral,Price,The customer said the price was high and asked for a better offer.,147.04,0,0.6555000000000001,Engagement reminder
12852,62,78792.0,28,9,81.45,14.04,4,14,0.406,151,2.6,Web,Beauty,Neutral,Price,The customer said the price was high and asked for a better offer.,733.02,1,0.6554666666666666,Cross-sell
12746,28,63385.0,51,9,182.7,1.17,2,10,0.35,176,2.9,Web,Beauty,Neutral,Price,The customer said the price was high and asked for a better offer.,1644.3,1,0.6554166666666666,Cross-sell
15711,28,74844.0,63,7,54.57,16.82,3,9,0.477,163,2.2,Store,Home,Negative,Delivery,The customer mentioned delayed delivery and tracking concerns.,381.97,1,0.6551555555555555,Cross-sell
11291,53,58257.0,10,4,117.67,8.44,4,10,0.578,168,2.7,Email,Sports,Neutral,Features,The customer discussed missing features and requested improvements.,470.69,1,0.6550944444444444,Engagement reminder
16545,27,57059.0,45,7,83.33,15.75,4,14,0.527,165,2.8,Mobile,Electronics,Neutral,Product Quality,The customer raised concerns about product quality and durability.,583.34,0,0.6548777777777778,Cross-sell
14647,19,88492.0,16,5,76.69,6.84,0,12,0.29,175,1.7,Web,Beauty,Negative,Returns,"The customer asked about returns, refunds, or the return process.",383.45,0,0.6546388888888889,Engagement reminder
14011,26,44335.0,28,6,97.62,22.8,5,14,0.327,158,4.2,Email,Electronics,Positive,Price,The customer said the price was high and asked for a better offer.,585.73,0,0.6546000000000001,Cross-sell
12136,53,61862.0,43,7,74.18,23.6,5,11,0.448,167,4.1,Web,Apparel,Positive,Product Quality,The customer raised concerns about product quality and durability.,519.28,1,0.6541500000000001,Cross-sell
11298,67,74853.0,7,9,111.01,12.9,3,11,0.489,177,3.0,Web,Home,Neutral,Features,The customer discussed missing features and requested improvements.,999.13,1,0.6538666666666666,Cross-sell
12841,23,79250.0,67,3,40.19,3.19,4,7,0.588,170,2.8,Mobile,Sports,Neutral,Product Quality,The customer raised concerns about product quality and durability.,120.57,1,0.6537888888888889,Engagement reminder
11820,64,29046.0,30,6,46.95,4.73,4,4,0.321,151,3.1,Email,Electronics,Neutral,Price,The customer said the price was high and asked for a better offer.,281.72,0,0.6537166666666667,Cross-sell
16915,47,67583.0,21,8,44.0,4.75,3,15,0.434,177,3.3,Store,Electronics,Neutral,Support,The customer described a slow or unsatisfactory support experience.,352.0,0,0.6536166666666666,Cross-sell
10042,59,50170.0,32,12,110.49,9.51,3,10,0.541,178,2.8,Mobile,Apparel,Neutral,Support,The customer described a slow or unsatisfactory support experience.,1325.82,1,0.6531888888888889,Cross-sell
16966,57,55141.0,10,9,76.9,37.65,4,10,0.69,177,2.7,Email,Electronics,Neutral,Support,The customer described a slow or unsatisfactory support experience.,692.06,0,0.6526944444444445,Cross-sell
12133,64,25836.0,43,8,130.57,6.59,4,12,0.554,173,3.2,Mobile,Sports,Neutral,Price,The customer said the price was high and asked for a better offer.,1044.58,0,0.6522555555555556,Cross-sell
14067,40,34838.0,71,3,71.21,39.26,5,7,0.772,175,2.9,Mobile,Apparel,Neutral,Returns,"The customer asked about returns, refunds, or the return process.",213.64,0,0.6521277777777778,Engagement reminder
13058,51,81561.0,62,2,103.94,18.92,3,5,0.427,179,3.5,Web,Sports,Neutral,Features,The customer discussed missing features and requested improvements.,207.89,0,0.6519611111111111,Engagement reminder
15153,18,61636.0,58,3,113.64,31.5,4,12,0.53,172,3.3,Mobile,Home,Neutral,Support,The customer described a slow or unsatisfactory support experience.,340.91,1,0.6510833333333333,Engagement reminder
17681,57,81662.0,43,6,57.82,39.98,2,13,0.533,180,2.3,Email,Sports,Negative,Price,The customer said the price was high and asked for a better offer.,346.9,0,0.6502055555555557,Cross-sell
17821,57,96918.0,19,4,104.93,22.9,3,9,0.448,175,3.2,Web,Apparel,Neutral,Returns,"The customer asked about returns, refunds, or the return process.",419.72,0,0.6501222222222223,Engagement reminder
12284,46,48465.0,18,7,98.89,28.61,4,7,0.467,169,3.5,Email,Home,Neutral,Returns,"The customer asked about returns, refunds, or the return process.",692.26,0,0.6495166666666667,Cross-sell
11721,24,68555.0,36,7,110.73,7.81,3,12,0.556,179,2.9,Web,Home,Neutral,Product Quality,The customer raised concerns about product quality and durability.,775.08,0,0.648661111111111,Cross-sell
14283,19,87233.0,48,8,128.77,27.55,6,8,0.657,169,4.0,Mobile,Home,Positive,Delivery,The customer mentioned delayed delivery and tracking concerns.,1030.19,0,0.6483222222222222,Cross-sell
15789,24,72551.0,71,5,111.72,15.56,4,9,0.386,156,3.2,Store,Electronics,Neutral,Delivery,The customer mentioned delayed delivery and tracking concerns.,558.62,1,0.6480777777777778,Engagement reminder
13107,53,54733.0,4,3,68.17,35.65,2,6,0.38,170,2.6,Email,Electronics,Neutral,Support,The customer described a slow or unsatisfactory support experience.,204.51,1,0.6473333333333333,Engagement reminder
15626,25,84055.0,20,7,97.85,4.82,3,7,0.441,173,3.2,Email,Sports,Neutral,Product Quality,The customer raised concerns about product quality and durability.,684.95,1,0.6470777777777778,Cross-sell
17042,56,46397.0,36,6,130.56,36.34,3,17,0.323,164,3.3,Email,Beauty,Neutral,Availability,The customer mentioned stock availability and product access.,783.35,1,0.6469277777777778,Cross-sell
10235,33,43014.0,15,6,40.85,20.61,5,10,0.481,165,4.0,Email,Home,Positive,Product Quality,The customer raised concerns about product quality and durability.,245.11,1,0.6468555555555555,Cross-sell
15669,38,72689.0,15,5,89.37,21.86,4,10,0.324,168,4.3,Mobile,Apparel,Positive,Delivery,The customer mentioned delayed delivery and tracking concerns.,446.86,1,0.6458944444444444,Engagement reminder
17446,44,42412.0,55,6,55.16,8.2,2,12,0.411,167,2.3,Mobile,Electronics,Negative,Delivery,The customer mentioned delayed delivery and tracking concerns.,330.94,0,0.6457166666666667,Cross-sell
17546,39,60205.0,45,6,52.24,14.2,3,11,0.429,171,3.2,Email,Home,Neutral,Support,The customer described a slow or unsatisfactory support experience.,313.46,1,0.6450333333333333,Cross-sell
16825,40,74494.0,56,5,96.37,24.01,4,9,0.325,171,4.5,Store,Apparel,Positive,Availability,The customer mentioned stock availability and product access.,481.87,1,0.6448611111111111,Engagement reminder
14259,28,85602.0,29,4,123.54,1.61,3,7,0.437,180,3.7,Store,Apparel,Neutral,Availability,The customer mentioned stock availability and product access.,494.17,1,0.6446833333333333,Engagement reminder
10663,61,79345.0,44,11,105.23,8.54,3,9,0.403,165,3.0,Web,Beauty,Neutral,Product Quality,The customer raised concerns about product quality and durability.,1157.56,0,0.6444,Cross-sell
15753,35,67565.0,66,3,87.74,26.16,3,15,0.345,180,4.2,Web,Apparel,Positive,Delivery,The customer mentioned delayed delivery and tracking concerns.,263.22,0,0.6443333333333334,Engagement reminder
10126,23,51658.0,19,2,52.04,20.39,4,10,0.493,179,4.1,Web,Electronics,Positive,Price,The customer said the price was high and asked for a better offer.,104.08,1,0.644038888888889,Engagement reminder
16008,19,50142.0,52,2,79.67,25.94,1,12,0.425,180,2.3,Web,Electronics,Negative,Price,The customer said the price was high and asked for a better offer.,159.33,1,0.6440277777777779,Engagement reminder
12264,69,47080.0,65,9,93.95,0.69,5,6,0.309,138,3.4,Web,Sports,Neutral,Support,The customer described a slow or unsatisfactory support experience.,845.54,0,0.6437555555555556,Cross-sell
17307,50,69447.0,54,8,66.87,22.13,3,11,0.404,163,2.9,Email,Sports,Neutral,Delivery,The customer mentioned delayed delivery and tracking concerns.,534.96,0,0.6435055555555556,Cross-sell
10733,50,80653.0,1,4,127.2,6.85,7,9,0.555,162,5.0,Web,Electronics,Positive,Price,The customer said the price was high and asked for a better offer.,508.82,0,0.6434444444444445,Engagement reminder
17375,60,70891.0,33,7,59.78,9.21,4,8,0.352,159,3.7,Mobile,Sports,Neutral,Support,The customer described a slow or unsatisfactory support experience.,418.47,0,0.6427944444444444,Cross-sell
13126,48,54526.0,41,7,111.97,25.02,3,9,0.701,174,2.0,Store,Apparel,Negative,Availability,The customer mentioned stock availability and product access.,783.8,1,0.6423000000000001,Cross-sell
16418,51,78918.0,24,8,109.99,20.81,3,8,0.249,162,3.7,Email,Beauty,Neutral,Features,The customer discussed missing features and requested improvements.,879.92,0,0.6422833333333333,Cross-sell
16750,32,29728.0,5,5,94.66,32.53,1,9,0.316,176,2.7,Web,Sports,Neutral,Delivery,The customer mentioned delayed delivery and tracking concerns.,473.28,0,0.6419388888888888,Engagement reminder
13839,47,94434.0,43,8,126.16,35.14,4,9,0.562,179,3.8,Email,Beauty,Neutral,Availability,The customer mentioned stock availability and product access.,1009.27,1,0.641488888888889,Cross-sell
12885,27,40743.0,9,6,83.55,13.96,1,9,0.42,175,2.1,Web,Sports,Negative,Product Quality,The customer raised concerns about product quality and durability.,501.29,1,0.6414166666666667,Cross-sell
15680,23,64348.0,6,8,74.87,35.78,4,10,0.705,180,3.1,Mobile,Beauty,Neutral,Returns,"The customer asked about returns, refunds, or the return process.",598.96,0,0.6413611111111112,Cross-sell
13842,35,95634.0,68,5,76.82,38.66,3,11,0.396,173,3.6,Email,Electronics,Neutral,Support,The customer described a slow or unsatisfactory support experience.,384.08,1,0.6410777777777777,Engagement reminder
15144,47,121165.0,16,6,52.7,32.74,2,10,0.353,158,2.2,Email,Apparel,Negative,Product Quality,The customer raised concerns about product quality and durability.,316.22,0,0.6410666666666667,Cross-sell
12827,47,74361.0,9,1,111.88,16.65,2,13,0.237,161,3.0,Web,Beauty,Neutral,Support,The customer described a slow or unsatisfactory support experience.,111.88,1,0.6409333333333334,Engagement reminder
10845,61,68561.0,43,6,85.27,17.12,1,12,0.481,175,1.8,Mobile,Sports,Negative,Price,The customer said the price was high and asked for a better offer.,511.63,1,0.6404666666666666,Cross-sell
15834,47,65542.0,26,5,115.16,2.02,3,11,0.524,169,2.7,Web,Sports,Neutral,Delivery,The customer mentioned delayed delivery and tracking concerns.,575.82,0,0.6403388888888888,Engagement reminder
11439,24,80823.0,44,6,118.43,25.21,3,10,0.418,166,3.1,Web,Sports,Neutral,Delivery,The customer mentioned delayed delivery and tracking concerns.,710.56,0,0.6398722222222223,Cross-sell
16872,20,60670.0,12,4,65.75,30.91,2,8,0.306,170,3.2,Mobile,Beauty,Neutral,Delivery,The customer mentioned delayed delivery and tracking concerns.,262.99,0,0.6396333333333334,Engagement reminder
15748,49,78200.0,6,5,66.63,7.7,2,11,0.277,169,3.3,Mobile,Electronics,Neutral,Delivery,The customer mentioned delayed delivery and tracking concerns.,333.17,1,0.639461111111111,Engagement reminder
14282,49,50676.0,55,3,86.87,2.41,3,9,0.685,178,2.4,Web,Home,Negative,Delivery,The customer mentioned delayed delivery and tracking concerns.,260.6,1,0.6393888888888889,Engagement reminder
13450,67,55555.0,64,7,131.62,14.0,3,7,0.31,151,2.8,Store,Beauty,Neutral,Support,The customer described a slow or unsatisfactory support experience.,921.33,0,0.6393888888888889,Cross-sell
15063,57,85637.0,27,4,84.25,3.49,2,6,0.349,167,2.8,Mobile,Sports,Neutral,Product Quality,The customer raised concerns about product quality and durability.,337.0,1,0.6393666666666667,Engagement reminder
16150,68,56192.0,37,6,128.61,19.48,2,10,0.401,180,3.3,Web,Electronics,Neutral,Delivery,The customer mentioned delayed delivery and tracking concerns.,771.63,0,0.6391055555555556,Cross-sell
11027,54,48173.0,45,11,107.18,27.79,2,7,0.561,179,2.4,Email,Electronics,Negative,Availability,The customer mentioned stock availability and product access.,1178.93,1,0.6386333333333334,Cross-sell
15517,19,64025.0,38,7,118.07,20.14,4,16,0.571,175,3.6,Web,Apparel,Neutral,Returns,"The customer asked about returns, refunds, or the return process.",826.49,0,0.6383,Cross-sell
11943,50,46257.0,14,5,60.74,16.88,2,13,0.378,174,3.1,Email,Home,Neutral,Delivery,The customer mentioned delayed delivery and tracking concerns.,303.71,1,0.6378722222222224,Engagement reminder
14311,44,26072.0,16,13,73.88,7.05,2,13,0.34,179,3.6,Mobile,Electronics,Neutral,Price,The customer said the price was high and asked for a better offer.,960.42,1,0.6378333333333334,Cross-sell
12848,36,57153.0,63,7,138.55,19.33,6,12,0.566,134,2.7,Mobile,Electronics,Neutral,Product Quality,The customer raised concerns about product quality and durability.,969.87,1,0.6374944444444444,Cross-sell
13911,49,60367.0,43,7,80.28,13.19,2,8,0.485,175,2.6,Mobile,Apparel,Neutral,Delivery,The customer mentioned delayed delivery and tracking concerns.,561.95,0,0.6374444444444444,Cross-sell
16277,39,71709.0,65,4,114.21,22.71,2,14,0.281,165,3.1,Web,Sports,Neutral,Support,The customer described a slow or unsatisfactory support experience.,456.82,1,0.6372722222222224,Engagement reminder
11952,64,46342.0,3,3,80.6,32.32,3,9,0.531,180,3.4,Email,Sports,Neutral,Features,The customer discussed missing features and requested improvements.,241.8,1,0.6371333333333333,Engagement reminder
11217,59,72777.0,58,3,117.5,31.52,4,17,0.466,170,3.9,Mobile,Home,Neutral,Features,The customer discussed missing features and requested improvements.,352.49,0,0.6369388888888889,Engagement reminder
15289,27,56319.0,72,9,72.47,8.3,3,10,0.377,171,3.7,Web,Apparel,Neutral,Product Quality,The customer raised concerns about product quality and durability.,652.22,0,0.6366833333333333,Cross-sell
14463,58,60013.0,52,7,65.45,15.26,3,14,0.486,174,3.3,Mobile,Sports,Neutral,Returns,"The customer asked about returns, refunds, or the return process.",458.13,0,0.63655,Cross-sell
16037,63,68988.0,60,5,36.48,15.99,2,13,0.517,179,2.7,Email,Sports,Neutral,Support,The customer described a slow or unsatisfactory support experience.,182.38,0,0.6361833333333333,Engagement reminder
17667,23,74297.0,15,9,90.67,38.59,5,8,0.385,153,4.1,Email,Home,Positive,Product Quality,The customer raised concerns about product quality and durability.,816.05,0,0.635638888888889,Cross-sell
13043,60,73221.0,29,8,141.84,6.0,2,8,0.322,166,3.0,Web,Home,Neutral,Delivery,The customer mentioned delayed delivery and tracking concerns.,1134.72,0,0.6350444444444445,Cross-sell
14686,30,110355.0,5,3,133.95,10.02,2,12,0.329,170,3.2,Mobile,Apparel,Neutral,Delivery,The customer mentioned delayed delivery and tracking concerns.,401.84,1,0.6350333333333333,Engagement reminder
11443,63,53138.0,59,5,119.47,35.65,4,5,0.615,169,3.1,Store,Apparel,Neutral,Delivery,The customer mentioned delayed delivery and tracking concerns.,597.36,1,0.6349166666666668,Engagement reminder
14135,58,78641.0,17,9,81.97,33.69,3,10,0.323,160,3.4,Email,Sports,Neutral,Delivery,The customer mentioned delayed delivery and tracking concerns.,737.72,1,0.6342888888888889,Cross-sell
11189,44,88156.0,17,6,78.7,9.5,1,5,0.385,172,2.3,Mobile,Beauty,Negative,Returns,"The customer asked about returns, refunds, or the return process.",472.18,1,0.63425,Cross-sell
13155,47,100246.0,43,9,123.41,3.81,3,12,0.43,178,3.9,Email,Home,Neutral,Delivery,The customer mentioned delayed delivery and tracking concerns.,1110.66,0,0.6341388888888889,Cross-sell
14256,50,46584.0,50,9,78.39,35.72,2,10,0.181,163,3.6,Web,Electronics,Neutral,Price,The customer said the price was high and asked for a better offer.,705.51,0,0.6340777777777777,Cross-sell
11229,57,80099.0,39,7,155.55,28.99,2,10,0.637,177,2.0,Web,Electronics,Negative,Support,The customer described a slow or unsatisfactory support experience.,1088.88,0,0.6339888888888889,Cross-sell
16016,69,61262.0,27,11,57.36,15.16,4,14,0.306,134,2.7,Web,Home,Neutral,Features,The customer discussed missing features and requested improvements.,630.98,0,0.6339388888888888,Cross-sell
12974,41,55849.0,34,8,114.96,12.33,3,10,0.647,172,2.4,Email,Home,Negative,Returns,"The customer asked about returns, refunds, or the return process.",919.65,0,0.6336555555555555,Cross-sell
11029,61,65559.0,31,11,64.1,19.38,3,16,0.6,176,2.9,Email,Beauty,Neutral,Delivery,The customer mentioned delayed delivery and tracking concerns.,705.07,0,0.6331944444444445,Cross-sell
14440,65,67750.0,20,5,66.24,38.74,3,7,0.331,172,4.1,Email,Beauty,Positive,Delivery,The customer mentioned delayed delivery and tracking concerns.,331.19,1,0.6331055555555556,Engagement reminder
11351,18,45156.0,33,8,83.32,37.31,5,12,0.163,147,5.0,Email,Beauty,Positive,Returns,"The customer asked about returns, refunds, or the return process.",666.57,1,0.6329555555555555,Cross-sell
17163,67,114812.0,4,7,91.03,24.67,2,10,0.306,172,3.5,Mobile,Apparel,Neutral,Availability,The customer mentioned stock availability and product access.,637.2,0,0.6328277777777779,Cross-sell
15917,32,47812.0,47,4,86.7,6.61,1,10,0.322,164,2.2,Web,Home,Negative,Availability,The customer mentioned stock availability and product access.,346.79,0,0.6328222222222222,Engagement reminder
11895,45,76749.0,64,8,91.83,9.92,3,10,0.452,176,3.7,Mobile,Home,Neutral,Features,The customer discussed missing features and requested improvements.,734.65,1,0.6327944444444444,Cross-sell
17740,59,52330.0,72,6,96.85,9.67,2,10,0.423,174,3.0,Email,Apparel,Neutral,Product Quality,The customer raised concerns about product quality and durability.,581.12,1,0.6326222222222222,Cross-sell
16736,48,85755.0,62,5,114.92,25.62,3,8,0.635,162,1.9,Store,Beauty,Negative,Product Quality,The customer raised concerns about product quality and durability.,574.61,1,0.6325833333333333,Engagement reminder
13367,56,47410.0,30,9,110.7,25.41,5,15,0.63,150,2.7,Web,Beauty,Neutral,Delivery,The customer mentioned delayed delivery and tracking concerns.,996.26,1,0.6324722222222223,Cross-sell
10028,26,34630.0,72,5,99.32,19.19,3,7,0.435,154,2.5,Mobile,Beauty,Negative,Product Quality,The customer raised concerns about product quality and durability.,496.62,0,0.6323055555555555,Engagement reminder
13592,57,60276.0,1,4,112.32,9.74,2,13,0.406,179,3.4,Email,Apparel,Neutral,Product Quality,The customer raised concerns about product quality and durability.,449.3,0,0.6321333333333334,Engagement reminder
10859,45,67909.0,14,3,72.24,30.34,4,11,0.595,171,3.4,Email,Beauty,Neutral,Price,The customer said the price was high and asked for a better offer.,216.71,0,0.6321111111111111,Engagement reminder
14002,23,62283.0,31,2,95.47,38.3,2,4,0.322,168,3.2,Web,Electronics,Neutral,Returns,"The customer asked about returns, refunds, or the return process.",190.94,1,0.6319888888888888,Engagement reminder
14035,20,56947.0,70,6,93.13,28.1,3,9,0.358,157,3.1,Store,Sports,Neutral,Product Quality,The customer raised concerns about product quality and durability.,558.77,0,0.6318722222222223,Cross-sell
15024,58,56058.0,25,6,137.88,37.28,2,5,0.437,168,2.6,Web,Home,Neutral,Product Quality,The customer raised concerns about product quality and durability.,827.28,1,0.6314888888888889,Cross-sell
16242,51,101789.0,29,8,83.66,0.6,3,12,0.483,168,3.1,Web,Electronics,Neutral,Support,The customer described a slow or unsatisfactory support experience.,669.29,0,0.6313166666666667,Cross-sell
14203,65,82986.0,4,4,90.09,30.19,2,11,0.291,175,3.8,Mobile,Home,Neutral,Price,The customer said the price was high and asked for a better offer.,360.37,1,0.6312444444444445,Engagement reminder
17579,50,96486.0,40,7,113.16,39.82,3,9,0.483,173,3.4,Mobile,Beauty,Neutral,Product Quality,The customer raised concerns about product quality and durability.,792.11,1,0.6311777777777778,Cross-sell
13116,37,79439.0,36,5,134.98,33.76,3,4,0.55,179,3.4,Mobile,Home,Neutral,Product Quality,The customer raised concerns about product quality and durability.,674.92,1,0.6311111111111112,Engagement reminder
12476,50,67208.0,19,3,124.14,10.56,3,6,0.441,159,2.8,Mobile,Apparel,Neutral,Support,The customer described a slow or unsatisfactory support experience.,372.42,0,0.6309666666666667,Engagement reminder
14613,22,44980.0,28,8,96.67,30.66,3,10,0.197,137,2.8,Web,Beauty,Neutral,Support,The customer described a slow or unsatisfactory support experience.,773.35,0,0.6308777777777778,Cross-sell
17589,62,77213.0,2,4,119.9,38.21,2,10,0.329,168,3.2,Mobile,Electronics,Neutral,Delivery,The customer mentioned delayed delivery and tracking concerns.,479.61,1,0.6305888888888889,Engagement reminder
17810,60,67857.0,47,5,133.91,6.34,3,12,0.523,178,3.5,Email,Apparel,Neutral,Product Quality,The customer raised concerns about product quality and durability.,669.56,1,0.630538888888889,Engagement reminder
12343,33,30041.0,53,7,91.33,32.55,1,13,0.162,162,3.0,Web,Home,Neutral,Price,The customer said the price was high and asked for a better offer.,639.33,0,0.6303777777777778,Cross-sell
13731,28,63151.0,68,8,63.88,33.78,4,9,0.512,161,3.3,Mobile,Apparel,Neutral,Returns,"The customer asked about returns, refunds, or the return process.",511.0,1,0.6302388888888889,Cross-sell
12337,47,31876.0,16,10,108.66,5.37,5,12,0.618,163,3.6,Web,Apparel,Neutral,Price,The customer said the price was high and asked for a better offer.,1086.59,0,0.6300111111111111,Cross-sell
10804,46,62926.0,42,7,115.06,18.93,2,12,0.534,176,2.6,Web,Sports,Neutral,Delivery,The customer mentioned delayed delivery and tracking concerns.,805.4,1,0.6298666666666667,Cross-sell
15815,40,66318.0,62,5,96.21,6.38,2,11,0.427,168,2.7,Email,Beauty,Neutral,Price,The customer said the price was high and asked for a better offer.,481.06,0,0.6297388888888888,Engagement reminder
14836,26,67676.0,10,8,95.14,1.47,2,16,0.235,176,4.2,Mobile,Home,Positive,Features,The customer discussed missing features and requested improvements.,761.1,0,0.6296666666666667,Cross-sell
11202,37,77977.0,5,8,73.24,27.49,3,10,0.431,154,2.6,Mobile,Sports,Neutral,Support,The customer described a slow or unsatisfactory support experience.,585.9,0,0.6293555555555554,Cross-sell
12165,21,96636.0,63,11,55.77,8.46,2,11,0.538,171,2.3,Mobile,Sports,Negative,Price,The customer said the price was high and asked for a better offer.,613.48,0,0.6292055555555556,Cross-sell
14873,28,77479.0,38,5,104.41,2.19,1,8,0.471,179,2.4,Web,Sports,Negative,Support,The customer described a slow or unsatisfactory support experience.,522.06,1,0.6288555555555556,Engagement reminder
10431,39,74177.0,9,6,103.93,12.91,3,9,0.487,174,3.5,Email,Home,Neutral,Price,The customer said the price was high and asked for a better offer.,623.56,0,0.62885,Cross-sell
17647,64,64609.0,59,8,98.72,10.4,1,10,0.375,177,2.8,Email,Electronics,Neutral,Delivery,The customer mentioned delayed delivery and tracking concerns.,789.8,0,0.6286111111111111,Cross-sell
11360,44,57896.0,39,6,110.65,11.87,2,6,0.492,175,2.8,Store,Home,Neutral,Product Quality,The customer raised concerns about product quality and durability.,663.88,0,0.6285444444444445,Cross-sell
16005,67,51668.0,55,3,75.77,12.0,4,11,0.574,154,2.6,Mobile,Electronics,Neutral,Features,The customer discussed missing features and requested improvements.,227.31,0,0.6285333333333333,Engagement reminder
15011,66,54717.0,62,7,84.81,32.68,3,10,0.419,166,3.4,Store,Apparel,Neutral,Features,The customer discussed missing features and requested improvements.,593.7,0,0.6284222222222222,Cross-sell
11701,34,70008.0,46,6,126.83,13.06,1,9,0.248,157,2.3,Web,Home,Negative,Support,The customer described a slow or unsatisfactory support experience.,760.96,1,0.6283166666666666,Cross-sell
13742,68,65020.0,59,7,88.12,7.03,2,14,0.236,140,2.1,Email,Electronics,Negative,Support,The customer described a slow or unsatisfactory support experience.,616.85,0,0.6282166666666668,Cross-sell
16910,28,66850.0,16,7,147.18,38.62,4,13,0.492,165,3.7,Mobile,Electronics,Neutral,Delivery,The customer mentioned delayed delivery and tracking concerns.,1030.24,0,0.6281277777777777,Cross-sell
14306,37,60570.0,56,7,89.32,28.83,4,9,0.425,164,4.0,Web,Beauty,Neutral,Returns,"The customer asked about returns, refunds, or the return process.",625.23,0,0.6280555555555555,Cross-sell
15280,20,53683.0,60,9,85.51,3.11,1,10,0.329,174,2.9,Web,Home,Neutral,Price,The customer said the price was high and asked for a better offer.,769.56,0,0.6273944444444445,Cross-sell
11856,41,69288.0,3,4,44.28,6.28,2,6,0.327,163,3.0,Mobile,Beauty,Neutral,Availability,The customer mentioned stock availability and product access.,177.13,0,0.6273777777777778,Engagement reminder
11332,50,54164.0,61,11,118.13,9.39,5,9,0.675,177,4.2,Email,Apparel,Positive,Availability,The customer mentioned stock availability and product access.,1299.4,1,0.6272222222222221,Cross-sell
10308,29,67293.0,46,4,71.13,39.28,2,7,0.533,173,2.5,Mobile,Beauty,Negative,Support,The customer described a slow or unsatisfactory support experience.,284.53,1,0.6271500000000001,Engagement reminder
15907,57,37456.0,17,3,114.01,0.23,4,11,0.546,166,3.5,Store,Electronics,Neutral,Delivery,The customer mentioned delayed delivery and tracking concerns.,342.02,1,0.62705,Engagement reminder
14463,54,108987.0,46,4,58.73,25.82,3,8,0.231,150,3.5,Email,Beauty,Neutral,Price,The customer said the price was high and asked for a better offer.,234.91,1,0.6267166666666667,Engagement reminder
15654,23,78506.0,31,6,86.82,22.35,1,12,0.347,177,3.0,Web,Beauty,Neutral,Features,The customer discussed missing features and requested improvements.,520.92,0,0.6267111111111111,Cross-sell
16051,35,65713.0,29,8,72.2,1.13,3,10,0.719,177,2.5,Web,Beauty,Neutral,Availability,The customer mentioned stock availability and product access.,577.61,0,0.6266166666666666,Cross-sell
11223,56,93914.0,66,6,94.61,7.5,3,9,0.408,176,4.1,Mobile,Sports,Positive,Delivery,The customer mentioned delayed delivery and tracking concerns.,567.68,1,0.6265944444444446,Cross-sell
16434,32,92694.0,51,5,79.0,39.59,1,10,0.479,177,2.3,Email,Beauty,Negative,Features,The customer discussed missing features and requested improvements.,394.99,0,0.6265611111111111,Engagement reminder
17867,53,65778.0,71,6,129.63,7.61,6,12,0.75,159,3.5,Web,Electronics,Neutral,Availability,The customer mentioned stock availability and product access.,777.79,0,0.6262500000000001,Cross-sell
10519,63,77251.0,36,5,67.4,25.03,3,11,0.453,163,3.1,Email,Apparel,Neutral,Product Quality,The customer raised concerns about product quality and durability.,337.01,1,0.6262055555555556,Engagement reminder
14150,18,65639.0,26,6,88.94,6.82,3,15,0.474,148,2.1,Store,Sports,Negative,Price,The customer said the price was high and asked for a better offer.,533.66,0,0.6261722222222222,Cross-sell
12068,45,35350.0,27,8,92.79,5.57,1,11,0.196,180,4.0,Web,Beauty,Positive,Delivery,The customer mentioned delayed delivery and tracking concerns.,742.29,0,0.6260777777777778,Cross-sell
13310,29,61199.0,17,5,88.69,26.66,2,14,0.732,165,1.0,Web,Sports,Negative,Price,The customer said the price was high and asked for a better offer.,443.45,1,0.6258222222222223,Engagement reminder
14827,34,56952.0,30,7,109.61,26.62,3,14,0.607,175,3.0,Mobile,Sports,Neutral,Support,The customer described a slow or unsatisfactory support experience.,767.29,1,0.6258222222222222,Cross-sell
12160,21,74754.0,38,7,96.61,15.31,2,7,0.301,165,3.3,Email,Beauty,Neutral,Support,The customer described a slow or unsatisfactory support experience.,676.24,1,0.6257722222222223,Cross-sell
16705,45,68800.0,8,3,85.13,22.54,4,16,0.754,174,2.9,Email,Electronics,Neutral,Support,The customer described a slow or unsatisfactory support experience.,255.38,1,0.6257277777777778,Engagement reminder
17085,55,75803.0,38,5,91.35,33.96,1,13,0.362,166,2.3,Web,Apparel,Negative,Features,The customer discussed missing features and requested improvements.,456.75,0,0.6255166666666667,Engagement reminder
14958,40,53598.0,59,8,77.36,21.29,4,6,0.387,151,3.5,Email,Sports,Neutral,Returns,"The customer asked about returns, refunds, or the return process.",618.87,0,0.6255166666666667,Cross-sell
10021,32,79301.0,31,5,112.32,18.14,5,14,0.398,136,3.3,Email,Sports,Neutral,Features,The customer discussed missing features and requested improvements.,561.6,1,0.625261111111111,Engagement reminder
10423,22,61944.0,63,6,108.16,32.89,2,6,0.358,180,3.9,Web,Sports,Neutral,Price,The customer said the price was high and asked for a better offer.,648.98,0,0.6252055555555556,Cross-sell
16821,53,73817.0,48,9,69.02,1.53,1,9,0.133,179,4.3,Email,Apparel,Positive,Product Quality,The customer raised concerns about product quality and durability.,621.21,1,0.6252055555555556,Cross-sell
13882,41,75986.0,21,12,112.53,37.39,2,9,0.475,177,3.1,Mobile,Apparel,Neutral,Delivery,The customer mentioned delayed delivery and tracking concerns.,1350.41,0,0.6251388888888889,Cross-sell
13904,48,46461.0,45,7,92.16,31.28,2,11,0.524,178,2.9,Web,Home,Neutral,Returns,"The customer asked about returns, refunds, or the return process.",645.13,0,0.6250611111111112,Cross-sell
16270,66,88308.0,31,9,87.39,19.49,2,13,0.329,179,4.0,Email,Electronics,Positive,Price,The customer said the price was high and asked for a better offer.,786.51,0,0.6250333333333333,Cross-sell
14765,44,67350.0,14,3,80.17,31.9,4,5,0.509,160,3.4,Mobile,Sports,Neutral,Returns,"The customer asked about returns, refunds, or the return process.",240.52,1,0.6248666666666667,Engagement reminder
14850,25,85391.0,5,5,91.7,5.86,1,7,0.282,172,3.1,Web,Sports,Neutral,Support,The customer described a slow or unsatisfactory support experience.,458.49,0,0.6248500000000001,Engagement reminder
17500,58,84008.0,31,8,116.22,15.4,2,6,0.335,171,3.5,Email,Apparel,Neutral,Features,The customer discussed missing features and requested improvements.,929.77,0,0.6248055555555556,Cross-sell
12513,24,27497.0,34,9,97.08,2.56,2,11,0.717,180,2.0,Mobile,Sports,Negative,Product Quality,The customer raised concerns about product quality and durability.,873.68,1,0.6246555555555555,Cross-sell
11816,22,41526.0,16,1,76.29,28.61,2,8,0.396,173,3.3,Email,Home,Neutral,Features,The customer discussed missing features and requested improvements.,76.29,1,0.62455,Engagement reminder
11244,46,79174.0,1,5,50.23,31.98,3,9,0.614,175,3.0,Web,Sports,Neutral,Delivery,The customer mentioned delayed delivery and tracking concerns.,251.16,1,0.6244222222222222,Engagement reminder
10136,32,73359.0,34,4,153.59,17.12,1,8,0.265,177,3.5,Store,Sports,Neutral,Product Quality,The customer raised concerns about product quality and durability.,614.34,0,0.6243611111111111,Engagement reminder
11935,43,51522.0,66,9,58.45,0.48,2,9,0.406,162,2.6,Web,Home,Neutral,Price,The customer said the price was high and asked for a better offer.,526.08,0,0.6243555555555556,Cross-sell
11401,20,78256.0,7,8,107.52,13.33,2,10,0.377,161,2.7,Web,Sports,Neutral,Features,The customer discussed missing features and requested improvements.,860.12,0,0.6241833333333333,Cross-sell
11077,65,64159.0,49,2,51.72,19.64,3,13,0.627,171,2.7,Mobile,Apparel,Neutral,Delivery,The customer mentioned delayed delivery and tracking concerns.,103.43,0,0.6241833333333333,Engagement reminder
10125,38,56970.0,35,5,67.72,12.27,3,11,0.22,146,3.4,Email,Sports,Neutral,Delivery,The customer mentioned delayed delivery and tracking concerns.,338.58,0,0.6237777777777778,Engagement reminder
12936,37,29070.0,68,10,112.65,12.29,3,7,0.565,177,3.4,Mobile,Electronics,Neutral,Features,The customer discussed missing features and requested improvements.,1126.54,0,0.6236666666666666,Cross-sell
13899,50,83847.0,18,3,56.28,29.89,2,10,0.444,160,2.3,Web,Sports,Negative,Product Quality,The customer raised concerns about product quality and durability.,168.84,1,0.6235611111111112,Engagement reminder
17788,43,60481.0,43,10,166.84,28.07,3,9,0.516,164,2.9,Mobile,Sports,Neutral,Price,The customer said the price was high and asked for a better offer.,1668.35,0,0.6233277777777778,Cross-sell
13869,34,34001.0,64,4,87.62,14.89,3,13,0.597,178,3.3,Mobile,Sports,Neutral,Returns,"The customer asked about returns, refunds, or the return process.",350.47,0,0.6232388888888889,Engagement reminder
16699,21,47655.0,34,4,142.45,27.89,2,8,0.267,159,3.2,Email,Sports,Neutral,Support,The customer described a slow or unsatisfactory support experience.,569.82,0,0.6229888888888889,Engagement reminder
11971,54,74965.0,5,4,41.86,32.29,2,8,0.577,170,2.2,Store,Electronics,Negative,Product Quality,The customer raised concerns about product quality and durability.,167.45,1,0.6229333333333333,Engagement reminder
14189,36,61448.0,30,8,78.81,18.87,3,14,0.504,166,3.1,Web,Electronics,Neutral,Delivery,The customer mentioned delayed delivery and tracking concerns.,630.46,1,0.6226722222222223,Cross-sell
14253,56,100789.0,72,9,93.8,32.34,3,10,0.565,163,2.6,Mobile,Sports,Neutral,Availability,The customer mentioned stock availability and product access.,844.16,0,0.6225555555555555,Cross-sell
10093,64,83690.0,22,6,43.06,15.59,2,11,0.466,175,3.1,Web,Electronics,Neutral,Returns,"The customer asked about returns, refunds, or the return process.",258.36,1,0.6224944444444445,Cross-sell
15905,25,93686.0,22,7,67.56,33.52,3,13,0.583,173,3.1,Mobile,Sports,Neutral,Features,The customer discussed missing features and requested improvements.,472.93,0,0.6224277777777778,Cross-sell
10855,55,83290.0,70,4,107.45,6.54,4,11,0.525,162,3.5,Mobile,Apparel,Neutral,Availability,The customer mentioned stock availability and product access.,429.79,1,0.6223611111111111,Engagement reminder
13313,59,50331.0,25,7,31.33,6.79,3,6,0.337,166,4.0,Web,Apparel,Neutral,Support,The customer described a slow or unsatisfactory support experience.,219.29,0,0.6223222222222222,Cross-sell
11906,37,69424.0,70,2,85.54,33.59,3,11,0.389,174,4.2,Email,Sports,Positive,Delivery,The customer mentioned delayed delivery and tracking concerns.,171.09,1,0.6222000000000001,Engagement reminder
16299,20,41825.0,47,3,80.64,12.14,3,9,0.287,153,3.5,Email,Sports,Neutral,Availability,The customer mentioned stock availability and product access.,241.91,1,0.6221833333333334,Engagement reminder
11659,43,73934.0,47,10,79.49,14.88,2,16,0.542,180,3.0,Email,Apparel,Neutral,Product Quality,The customer raised concerns about product quality and durability.,794.92,0,0.6221555555555556,Cross-sell
14515,50,61216.0,65,8,39.09,15.75,2,15,0.449,180,3.5,Email,Home,Neutral,Delivery,The customer mentioned delayed delivery and tracking concerns.,312.7,0,0.6220055555555556,Cross-sell
17304,19,111552.0,28,2,136.43,35.75,4,13,0.735,179,3.4,Email,Sports,Neutral,Price,The customer said the price was high and asked for a better offer.,272.86,1,0.6218888888888889,Engagement reminder
16450,18,58011.0,57,5,123.18,12.23,5,13,0.348,135,3.6,Mobile,Sports,Neutral,Delivery,The customer mentioned delayed delivery and tracking concerns.,615.91,1,0.621788888888889,Engagement reminder
10717,66,87229.0,39,6,51.0,22.32,3,10,0.426,172,3.9,Email,Beauty,Neutral,Delivery,The customer mentioned delayed delivery and tracking concerns.,305.98,0,0.6216055555555555,Cross-sell
13610,51,80405.0,27,5,131.91,19.49,3,10,0.504,162,2.9,Mobile,Beauty,Neutral,Price,The customer said the price was high and asked for a better offer.,659.54,1,0.6212833333333333,Engagement reminder
11934,58,72898.0,37,5,142.16,18.45,4,12,0.519,171,4.1,Web,Apparel,Positive,Features,The customer discussed missing features and requested improvements.,710.8,0,0.6210611111111112,Engagement reminder
12147,32,68279.0,53,7,142.88,36.02,4,9,0.398,155,3.8,Mobile,Sports,Neutral,Features,The customer discussed missing features and requested improvements.,1000.19,1,0.6209555555555556,Cross-sell
15086,57,70501.0,26,6,134.01,33.8,7,9,0.712,139,3.4,Mobile,Apparel,Neutral,Features,The customer discussed missing features and requested improvements.,804.08,0,0.6209333333333333,Cross-sell
16284,53,104451.0,57,4,96.24,5.55,3,8,0.656,172,2.7,Mobile,Electronics,Neutral,Availability,The customer mentioned stock availability and product access.,384.94,1,0.6206055555555556,Engagement reminder
13951,24,79066.0,57,7,127.52,14.08,4,9,0.439,172,4.6,Mobile,Electronics,Positive,Support,The customer described a slow or unsatisfactory support experience.,892.65,1,0.6205333333333334,Cross-sell
15238,54,38560.0,29,5,95.96,32.59,2,8,0.453,178,3.4,Store,Sports,Neutral,Support,The customer described a slow or unsatisfactory support experience.,479.82,1,0.6205111111111112,Engagement reminder
17296,50,51848.0,24,3,96.24,39.11,2,10,0.354,164,3.1,Web,Beauty,Neutral,Product Quality,The customer raised concerns about product quality and durability.,288.71,0,0.6204500000000001,Engagement reminder
15620,47,51176.0,48,7,41.29,2.81,1,12,0.131,153,2.9,Web,Sports,Neutral,Returns,"The customer asked about returns, refunds, or the return process.",289.01,0,0.6203277777777778,Cross-sell
16034,40,52814.0,22,4,98.17,4.57,3,6,0.754,179,2.6,Web,Apparel,Neutral,Delivery,The customer mentioned delayed delivery and tracking concerns.,392.67,1,0.620311111111111,Engagement reminder
15023,50,54900.0,69,6,100.38,16.68,2,13,0.418,168,3.0,Email,Electronics,Neutral,Support,The customer described a slow or unsatisfactory support experience.,602.3,0,0.6202888888888889,Cross-sell
17604,23,95749.0,60,5,105.67,25.86,3,15,0.516,166,3.1,Web,Apparel,Neutral,Delivery,The customer mentioned delayed delivery and tracking concerns.,528.33,0,0.6202722222222223,Engagement reminder
17531,31,74606.0,28,10,82.62,12.84,1,10,0.226,175,3.7,Web,Sports,Neutral,Product Quality,The customer raised concerns about product quality and durability.,826.15,0,0.6202166666666666,Cross-sell
17417,61,81724.0,6,4,67.33,30.38,4,12,0.5,152,3.1,Mobile,Home,Neutral,Delivery,The customer mentioned delayed delivery and tracking concerns.,269.33,1,0.6201388888888889,Engagement reminder
11311,37,35902.0,62,3,80.69,5.35,1,5,0.291,174,3.3,Mobile,Beauty,Neutral,Delivery,The customer mentioned delayed delivery and tracking concerns.,242.08,1,0.6199944444444445,Engagement reminder
12151,56,60050.0,62,5,110.5,26.94,4,12,0.598,159,3.0,Web,Electronics,Neutral,Features,The customer discussed missing features and requested improvements.,552.52,0,0.6198444444444444,Engagement reminder
15136,51,101939.0,72,5,100.82,12.01,1,7,0.362,155,1.8,Store,Home,Negative,Availability,The customer mentioned stock availability and product access.,504.1,0,0.6198222222222223,Engagement reminder
12582,43,51998.0,38,7,98.75,10.27,5,8,0.758,171,3.6,Web,Beauty,Neutral,Price,The customer said the price was high and asked for a better offer.,691.25,0,0.619788888888889,Cross-sell
15239,33,56641.0,9,6,85.92,27.32,3,11,0.387,171,4.1,Web,Electronics,Positive,Price,The customer said the price was high and asked for a better offer.,515.53,1,0.6196833333333334,Cross-sell
12264,25,21974.0,58,8,84.7,1.36,2,10,0.629,158,1.3,Email,Electronics,Negative,Returns,"The customer asked about returns, refunds, or the return process.",677.56,0,0.6196166666666667,Cross-sell
15298,49,64120.0,57,7,127.88,37.3,2,9,0.298,167,3.6,Mobile,Electronics,Neutral,Support,The customer described a slow or unsatisfactory support experience.,895.17,0,0.6195666666666667,Cross-sell
12239,35,69291.0,41,3,116.56,22.76,3,11,0.524,163,2.9,Email,Sports,Neutral,Delivery,The customer mentioned delayed delivery and tracking concerns.,349.68,1,0.6195055555555555,Engagement reminder
11794,65,40339.0,23,6,104.8,39.92,4,12,0.615,167,3.4,Web,Home,Neutral,Price,The customer said the price was high and asked for a better offer.,628.77,1,0.6192222222222223,Cross-sell
10356,25,110910.0,25,7,118.16,16.75,3,9,0.489,158,2.8,Email,Apparel,Neutral,Availability,The customer mentioned stock availability and product access.,827.1,0,0.6191444444444445,Cross-sell
16497,21,46462.0,15,11,99.72,16.42,3,11,0.472,175,3.9,Email,Apparel,Neutral,Availability,The customer mentioned stock availability and product access.,1096.89,0,0.6190722222222222,Cross-sell
13157,34,53974.0,6,5,99.53,7.56,0,6,0.416,177,2.1,Web,Beauty,Negative,Price,The customer said the price was high and asked for a better offer.,497.66,1,0.6188833333333333,Engagement reminder
16267,36,86998.0,26,10,112.78,15.14,3,13,0.291,167,4.4,Mobile,Apparel,Positive,Product Quality,The customer raised concerns about product quality and durability.,1127.85,1,0.6187444444444444,Cross-sell
12191,29,92425.0,34,5,64.53,10.77,4,6,0.64,152,2.4,Mobile,Beauty,Negative,Availability,The customer mentioned stock availability and product access.,322.66,0,0.6183888888888889,Engagement reminder
11828,59,64342.0,37,9,125.07,36.26,5,11,0.729,161,3.2,Email,Home,Neutral,Product Quality,The customer raised concerns about product quality and durability.,1125.62,0,0.6183666666666667,Cross-sell
12103,43,80133.0,2,6,59.6,5.79,2,8,0.454,167,2.8,Web,Sports,Neutral,Price,The customer said the price was high and asked for a better offer.,357.6,0,0.6183666666666667,Cross-sell
10291,68,57428.0,51,5,95.44,22.19,2,11,0.417,167,3.0,Web,Beauty,Neutral,Product Quality,The customer raised concerns about product quality and durability.,477.21,0,0.6182666666666667,Engagement reminder
11000,53,62265.0,62,5,100.53,16.23,2,14,0.405,176,3.6,Email,Electronics,Neutral,Product Quality,The customer raised concerns about product quality and durability.,502.63,0,0.6181666666666666,Engagement reminder
12013,49,70063.0,26,6,94.46,16.62,1,8,0.328,163,2.5,Email,Home,Negative,Product Quality,The customer raised concerns about product quality and durability.,566.78,0,0.61815,Cross-sell
11822,56,43369.0,20,9,115.74,21.37,1,14,0.517,180,2.5,Web,Home,Negative,Returns,"The customer asked about returns, refunds, or the return process.",1041.62,0,0.6181277777777778,Cross-sell
14564,64,78248.0,9,3,73.14,10.2,3,14,0.182,167,5.0,Web,Electronics,Positive,Price,The customer said the price was high and asked for a better offer.,219.41,0,0.6180444444444445,Engagement reminder
12198,51,91025.0,42,5,72.53,20.06,0,13,0.339,173,2.3,Store,Home,Negative,Availability,The customer mentioned stock availability and product access.,362.63,1,0.6178944444444445,Engagement reminder
14167,36,92262.0,34,9,108.81,17.94,4,7,0.465,168,4.3,Email,Apparel,Positive,Product Quality,The customer raised concerns about product quality and durability.,979.26,0,0.6176944444444444,Cross-sell
11415,24,42446.0,49,6,67.52,4.19,2,8,0.323,148,2.4,Email,Home,Negative,Product Quality,The customer raised concerns about product quality and durability.,405.11,0,0.6173444444444446,Cross-sell
16232,50,89999.0,25,6,108.48,33.82,3,12,0.538,175,3.6,Email,Beauty,Neutral,Returns,"The customer asked about returns, refunds, or the return process.",650.89,1,0.6171222222222222,Cross-sell
15509,41,62290.0,38,4,97.81,5.1,3,10,0.546,174,3.5,Email,Sports,Neutral,Availability,The customer mentioned stock availability and product access.,391.26,0,0.61705,Engagement reminder
17474,44,77095.0,61,5,51.76,16.14,1,8,0.401,164,2.2,Email,Beauty,Negative,Features,The customer discussed missing features and requested improvements.,258.8,0,0.6170222222222222,Engagement reminder
12149,35,83493.0,31,5,129.29,31.93,3,10,0.272,156,3.9,Web,Apparel,Neutral,Delivery,The customer mentioned delayed delivery and tracking concerns.,646.43,0,0.61685,Engagement reminder
15142,32,71017.0,26,9,111.09,1.73,3,9,0.563,172,3.3,Mobile,Home,Neutral,Price,The customer said the price was high and asked for a better offer.,999.84,0,0.6167055555555555,Cross-sell
14204,41,73237.0,43,2,127.11,31.84,3,13,0.362,164,3.9,Email,Beauty,Neutral,Returns,"The customer asked about returns, refunds, or the return process.",254.21,0,0.6166277777777778,Engagement reminder
10479,22,88669.0,13,10,103.1,4.84,3,10,0.294,146,3.2,Mobile,Electronics,Neutral,Returns,"The customer asked about returns, refunds, or the return process.",1031.01,0,0.6164777777777778,Cross-sell
14869,23,45451.0,44,6,125.67,7.34,3,5,0.579,175,3.4,Email,Home,Neutral,Product Quality,The customer raised concerns about product quality and durability.,754.03,1,0.6164222222222222,Cross-sell
12399,25,44767.0,12,6,116.29,7.03,3,12,0.666,171,2.7,Email,Apparel,Neutral,Price,The customer said the price was high and asked for a better offer.,697.72,1,0.6163833333333333,Cross-sell
11010,66,59437.0,31,6,106.69,5.97,4,9,0.527,178,4.6,Email,Home,Positive,Price,The customer said the price was high and asked for a better offer.,640.12,0,0.6162666666666667,Cross-sell
14797,18,73350.0,47,11,101.37,33.7,1,8,0.389,171,2.7,Mobile,Beauty,Neutral,Price,The customer said the price was high and asked for a better offer.,1115.11,0,0.6162277777777778,Cross-sell
16356,69,94617.0,22,3,72.03,3.98,3,6,0.644,174,3.0,Email,Apparel,Neutral,Support,The customer described a slow or unsatisfactory support experience.,216.1,1,0.6162,Engagement reminder
14703,40,68551.0,21,6,90.16,18.59,1,10,0.453,175,2.6,Web,Electronics,Neutral,Delivery,The customer mentioned delayed delivery and tracking concerns.,540.98,0,0.6160666666666667,Cross-sell
10742,64,55105.0,45,8,51.49,7.25,4,11,0.476,148,3.1,Web,Beauty,Neutral,Returns,"The customer asked about returns, refunds, or the return process.",411.93,0,0.61605,Cross-sell
12303,64,42802.0,36,4,109.38,38.06,4,9,0.776,175,3.1,Email,Home,Neutral,Price,The customer said the price was high and asked for a better offer.,437.52,1,0.61605,Engagement reminder
11672,51,102192.0,46,3,109.0,29.07,2,7,0.308,173,4.0,Web,Apparel,Positive,Features,The customer discussed missing features and requested improvements.,326.99,1,0.6159,Engagement reminder
11178,49,66001.0,37,10,63.34,8.27,3,12,0.634,178,3.3,Email,Beauty,Neutral,Price,The customer said the price was high and asked for a better offer.,633.45,1,0.6158388888888889,Cross-sell
13411,27,85046.0,7,4,66.47,5.07,4,4,0.363,163,4.6,Email,Sports,Positive,Support,The customer described a slow or unsatisfactory support experience.,265.89,1,0.6157333333333334,Engagement reminder
17422,36,58857.0,15,5,77.76,9.35,4,14,0.63,170,3.6,Email,Electronics,Neutral,Delivery,The customer mentioned delayed delivery and tracking concerns.,388.79,1,0.6153888888888889,Engagement reminder
16856,46,97863.0,56,5,112.36,17.29,3,7,0.605,165,2.7,Web,Home,Neutral,Returns,"The customer asked about returns, refunds, or the return process.",561.81,0,0.6152500000000001,Engagement reminder
17362,20,84743.0,7,7,18.0,18.39,3,13,0.717,180,3.0,Web,Apparel,Neutral,Price,The customer said the price was high and asked for a better offer.,126.0,1,0.6149333333333333,Cross-sell
17218,64,85228.0,71,7,114.54,36.12,3,12,0.474,180,4.3,Email,Electronics,Positive,Price,The customer said the price was high and asked for a better offer.,801.8,0,0.6147833333333333,Cross-sell
11643,53,79947.0,52,8,34.25,38.8,2,14,0.708,178,2.2,Web,Home,Negative,Support,The customer described a slow or unsatisfactory support experience.,274.02,0,0.6145111111111111,Cross-sell
17956,35,62682.0,63,9,130.97,33.36,4,10,0.645,176,3.9,Email,Home,Neutral,Delivery,The customer mentioned delayed delivery and tracking concerns.,1178.75,0,0.6144722222222222,Cross-sell
17029,20,85015.0,16,3,75.98,22.02,4,12,0.727,180,3.7,Mobile,Sports,Neutral,Price,The customer said the price was high and asked for a better offer.,227.93,1,0.614461111111111,Engagement reminder
11799,58,60700.0,50,7,93.29,38.94,2,9,0.482,161,2.4,Email,Electronics,Negative,Price,The customer said the price was high and asked for a better offer.,653.02,1,0.6144333333333334,Cross-sell
12911,37,47867.0,29,9,76.68,25.15,3,8,0.401,158,3.4,Store,Apparel,Neutral,Product Quality,The customer raised concerns about product quality and durability.,690.15,0,0.6142444444444444,Cross-sell
11329,52,72835.0,53,6,82.1,16.29,0,6,0.245,146,1.3,Mobile,Apparel,Negative,Product Quality,The customer raised concerns about product quality and durability.,492.59,0,0.6141944444444445,Cross-sell
17698,19,96593.0,2,8,81.8,24.47,4,10,0.437,152,3.6,Email,Apparel,Neutral,Returns,"The customer asked about returns, refunds, or the return process.",654.43,0,0.6139888888888889,Cross-sell
14800,59,79130.0,9,8,108.11,9.04,4,9,0.599,158,3.1,Web,Apparel,Neutral,Features,The customer discussed missing features and requested improvements.,864.91,0,0.6136722222222223,Cross-sell
17598,41,45715.0,27,5,111.75,24.72,2,11,0.247,180,4.8,Web,Home,Positive,Support,The customer described a slow or unsatisfactory support experience.,558.76,0,0.6136555555555556,Engagement reminder
10011,63,79351.0,50,5,85.41,38.01,4,11,0.698,177,3.7,Email,Sports,Neutral,Product Quality,The customer raised concerns about product quality and durability.,427.05,1,0.6135944444444444,Engagement reminder
15638,65,67134.0,28,6,68.21,31.31,3,10,0.48,153,2.7,Mobile,Apparel,Neutral,Features,The customer discussed missing features and requested improvements.,409.23,1,0.6135833333333334,Cross-sell
15776,34,75554.0,62,6,83.06,19.61,3,14,0.574,180,3.8,Email,Beauty,Neutral,Delivery,The customer mentioned delayed delivery and tracking concerns.,498.38,0,0.6135333333333334,Cross-sell
15002,32,66367.0,60,2,80.78,31.71,4,8,0.706,176,3.6,Web,Home,Neutral,Availability,The customer mentioned stock availability and product access.,161.56,1,0.6135222222222222,Engagement reminder
12240,28,76228.0,61,4,97.05,24.81,5,7,0.504,147,3.7,Store,Home,Neutral,Price,The customer said the price was high and asked for a better offer.,388.19,1,0.6135055555555555,Engagement reminder
12196,56,77112.0,53,4,87.4,35.29,4,9,0.677,148,2.1,Web,Beauty,Negative,Product Quality,The customer raised concerns about product quality and durability.,349.6,1,0.61335,Engagement reminder
14174,50,70194.0,69,5,93.61,2.5,0,9,0.332,172,2.4,Web,Sports,Negative,Returns,"The customer asked about returns, refunds, or the return process.",468.03,1,0.6133222222222222,Engagement reminder
15740,18,122582.0,47,7,101.8,30.15,2,11,0.58,176,2.8,Store,Electronics,Neutral,Price,The customer said the price was high and asked for a better offer.,712.63,1,0.6131666666666666,Cross-sell
17390,18,76031.0,29,6,102.66,32.36,3,4,0.637,172,3.0,Store,Beauty,Neutral,Availability,The customer mentioned stock availability and product access.,615.96,0,0.6131555555555555,Cross-sell
16303,47,71343.0,38,4,101.75,5.94,4,12,0.558,176,4.4,Mobile,Beauty,Positive,Availability,The customer mentioned stock availability and product access.,407.0,0,0.6131222222222222,Engagement reminder
10496,61,71508.0,28,9,123.98,30.18,2,6,0.198,177,4.9,Web,Sports,Positive,Support,The customer described a slow or unsatisfactory support experience.,1115.82,1,0.6130388888888889,Cross-sell
11331,39,62949.0,4,4,60.78,34.93,1,7,0.355,180,3.5,Web,Apparel,Neutral,Features,The customer discussed missing features and requested improvements.,243.1,1,0.6130277777777778,Engagement reminder
11208,24,78283.0,55,2,156.79,8.41,2,10,0.503,142,1.2,Email,Apparel,Negative,Support,The customer described a slow or unsatisfactory support experience.,313.57,1,0.6130111111111112,Engagement reminder
17159,49,57631.0,25,4,33.95,11.04,4,17,0.538,169,4.1,Email,Home,Positive,Product Quality,The customer raised concerns about product quality and durability.,135.82,1,0.6128166666666668,Engagement reminder
13224,20,59632.0,31,7,111.25,4.29,1,8,0.241,173,3.7,Web,Apparel,Neutral,Price,The customer said the price was high and asked for a better offer.,778.75,0,0.6127722222222223,Cross-sell
10787,47,63953.0,52,4,66.02,20.16,4,12,0.614,164,3.4,Store,Apparel,Neutral,Delivery,The customer mentioned delayed delivery and tracking concerns.,264.1,1,0.6127555555555555,Engagement reminder
17775,51,77692.0,24,4,51.43,23.03,2,10,0.291,175,4.3,Web,Sports,Positive,Price,The customer said the price was high and asked for a better offer.,205.73,0,0.6124944444444445,Engagement reminder
11918,45,88224.0,47,8,96.92,38.59,2,8,0.366,180,4.2,Email,Electronics,Positive,Delivery,The customer mentioned delayed delivery and tracking concerns.,775.36,0,0.6123555555555557,Cross-sell
10803,66,74589.0,1,4,158.38,21.7,4,6,0.664,170,3.5,Web,Sports,Neutral,Delivery,The customer mentioned delayed delivery and tracking concerns.,633.52,1,0.6123388888888889,Engagement reminder
14844,33,57139.0,68,5,76.91,34.66,3,7,0.593,171,3.2,Store,Beauty,Neutral,Product Quality,The customer raised concerns about product quality and durability.,384.53,1,0.6122333333333333,Engagement reminder
15154,67,88693.0,66,10,105.1,14.83,3,10,0.549,172,3.5,Email,Home,Neutral,Availability,The customer mentioned stock availability and product access.,1050.95,0,0.6120055555555556,Cross-sell
10145,27,42624.0,46,7,61.25,30.72,2,8,0.459,173,3.3,Mobile,Apparel,Neutral,Features,The customer discussed missing features and requested improvements.,428.76,0,0.61195,Cross-sell
10161,60,55493.0,31,7,99.13,16.42,3,10,0.488,163,3.3,Web,Beauty,Neutral,Price,The customer said the price was high and asked for a better offer.,693.9,0,0.6117055555555555,Cross-sell
11698,56,56102.0,44,8,95.91,38.21,3,7,0.456,155,3.0,Mobile,Home,Neutral,Delivery,The customer mentioned delayed delivery and tracking concerns.,767.31,1,0.6115777777777778,Cross-sell
16181,68,86902.0,15,3,96.38,6.53,4,15,0.747,167,2.9,Web,Sports,Neutral,Product Quality,The customer raised concerns about product quality and durability.,289.14,0,0.6115722222222223,Engagement reminder
13557,54,83286.0,31,5,61.01,4.99,2,9,0.446,175,3.5,Email,Home,Neutral,Product Quality,The customer raised concerns about product quality and durability.,305.05,0,0.6114944444444445,Engagement reminder
14759,59,83414.0,3,2,72.47,33.63,5,7,0.39,129,3.3,Email,Sports,Neutral,Support,The customer described a slow or unsatisfactory support experience.,144.94,1,0.6113055555555555,Engagement reminder
17668,40,38855.0,28,5,90.57,33.67,1,7,0.504,174,2.4,Email,Electronics,Negative,Support,The customer described a slow or unsatisfactory support experience.,452.84,1,0.6111444444444446,Engagement reminder
12956,42,46646.0,49,5,82.56,34.96,5,17,0.727,166,3.7,Web,Electronics,Neutral,Availability,The customer mentioned stock availability and product access.,412.8,1,0.6111277777777778,Engagement reminder
16773,20,108090.0,26,7,86.67,4.91,2,10,0.65,178,2.6,Mobile,Apparel,Neutral,Support,The customer described a slow or unsatisfactory support experience.,606.69,0,0.611111111111111,Cross-sell
15118,26,59738.0,18,5,127.86,29.77,3,18,0.53,180,4.1,Mobile,Sports,Positive,Price,The customer said the price was high and asked for a better offer.,639.32,1,0.6110833333333334,Engagement reminder
12762,40,47898.0,12,6,89.35,27.24,0,16,0.258,166,2.5,Mobile,Home,Neutral,Price,The customer said the price was high and asked for a better offer.,536.1,1,0.6110388888888889,Cross-sell
17263,57,89102.0,63,3,122.49,4.22,4,9,0.498,146,3.0,Web,Apparel,Neutral,Delivery,The customer mentioned delayed delivery and tracking concerns.,367.46,1,0.6109555555555556,Engagement reminder
12310,29,35107.0,33,5,65.46,9.98,3,5,0.255,167,4.8,Store,Home,Positive,Price,The customer said the price was high and asked for a better offer.,327.3,1,0.6109444444444445,Engagement reminder
11135,18,103405.0,40,3,154.54,15.93,2,4,0.311,171,4.0,Mobile,Beauty,Neutral,Support,The customer described a slow or unsatisfactory support experience.,463.61,1,0.6108555555555556,Engagement reminder
17538,53,85206.0,52,3,125.29,30.92,4,15,0.536,173,4.4,Email,Sports,Positive,Product Quality,The customer raised concerns about product quality and durability.,375.88,1,0.6108555555555555,Engagement reminder
13195,31,94843.0,16,5,136.73,3.57,4,8,0.514,144,2.8,Web,Electronics,Neutral,Product Quality,The customer raised concerns about product quality and durability.,683.64,1,0.6108111111111112,Engagement reminder
10074,58,49933.0,49,2,92.11,36.5,2,15,0.555,171,2.7,Mobile,Electronics,Neutral,Product Quality,The customer raised concerns about product quality and durability.,184.23,1,0.6108055555555556,Engagement reminder
17032,41,64860.0,19,7,104.96,15.02,2,14,0.38,167,3.4,Web,Electronics,Neutral,Price,The customer said the price was high and asked for a better offer.,734.69,0,0.6106666666666667,Cross-sell
14404,19,56716.0,45,5,88.89,30.24,3,6,0.467,164,3.5,Web,Beauty,Neutral,Price,The customer said the price was high and asked for a better offer.,444.43,1,0.6106277777777778,Engagement reminder
15817,29,82920.0,23,6,84.06,21.32,2,12,0.432,175,3.6,Web,Beauty,Neutral,Price,The customer said the price was high and asked for a better offer.,504.34,1,0.6105444444444444,Cross-sell
12125,30,74752.0,61,5,46.24,4.44,4,10,0.696,167,3.2,Mobile,Sports,Neutral,Price,The customer said the price was high and asked for a better offer.,231.2,1,0.6105222222222223,Engagement reminder
13261,27,64927.0,14,3,112.17,33.28,2,6,0.489,175,3.3,Email,Beauty,Neutral,Product Quality,The customer raised concerns about product quality and durability.,336.51,0,0.6103944444444445,Engagement reminder
16530,49,71494.0,48,7,113.41,6.35,3,8,0.605,178,3.6,Email,Home,Neutral,Product Quality,The customer raised concerns about product quality and durability.,793.84,1,0.6103888888888889,Cross-sell
13522,38,82152.0,46,5,96.39,30.14,3,8,0.842,174,2.1,Email,Sports,Negative,Price,The customer said the price was high and asked for a better offer.,481.94,1,0.6103500000000001,Engagement reminder
13728,63,46584.0,67,6,89.35,28.58,2,15,0.587,177,2.9,Email,Beauty,Neutral,Price,The customer said the price was high and asked for a better offer.,536.12,0,0.6102388888888889,Cross-sell
14591,45,35923.0,11,6,42.58,33.35,2,13,0.519,164,2.5,Mobile,Apparel,Neutral,Price,The customer said the price was high and asked for a better offer.,255.47,0,0.60995,Cross-sell
13485,31,69854.0,71,5,87.58,14.5,1,8,0.384,166,2.6,Web,Beauty,Neutral,Price,The customer said the price was high and asked for a better offer.,437.92,1,0.6098666666666667,Engagement reminder
17931,18,63239.0,35,5,136.26,29.57,4,13,0.665,174,3.8,Web,Home,Neutral,Support,The customer described a slow or unsatisfactory support experience.,681.29,1,0.6097777777777779,Engagement reminder
14606,46,71117.0,62,5,136.74,27.05,2,12,0.488,178,3.5,Email,Beauty,Neutral,Availability,The customer mentioned stock availability and product access.,683.69,0,0.6097611111111112,Engagement reminder
14819,55,100115.0,58,6,86.18,31.95,1,16,0.45,155,1.6,Email,Home,Negative,Support,The customer described a slow or unsatisfactory support experience.,517.11,1,0.6097222222222223,Cross-sell
12431,67,69390.0,41,10,88.93,29.49,3,6,0.453,164,3.6,Mobile,Apparel,Neutral,Price,The customer said the price was high and asked for a better offer.,889.29,0,0.6096777777777778,Cross-sell
13765,31,70990.0,6,5,100.58,21.3,2,16,0.489,178,3.5,Web,Electronics,Neutral,Price,The customer said the price was high and asked for a better offer.,502.92,0,0.6095611111111111,Engagement reminder
16978,21,60054.0,18,6,104.4,32.58,2,13,0.255,167,4.1,Web,Home,Positive,Product Quality,The customer raised concerns about product quality and durability.,626.4,0,0.6094166666666668,Cross-sell
13887,59,100909.0,32,7,105.14,39.54,1,10,0.246,177,4.0,Mobile,Electronics,Positive,Price,The customer said the price was high and asked for a better offer.,736.0,1,0.6094111111111111,Cross-sell
13827,50,78564.0,18,7,119.07,7.64,2,8,0.401,170,3.5,Web,Apparel,Neutral,Features,The customer discussed missing features and requested improvements.,833.51,0,0.6093833333333334,Cross-sell
17307,64,55430.0,61,10,86.36,3.57,4,12,0.402,140,3.2,Email,Sports,Neutral,Returns,"The customer asked about returns, refunds, or the return process.",863.62,0,0.6093222222222222,Cross-sell
14972,18,68174.0,4,11,68.34,13.72,4,15,0.848,170,2.6,Web,Electronics,Neutral,Features,The customer discussed missing features and requested improvements.,751.71,1,0.6092888888888889,Cross-sell
13132,66,56837.0,13,3,67.86,24.36,3,11,0.604,174,3.4,Mobile,Home,Neutral,Availability,The customer mentioned stock availability and product access.,203.58,1,0.6092,Engagement reminder
10312,58,83176.0,60,6,87.8,30.13,2,7,0.342,146,2.4,Store,Beauty,Negative,Product Quality,The customer raised concerns about product quality and durability.,526.77,1,0.6091000000000001,Cross-sell
11500,52,68593.0,30,9,108.49,11.67,3,7,0.409,158,3.5,Email,Sports,Neutral,Support,The customer described a slow or unsatisfactory support experience.,976.44,1,0.6088944444444445,Cross-sell
13939,18,79752.0,7,6,61.96,8.22,4,10,0.367,140,3.4,Email,Apparel,Neutral,Product Quality,The customer raised concerns about product quality and durability.,371.74,1,0.6088222222222222,Cross-sell
16504,59,45756.0,39,11,121.2,6.21,5,10,0.606,176,5.0,Store,Electronics,Positive,Availability,The customer mentioned stock availability and product access.,1333.2,1,0.6088,Cross-sell
12918,55,67908.0,62,6,62.82,15.76,3,9,0.626,174,3.3,Email,Apparel,Neutral,Product Quality,The customer raised concerns about product quality and durability.,376.93,0,0.60855,Cross-sell
13807,30,56963.0,7,7,91.71,1.97,5,6,0.491,125,2.6,Web,Beauty,Neutral,Product Quality,The customer raised concerns about product quality and durability.,641.98,1,0.6084666666666666,Cross-sell
16685,51,72401.0,24,5,102.84,26.16,1,14,0.47,178,2.9,Email,Sports,Neutral,Delivery,The customer mentioned delayed delivery and tracking concerns.,514.19,0,0.6080833333333334,Engagement reminder
12093,38,85943.0,66,6,88.8,4.81,0,6,0.307,164,2.2,Mobile,Beauty,Negative,Price,The customer said the price was high and asked for a better offer.,532.79,0,0.6080444444444445,Cross-sell
12882,18,61925.0,61,7,134.06,12.11,2,6,0.514,161,2.4,Mobile,Beauty,Negative,Price,The customer said the price was high and asked for a better offer.,938.43,1,0.6080333333333333,Cross-sell
15129,18,46538.0,28,3,132.83,8.8,4,13,0.661,139,1.8,Web,Apparel,Negative,Returns,"The customer asked about returns, refunds, or the return process.",398.49,1,0.6078,Engagement reminder
12398,56,58731.0,49,7,69.3,2.08,4,18,0.668,170,3.6,Web,Electronics,Neutral,Price,The customer said the price was high and asked for a better offer.,485.1,0,0.6077888888888888,Cross-sell
10973,21,46895.0,29,7,113.68,29.88,1,15,0.397,178,3.3,Store,Home,Neutral,Support,The customer described a slow or unsatisfactory support experience.,795.76,0,0.6076833333333334,Cross-sell
12079,41,84259.0,67,7,29.14,13.92,4,14,0.566,154,3.2,Mobile,Sports,Neutral,Price,The customer said the price was high and asked for a better offer.,203.97,0,0.6076333333333334,Cross-sell
13850,33,91209.0,32,6,80.18,3.71,5,8,0.646,174,4.7,Email,Home,Positive,Price,The customer said the price was high and asked for a better offer.,481.08,0,0.6076055555555555,Cross-sell
12429,45,67871.0,9,5,58.9,17.04,3,7,0.468,166,3.7,Mobile,Sports,Neutral,Product Quality,The customer raised concerns about product quality and durability.,294.5,0,0.6073722222222222,Engagement reminder
15012,60,80215.0,16,6,91.11,15.02,2,12,0.492,157,2.3,Mobile,Home,Negative,Product Quality,The customer raised concerns about product quality and durability.,546.68,0,0.6072944444444446,Cross-sell
12198,67,84827.0,43,7,107.63,18.43,2,10,0.738,174,2.0,Mobile,Beauty,Negative,Delivery,The customer mentioned delayed delivery and tracking concerns.,753.44,1,0.6071222222222223,Cross-sell
13201,24,89228.0,70,4,111.91,37.41,2,7,0.511,162,2.5,Mobile,Home,Negative,Delivery,The customer mentioned delayed delivery and tracking concerns.,447.65,0,0.6071055555555556,Engagement reminder
12028,36,71313.0,51,4,100.1,9.58,0,12,0.408,176,2.4,Mobile,Home,Negative,Features,The customer discussed missing features and requested improvements.,400.39,0,0.6070111111111112,Engagement reminder
10502,40,84379.0,53,7,113.91,9.43,2,11,0.424,176,3.8,Mobile,Apparel,Neutral,Delivery,The customer mentioned delayed delivery and tracking concerns.,797.37,1,0.6068666666666668,Cross-sell
14599,19,45246.0,44,8,130.02,33.38,2,15,0.553,169,2.7,Web,Beauty,Neutral,Price,The customer said the price was high and asked for a better offer.,1040.15,0,0.6067611111111111,Cross-sell
15922,31,28024.0,70,2,111.34,5.26,4,11,0.669,173,3.8,Mobile,Apparel,Neutral,Support,The customer described a slow or unsatisfactory support experience.,222.68,0,0.6067555555555556,Engagement reminder
12406,69,74983.0,7,5,161.25,30.57,3,10,0.256,150,3.9,Web,Home,Neutral,Product Quality,The customer raised concerns about product quality and durability.,806.25,0,0.6067166666666667,Engagement reminder
11397,61,53506.0,69,8,73.83,27.85,3,17,0.466,152,2.9,Web,Home,Neutral,Product Quality,The customer raised concerns about product quality and durability.,590.65,1,0.6066611111111111,Cross-sell
13993,40,45540.0,9,6,155.62,32.98,0,10,0.269,170,2.8,Email,Beauty,Neutral,Features,The customer discussed missing features and requested improvements.,933.74,0,0.6064777777777778,Cross-sell
14107,56,67129.0,22,6,102.43,19.61,0,7,0.535,172,1.5,Mobile,Apparel,Negative,Price,The customer said the price was high and asked for a better offer.,614.56,0,0.6064722222222222,Cross-sell
13777,56,54421.0,68,10,108.08,14.9,2,14,0.55,177,3.2,Web,Sports,Neutral,Product Quality,The customer raised concerns about product quality and durability.,1080.78,0,0.6063888888888889,Cross-sell
12409,66,61139.0,51,4,87.44,8.2,3,14,0.539,177,4.0,Mobile,Sports,Neutral,Returns,"The customer asked about returns, refunds, or the return process.",349.74,0,0.6063666666666666,Engagement reminder
10839,69,79094.0,56,6,72.67,23.88,2,9,0.65,164,1.9,Store,Home,Negative,Features,The customer discussed missing features and requested improvements.,436.03,0,0.6062500000000001,Cross-sell
15880,60,65329.0,34,6,52.56,15.48,5,11,0.803,174,3.9,Mobile,Sports,Neutral,Availability,The customer mentioned stock availability and product access.,315.38,0,0.6062055555555556,Cross-sell
14457,26,71138.0,15,8,76.16,34.99,4,7,0.664,179,4.2,Web,Home,Positive,Returns,"The customer asked about returns, refunds, or the return process.",609.29,0,0.606088888888889,Cross-sell
11496,26,65323.0,16,7,77.04,17.24,3,7,0.535,163,3.2,Web,Apparel,Neutral,Features,The customer discussed missing features and requested improvements.,539.25,0,0.6060555555555556,Cross-sell
10716,66,98366.0,20,4,92.17,12.93,5,7,0.721,158,3.4,Email,Electronics,Neutral,Product Quality,The customer raised concerns about product quality and durability.,368.7,1,0.6058000000000001,Engagement reminder
12862,19,45565.0,71,5,69.15,25.67,3,9,0.52,148,2.4,Store,Sports,Negative,Features,The customer discussed missing features and requested improvements.,345.73,0,0.6057222222222223,Engagement reminder
10829,39,68975.0,7,5,104.21,8.96,2,5,0.298,154,3.2,Store,Beauty,Neutral,Price,The customer said the price was high and asked for a better offer.,521.06,0,0.6056777777777778,Engagement reminder
11412,30,55751.0,68,7,56.21,22.06,1,3,0.495,169,2.3,Store,Apparel,Negative,Delivery,The customer mentioned delayed delivery and tracking concerns.,393.46,0,0.6055833333333334,Cross-sell
17556,40,63937.0,59,5,78.39,17.21,4,14,0.701,177,3.9,Email,Home,Neutral,Product Quality,The customer raised concerns about product quality and durability.,391.96,0,0.6054944444444444,Engagement reminder
12280,59,47886.0,14,6,88.49,28.92,3,8,0.278,148,3.7,Email,Electronics,Neutral,Availability,The customer mentioned stock availability and product access.,530.94,0,0.6053722222222222,Cross-sell
11052,27,76027.0,42,8,83.71,19.71,1,13,0.414,170,2.8,Email,Electronics,Neutral,Price,The customer said the price was high and asked for a better offer.,669.68,0,0.6052555555555557,Cross-sell
11879,44,37416.0,8,7,99.54,15.4,4,9,0.296,137,3.7,Mobile,Home,Neutral,Product Quality,The customer raised concerns about product quality and durability.,696.75,0,0.6051055555555556,Cross-sell
14013,46,93370.0,37,5,101.85,13.08,3,10,0.678,167,2.7,Web,Beauty,Neutral,Features,The customer discussed missing features and requested improvements.,509.26,0,0.6050944444444444,Engagement reminder
14027,49,82670.0,31,5,107.31,3.26,2,3,0.337,169,3.9,Web,Beauty,Neutral,Delivery,The customer mentioned delayed delivery and tracking concerns.,536.55,1,0.6049611111111112,Engagement reminder
17600,42,62108.0,43,2,86.5,11.84,3,13,0.524,175,4.0,Email,Electronics,Positive,Price,The customer said the price was high and asked for a better offer.,172.99,1,0.6049222222222223,Engagement reminder
15941,53,54751.0,62,6,72.45,25.57,7,11,0.491,95,2.4,Mobile,Beauty,Negative,Availability,The customer mentioned stock availability and product access.,434.71,0,0.6048555555555556,Cross-sell
13742,31,40544.0,34,8,37.36,33.19,1,19,0.321,180,3.9,Email,Apparel,Neutral,Returns,"The customer asked about returns, refunds, or the return process.",298.88,0,0.6048277777777779,Cross-sell
17183,43,62110.0,43,7,84.47,6.45,5,17,0.219,109,3.2,Web,Apparel,Neutral,Availability,The customer mentioned stock availability and product access.,591.28,0,0.6048111111111111,Cross-sell
17177,27,83064.0,37,4,128.37,22.92,1,9,0.558,176,2.4,Web,Electronics,Negative,Product Quality,The customer raised concerns about product quality and durability.,513.47,1,0.6047888888888889,Engagement reminder
12188,63,66092.0,62,8,120.45,33.74,1,11,0.233,167,3.6,Web,Sports,Neutral,Product Quality,The customer raised concerns about product quality and durability.,963.59,0,0.6047888888888889,Cross-sell
16894,35,39995.0,45,8,100.84,33.33,3,12,0.524,163,3.3,Web,Sports,Neutral,Price,The customer said the price was high and asked for a better offer.,806.71,0,0.6045055555555555,Cross-sell
12674,33,60258.0,49,8,141.84,22.76,2,9,0.568,171,2.8,Web,Home,Neutral,Availability,The customer mentioned stock availability and product access.,1134.75,0,0.6044555555555556,Cross-sell
16608,44,40144.0,54,5,138.49,37.59,4,7,0.473,134,2.6,Email,Beauty,Neutral,Delivery,The customer mentioned delayed delivery and tracking concerns.,692.45,0,0.6042888888888889,Engagement reminder
17309,47,70350.0,69,7,71.26,5.57,2,5,0.437,176,3.8,Mobile,Beauty,Neutral,Product Quality,The customer raised concerns about product quality and durability.,498.81,0,0.6042666666666667,Cross-sell
17195,63,66948.0,51,10,102.29,21.54,4,12,0.353,140,3.6,Mobile,Home,Neutral,Availability,The customer mentioned stock availability and product access.,1022.91,0,0.6041222222222222,Cross-sell
17850,28,72685.0,68,8,101.46,21.48,4,11,0.601,164,3.7,Mobile,Home,Neutral,Price,The customer said the price was high and asked for a better offer.,811.66,0,0.6041055555555556,Cross-sell
12782,58,69467.0,56,7,59.85,29.27,2,8,0.45,172,3.5,Mobile,Electronics,Neutral,Availability,The customer mentioned stock availability and product access.,418.92,1,0.6040277777777778,Cross-sell
13930,65,135756.0,42,8,95.71,1.05,2,6,0.432,167,3.3,Web,Beauty,Neutral,Price,The customer said the price was high and asked for a better offer.,765.66,1,0.6040166666666668,Cross-sell
17760,68,98777.0,23,6,84.35,28.42,1,9,0.525,176,2.6,Email,Electronics,Neutral,Support,The customer described a slow or unsatisfactory support experience.,506.12,0,0.6038888888888889,Cross-sell
10953,47,97452.0,57,4,60.92,26.68,3,7,0.582,173,3.6,Mobile,Beauty,Neutral,Delivery,The customer mentioned delayed delivery and tracking concerns.,243.68,1,0.6038777777777777,Engagement reminder
17931,47,65640.0,5,5,119.91,17.32,4,11,0.482,165,4.4,Web,Apparel,Positive,Price,The customer said the price was high and asked for a better offer.,599.55,1,0.6038777777777777,Engagement reminder
11264,67,66095.0,72,6,74.63,9.38,3,7,0.373,144,3.0,Web,Sports,Neutral,Price,The customer said the price was high and asked for a better offer.,447.76,0,0.6037333333333333,Cross-sell
12084,49,73309.0,45,3,130.28,12.55,2,12,0.139,154,4.1,Mobile,Apparel,Positive,Features,The customer discussed missing features and requested improvements.,390.84,0,0.6037277777777779,Engagement reminder
12208,38,64473.0,13,10,76.63,14.66,4,12,0.324,122,2.7,Email,Home,Neutral,Price,The customer said the price was high and asked for a better offer.,766.3,0,0.6036722222222222,Cross-sell
10272,59,63938.0,26,6,87.46,24.47,1,10,0.381,173,3.2,Email,Beauty,Neutral,Returns,"The customer asked about returns, refunds, or the return process.",524.74,1,0.6035222222222223,Cross-sell
15190,29,87674.0,31,5,92.14,27.69,3,7,0.477,160,3.4,Store,Electronics,Neutral,Delivery,The customer mentioned delayed delivery and tracking concerns.,460.72,0,0.603488888888889,Engagement reminder
15962,28,61803.0,53,5,146.04,8.41,4,8,0.719,176,3.8,Store,Beauty,Neutral,Product Quality,The customer raised concerns about product quality and durability.,730.2,0,0.6034222222222223,Engagement reminder
17898,44,63687.0,62,5,51.86,12.88,2,14,0.454,172,3.5,Web,Beauty,Neutral,Support,The customer described a slow or unsatisfactory support experience.,259.29,1,0.6032277777777778,Engagement reminder
11489,30,48528.0,14,6,33.83,14.76,4,10,0.548,174,4.6,Web,Electronics,Positive,Delivery,The customer mentioned delayed delivery and tracking concerns.,202.96,0,0.6031777777777778,Cross-sell
15386,33,48553.0,68,4,68.31,6.63,1,8,0.498,180,3.0,Email,Home,Neutral,Price,The customer said the price was high and asked for a better offer.,273.23,0,0.6031777777777778,Engagement reminder
17130,68,70284.0,47,4,68.79,23.56,0,9,0.383,172,2.4,Store,Electronics,Negative,Availability,The customer mentioned stock availability and product access.,275.15,0,0.6031222222222222,Engagement reminder
14101,62,90768.0,53,8,68.07,16.63,4,10,0.256,146,4.5,Email,Sports,Positive,Product Quality,The customer raised concerns about product quality and durability.,544.54,0,0.6031055555555557,Cross-sell
11227,44,30280.0,43,4,97.26,32.08,2,11,0.356,158,3.2,Mobile,Electronics,Neutral,Delivery,The customer mentioned delayed delivery and tracking concerns.,389.03,0,0.6029666666666668,Engagement reminder
15396,55,56413.0,18,6,133.86,27.89,2,17,0.495,135,1.1,Email,Sports,Negative,Availability,The customer mentioned stock availability and product access.,803.19,0,0.6028055555555556,Cross-sell
16102,25,94727.0,65,8,105.44,26.08,5,11,0.154,97,2.9,Web,Electronics,Neutral,Delivery,The customer mentioned delayed delivery and tracking concerns.,843.54,0,0.6023944444444445,Cross-sell
15966,65,96111.0,13,5,51.44,32.21,3,12,0.408,138,2.5,Web,Home,Negative,Returns,"The customer asked about returns, refunds, or the return process.",257.2,0,0.6021500000000001,Engagement reminder
17077,37,63161.0,71,2,86.51,7.71,4,8,0.334,134,3.4,Store,Beauty,Neutral,Delivery,The customer mentioned delayed delivery and tracking concerns.,173.03,0,0.6020888888888889,Engagement reminder
12751,31,101570.0,51,7,139.87,33.82,3,12,0.441,173,4.4,Email,Home,Positive,Returns,"The customer asked about returns, refunds, or the return process.",979.06,0,0.6020777777777777,Cross-sell
13223,19,68530.0,20,7,103.11,6.58,3,9,0.594,180,4.0,Mobile,Home,Positive,Delivery,The customer mentioned delayed delivery and tracking concerns.,721.75,0,0.6020333333333333,Cross-sell
10838,45,57433.0,58,5,121.54,37.16,2,12,0.539,174,3.2,Email,Apparel,Neutral,Price,The customer said the price was high and asked for a better offer.,607.72,1,0.6019222222222224,Engagement reminder
11822,32,55937.0,62,5,106.17,3.99,3,8,0.539,175,4.0,Web,Home,Neutral,Product Quality,The customer raised concerns about product quality and durability.,530.84,0,0.6019222222222221,Engagement reminder
13729,47,67733.0,70,8,123.95,1.38,2,8,0.353,164,3.6,Mobile,Electronics,Neutral,Price,The customer said the price was high and asked for a better offer.,991.61,0,0.6019000000000001,Cross-sell
13861,59,67758.0,6,4,96.27,26.15,1,9,0.588,179,2.5,Web,Home,Negative,Returns,"The customer asked about returns, refunds, or the return process.",385.09,0,0.6017055555555556,Engagement reminder
12700,27,88879.0,70,6,65.58,22.11,3,15,0.47,167,3.9,Store,Home,Neutral,Product Quality,The customer raised concerns about product quality and durability.,393.46,1,0.6016944444444445,Cross-sell
14572,20,60799.0,8,5,123.33,33.32,2,7,0.765,179,2.3,Mobile,Home,Negative,Support,The customer described a slow or unsatisfactory support experience.,616.66,1,0.6015833333333334,Engagement reminder
16417,47,56659.0,71,4,82.33,20.31,4,16,0.706,174,3.8,Store,Sports,Neutral,Product Quality,The customer raised concerns about product quality and durability.,329.31,0,0.6015777777777779,Engagement reminder
10926,59,74876.0,69,1,86.76,30.68,2,8,0.643,168,2.3,Email,Beauty,Negative,Support,The customer described a slow or unsatisfactory support experience.,86.76,1,0.6015388888888888,Engagement reminder
12695,28,62505.0,48,8,119.38,26.24,1,10,0.476,157,1.8,Email,Apparel,Negative,Features,The customer discussed missing features and requested improvements.,955.05,1,0.6014666666666667,Cross-sell
11989,20,65991.0,68,7,66.41,4.96,3,9,0.71,180,3.4,Store,Apparel,Neutral,Delivery,The customer mentioned delayed delivery and tracking concerns.,464.86,1,0.6013333333333333,Cross-sell
14759,22,74298.0,39,8,89.71,10.08,2,13,0.406,160,3.1,Store,Electronics,Neutral,Product Quality,The customer raised concerns about product quality and durability.,717.7,0,0.6011611111111111,Cross-sell
13723,69,101357.0,5,6,110.81,38.07,3,9,0.395,160,3.9,Web,Electronics,Neutral,Product Quality,The customer raised concerns about product quality and durability.,664.87,0,0.6011388888888889,Cross-sell
10162,35,53568.0,13,4,92.17,5.89,3,9,0.598,158,2.7,Email,Electronics,Neutral,Price,The customer said the price was high and asked for a better offer.,368.68,1,0.6010944444444444,Engagement reminder
16884,59,71371.0,28,10,93.64,38.92,1,2,0.404,179,3.5,Mobile,Electronics,Neutral,Returns,"The customer asked about returns, refunds, or the return process.",936.43,0,0.6010055555555556,Cross-sell
17432,30,75313.0,7,8,90.25,37.77,2,7,0.42,173,3.8,Web,Sports,Neutral,Product Quality,The customer raised concerns about product quality and durability.,722.04,0,0.6010000000000001,Cross-sell
15709,30,82178.0,36,7,81.26,16.41,2,9,0.577,177,3.2,Email,Beauty,Neutral,Availability,The customer mentioned stock availability and product access.,568.83,1,0.6009888888888889,Cross-sell
15018,34,59736.0,19,2,131.36,8.95,3,14,0.464,156,3.3,Mobile,Apparel,Neutral,Returns,"The customer asked about returns, refunds, or the return process.",262.72,0,0.60095,Engagement reminder
10569,47,72540.0,17,8,107.34,18.46,5,11,0.637,155,3.8,Mobile,Electronics,Neutral,Product Quality,The customer raised concerns about product quality and durability.,858.73,0,0.6009333333333334,Cross-sell
17398,57,83523.0,46,7,73.96,23.09,3,7,0.613,166,3.1,Mobile,Electronics,Neutral,Returns,"The customer asked about returns, refunds, or the return process.",517.72,1,0.6008722222222223,Cross-sell
10068,36,90000.0,22,3,62.58,16.16,0,4,0.278,175,3.2,Email,Sports,Neutral,Delivery,The customer mentioned delayed delivery and tracking concerns.,187.73,0,0.6007888888888889,Engagement reminder
17601,21,74581.0,40,4,118.67,6.0,4,9,0.435,156,4.2,Email,Home,Positive,Price,The customer said the price was high and asked for a better offer.,474.7,1,0.6007777777777779,Engagement reminder
10907,37,68659.0,19,4,89.23,37.3,3,10,0.37,166,4.4,Mobile,Beauty,Positive,Price,The customer said the price was high and asked for a better offer.,356.9,0,0.6007222222222222,Engagement reminder
16957,24,63101.0,26,2,105.17,25.11,3,8,0.442,142,2.6,Web,Apparel,Neutral,Delivery,The customer mentioned delayed delivery and tracking concerns.,210.34,1,0.6004888888888888,Engagement reminder
16381,49,86565.0,2,4,76.68,36.6,1,5,0.433,178,3.3,Mobile,Sports,Neutral,Price,The customer said the price was high and asked for a better offer.,306.72,1,0.6004833333333334,Engagement reminder
14539,59,71769.0,34,8,92.74,19.69,3,12,0.558,171,3.7,Web,Sports,Neutral,Support,The customer described a slow or unsatisfactory support experience.,741.88,0,0.6004833333333333,Cross-sell
12845,28,60658.0,13,7,115.98,39.85,3,10,0.559,171,3.7,Store,Electronics,Neutral,Features,The customer discussed missing features and requested improvements.,811.87,1,0.6002833333333333,Cross-sell
13888,56,67649.0,15,3,101.99,21.68,4,6,0.722,163,3.1,Mobile,Beauty,Neutral,Product Quality,The customer raised concerns about product quality and durability.,305.96,0,0.6001833333333334,Engagement reminder
12977,40,63108.0,66,5,82.55,1.59,2,13,0.727,153,1.0,Web,Electronics,Negative,Support,The customer described a slow or unsatisfactory support experience.,412.77,0,0.6001555555555556,Engagement reminder
14158,54,36584.0,9,6,84.16,23.56,5,12,0.459,142,4.0,Store,Beauty,Positive,Delivery,The customer mentioned delayed delivery and tracking concerns.,504.98,0,0.6001444444444445,Cross-sell
10679,21,71958.0,23,7,91.37,4.89,4,7,0.241,145,4.6,Web,Electronics,Positive,Features,The customer discussed missing features and requested improvements.,639.59,1,0.6001333333333334,Cross-sell
12923,52,61804.0,72,3,133.98,15.57,5,12,0.598,151,3.8,Email,Electronics,Neutral,Delivery,The customer mentioned delayed delivery and tracking concerns.,401.94,1,0.5998444444444445,Engagement reminder
11701,25,59652.0,56,3,104.48,9.93,2,10,0.419,169,3.6,Web,Sports,Neutral,Availability,The customer mentioned stock availability and product access.,313.45,0,0.5998111111111111,Engagement reminder
12207,24,75815.0,51,4,105.79,33.5,4,7,0.779,146,1.8,Web,Apparel,Negative,Support,The customer described a slow or unsatisfactory support experience.,423.15,1,0.5997555555555556,Engagement reminder
13851,52,76598.0,57,5,86.46,6.91,3,4,0.657,161,2.6,Mobile,Home,Neutral,Delivery,The customer mentioned delayed delivery and tracking concerns.,432.28,0,0.5997111111111111,Engagement reminder
11505,37,62027.0,23,7,104.85,27.55,3,10,0.452,156,3.4,Store,Apparel,Neutral,Price,The customer said the price was high and asked for a better offer.,733.94,1,0.5995999999999999,Cross-sell
15387,29,60364.0,29,6,136.54,39.72,3,6,0.541,164,3.4,Store,Apparel,Neutral,Features,The customer discussed missing features and requested improvements.,819.27,1,0.5995777777777778,Cross-sell
10522,31,61550.0,11,6,58.15,3.54,2,8,0.493,167,3.1,Mobile,Electronics,Neutral,Price,The customer said the price was high and asked for a better offer.,348.92,0,0.5993166666666668,Cross-sell
16474,40,45266.0,10,9,87.22,1.37,1,18,0.634,177,2.2,Web,Electronics,Negative,Returns,"The customer asked about returns, refunds, or the return process.",784.99,0,0.5993111111111111,Cross-sell
12107,29,88275.0,64,2,90.58,27.07,2,7,0.391,151,2.7,Email,Home,Neutral,Features,The customer discussed missing features and requested improvements.,181.16,0,0.5991611111111113,Engagement reminder
15287,58,90415.0,48,4,92.79,11.05,2,10,0.25,150,3.4,Email,Sports,Neutral,Product Quality,The customer raised concerns about product quality and durability.,371.16,1,0.598888888888889,Engagement reminder
14787,66,90365.0,30,9,108.06,4.43,2,8,0.555,169,2.9,Email,Electronics,Neutral,Product Quality,The customer raised concerns about product quality and durability.,972.52,0,0.5988611111111111,Cross-sell
15659,67,38396.0,67,5,149.35,2.35,2,10,0.471,180,4.0,Web,Home,Neutral,Product Quality,The customer raised concerns about product quality and durability.,746.75,0,0.5988555555555556,Engagement reminder
15700,40,64746.0,68,6,65.64,3.3,4,11,0.864,165,2.5,Mobile,Apparel,Neutral,Product Quality,The customer raised concerns about product quality and durability.,393.86,1,0.5987277777777777,Cross-sell
11564,34,93610.0,16,3,71.22,10.33,5,7,0.663,163,4.2,Web,Apparel,Positive,Support,The customer described a slow or unsatisfactory support experience.,213.67,1,0.5985111111111111,Engagement reminder
17307,38,51622.0,43,7,31.41,7.49,3,12,0.168,135,3.7,Email,Apparel,Neutral,Returns,"The customer asked about returns, refunds, or the return process.",219.87,0,0.5984833333333334,Cross-sell
10435,28,65831.0,56,11,80.39,9.86,4,13,0.671,161,3.3,Email,Beauty,Neutral,Availability,The customer mentioned stock availability and product access.,884.27,0,0.5984388888888889,Cross-sell
10813,23,36865.0,49,9,112.6,21.32,2,9,0.125,152,4.2,Email,Home,Positive,Features,The customer discussed missing features and requested improvements.,1013.38,0,0.5983333333333334,Cross-sell
10077,20,88795.0,44,4,109.0,37.27,2,8,0.339,178,4.6,Web,Beauty,Positive,Product Quality,The customer raised concerns about product quality and durability.,436.01,1,0.5983111111111111,Engagement reminder
10854,53,57864.0,29,3,49.24,31.61,3,13,0.864,179,2.6,Mobile,Sports,Neutral,Returns,"The customer asked about returns, refunds, or the return process.",147.73,1,0.5983111111111111,Engagement reminder
17198,41,56477.0,19,4,80.93,14.02,2,8,0.562,166,2.7,Mobile,Electronics,Neutral,Availability,The customer mentioned stock availability and product access.,323.74,1,0.5982944444444445,Engagement reminder
17631,43,36810.0,39,5,86.2,22.47,5,12,0.572,153,4.1,Email,Apparel,Positive,Price,The customer said the price was high and asked for a better offer.,431.02,0,0.598238888888889,Engagement reminder
15883,53,59741.0,10,8,130.2,6.46,3,5,0.538,180,4.4,Email,Apparel,Positive,Price,The customer said the price was high and asked for a better offer.,1041.58,1,0.5982333333333333,Cross-sell
10446,61,35996.0,55,5,93.76,3.17,2,11,0.404,172,3.9,Web,Apparel,Neutral,Delivery,The customer mentioned delayed delivery and tracking concerns.,468.81,0,0.5982277777777778,Engagement reminder
15349,69,76433.0,67,8,24.14,13.79,3,9,0.423,146,3.0,Web,Home,Neutral,Returns,"The customer asked about returns, refunds, or the return process.",193.09,0,0.5981777777777777,Cross-sell
10896,56,60326.0,58,6,104.44,33.22,3,12,0.644,176,3.6,Mobile,Sports,Neutral,Returns,"The customer asked about returns, refunds, or the return process.",626.65,1,0.5981444444444445,Cross-sell
11936,52,34780.0,1,4,116.04,29.57,2,10,0.326,170,4.2,Web,Home,Positive,Product Quality,The customer raised concerns about product quality and durability.,464.14,1,0.5981333333333334,Engagement reminder
16318,69,53271.0,4,10,47.99,30.99,3,10,0.559,170,3.7,Store,Home,Neutral,Price,The customer said the price was high and asked for a better offer.,479.87,1,0.598061111111111,Cross-sell
12431,28,42802.0,41,6,127.81,30.77,5,9,0.737,161,3.7,Email,Electronics,Neutral,Product Quality,The customer raised concerns about product quality and durability.,766.88,0,0.5980166666666666,Cross-sell
15187,24,73863.0,53,7,105.32,37.01,3,11,0.641,179,3.8,Mobile,Home,Neutral,Product Quality,The customer raised concerns about product quality and durability.,737.27,0,0.5979111111111112,Cross-sell
13683,35,23572.0,52,5,71.63,20.94,2,12,0.605,168,2.6,Mobile,Beauty,Neutral,Product Quality,The customer raised concerns about product quality and durability.,358.15,0,0.5978888888888888,Engagement reminder
16688,62,79187.0,67,6,155.12,17.73,2,13,0.398,178,4.3,Web,Home,Positive,Availability,The customer mentioned stock availability and product access.,930.7,0,0.5977611111111111,Cross-sell
10399,55,85908.0,8,8,112.64,32.7,3,14,0.563,155,2.8,Mobile,Electronics,Neutral,Returns,"The customer asked about returns, refunds, or the return process.",901.11,1,0.5976777777777779,Cross-sell
10971,22,106230.0,45,4,85.66,7.23,2,11,0.557,172,3.1,Mobile,Electronics,Neutral,Availability,The customer mentioned stock availability and product access.,342.63,1,0.5976277777777779,Engagement reminder
14153,19,64999.0,56,5,112.35,39.58,4,9,0.68,180,4.4,Email,Electronics,Positive,Support,The customer described a slow or unsatisfactory support experience.,561.77,0,0.597611111111111,Engagement reminder
16685,50,74995.0,25,7,96.64,25.97,3,10,0.612,156,2.6,Mobile,Electronics,Neutral,Availability,The customer mentioned stock availability and product access.,676.45,0,0.5976,Cross-sell
14506,66,70756.0,26,6,73.19,31.4,1,9,0.315,161,3.0,Email,Home,Neutral,Support,The customer described a slow or unsatisfactory support experience.,439.13,1,0.5975555555555556,Cross-sell
11879,42,67192.0,68,3,143.89,15.06,2,7,0.588,168,2.7,Web,Sports,Neutral,Returns,"The customer asked about returns, refunds, or the return process.",431.67,1,0.5975388888888888,Engagement reminder
10551,22,81932.0,36,4,85.12,30.27,1,10,0.658,180,2.3,Web,Beauty,Negative,Support,The customer described a slow or unsatisfactory support experience.,340.48,0,0.5974277777777779,Engagement reminder
13407,37,42918.0,58,6,101.27,18.87,3,10,0.213,147,4.2,Email,Home,Positive,Availability,The customer mentioned stock availability and product access.,607.64,0,0.5974,Cross-sell
15901,30,83690.0,27,5,156.63,4.67,2,13,0.45,169,3.5,Email,Sports,Neutral,Price,The customer said the price was high and asked for a better offer.,783.15,0,0.5973611111111111,Engagement reminder
10158,57,37082.0,26,5,67.75,29.65,3,15,0.763,161,2.1,Mobile,Home,Negative,Support,The customer described a slow or unsatisfactory support experience.,338.74,0,0.5972611111111111,Engagement reminder
16311,32,61019.0,13,4,85.13,19.92,3,12,0.473,145,2.7,Email,Beauty,Neutral,Price,The customer said the price was high and asked for a better offer.,340.51,1,0.5972055555555555,Engagement reminder
16445,64,33005.0,1,3,75.63,17.45,2,11,0.387,170,3.9,Email,Sports,Neutral,Delivery,The customer mentioned delayed delivery and tracking concerns.,226.9,1,0.5971833333333334,Engagement reminder
11302,68,74141.0,48,7,96.21,24.99,3,9,0.756,162,2.2,Mobile,Beauty,Negative,Product Quality,The customer raised concerns about product quality and durability.,673.5,0,0.5971333333333334,Cross-sell
13904,35,67438.0,26,6,87.44,23.0,1,9,0.472,158,2.0,Store,Home,Negative,Product Quality,The customer raised concerns about product quality and durability.,524.64,1,0.596988888888889,Cross-sell
10509,69,63375.0,28,7,108.73,38.91,2,13,0.352,160,3.5,Email,Home,Neutral,Delivery,The customer mentioned delayed delivery and tracking concerns.,761.13,1,0.5969611111111112,Cross-sell
11324,60,71112.0,34,5,103.08,31.42,3,7,0.753,175,3.0,Email,Electronics,Neutral,Delivery,The customer mentioned delayed delivery and tracking concerns.,515.41,0,0.5966222222222222,Engagement reminder
12422,24,65453.0,55,7,107.43,4.15,3,9,0.441,157,3.6,Email,Apparel,Neutral,Delivery,The customer mentioned delayed delivery and tracking concerns.,752.0,1,0.5965222222222222,Cross-sell
11785,62,43283.0,7,8,89.57,31.81,1,9,0.382,175,3.5,Web,Apparel,Neutral,Features,The customer discussed missing features and requested improvements.,716.59,0,0.5965166666666667,Cross-sell
15608,47,81542.0,21,2,51.71,30.64,2,8,0.652,180,3.1,Mobile,Sports,Neutral,Delivery,The customer mentioned delayed delivery and tracking concerns.,103.41,1,0.5964055555555556,Engagement reminder
14010,40,58602.0,69,7,147.19,35.92,2,14,0.489,167,3.2,Mobile,Electronics,Neutral,Delivery,The customer mentioned delayed delivery and tracking concerns.,1030.33,0,0.5963666666666668,Cross-sell
16573,29,107047.0,16,2,59.53,5.16,0,15,0.19,160,2.9,Web,Beauty,Neutral,Returns,"The customer asked about returns, refunds, or the return process.",119.06,0,0.5963055555555555,Engagement reminder
13540,60,72806.0,57,8,74.98,1.18,1,11,0.395,171,3.2,Email,Sports,Neutral,Product Quality,The customer raised concerns about product quality and durability.,599.86,0,0.5962777777777778,Cross-sell
17640,19,93044.0,63,4,91.74,23.86,2,9,0.65,173,2.7,Mobile,Home,Neutral,Delivery,The customer mentioned delayed delivery and tracking concerns.,366.94,1,0.59625,Engagement reminder
10193,27,54040.0,47,6,133.81,34.49,2,8,0.635,175,2.9,Web,Sports,Neutral,Returns,"The customer asked about returns, refunds, or the return process.",802.85,1,0.5961944444444444,Cross-sell
12871,51,74407.0,1,5,100.26,29.67,3,9,0.758,160,2.1,Email,Sports,Negative,Features,The customer discussed missing features and requested improvements.,501.28,0,0.5960388888888889,Engagement reminder
10149,22,59137.0,45,8,60.89,10.4,3,12,0.735,168,2.7,Web,Beauty,Neutral,Features,The customer discussed missing features and requested improvements.,487.08,0,0.5959166666666667,Cross-sell
11153,27,55455.0,3,9,105.09,22.3,2,11,0.517,171,3.3,Mobile,Sports,Neutral,Delivery,The customer mentioned delayed delivery and tracking concerns.,945.82,1,0.5959055555555556,Cross-sell
12773,58,53786.0,72,7,104.54,36.6,1,15,0.501,160,2.0,Web,Electronics,Negative,Product Quality,The customer raised concerns about product quality and durability.,731.76,0,0.5956333333333333,Cross-sell
14639,26,88673.0,61,4,93.15,0.13,3,11,0.38,146,3.3,Mobile,Electronics,Neutral,Delivery,The customer mentioned delayed delivery and tracking concerns.,372.6,0,0.5955277777777778,Engagement reminder
12669,48,37722.0,2,4,102.33,29.9,4,8,0.766,180,4.0,Mobile,Home,Positive,Features,The customer discussed missing features and requested improvements.,409.31,0,0.595411111111111,Engagement reminder
17071,35,71874.0,9,5,64.52,29.15,3,10,0.446,162,3.9,Web,Sports,Neutral,Features,The customer discussed missing features and requested improvements.,322.59,1,0.5953833333333334,Engagement reminder
13842,32,62932.0,6,3,125.76,15.56,2,15,0.579,178,3.4,Web,Beauty,Neutral,Features,The customer discussed missing features and requested improvements.,377.29,0,0.5953111111111111,Engagement reminder
14424,22,79050.0,37,8,87.01,1.04,5,2,0.689,147,3.2,Web,Electronics,Neutral,Product Quality,The customer raised concerns about product quality and durability.,696.11,0,0.5952555555555555,Cross-sell
15927,29,77118.0,30,6,148.01,39.3,3,9,0.344,146,3.5,Email,Home,Neutral,Delivery,The customer mentioned delayed delivery and tracking concerns.,888.09,0,0.5952277777777778,Cross-sell
11542,32,67426.0,10,5,28.01,11.23,3,9,0.481,160,3.6,Email,Apparel,Neutral,Product Quality,The customer raised concerns about product quality and durability.,140.05,1,0.5951888888888889,Engagement reminder
14056,54,72177.0,20,6,114.76,7.78,5,7,0.842,159,3.1,Mobile,Sports,Neutral,Returns,"The customer asked about returns, refunds, or the return process.",688.59,0,0.5950722222222222,Cross-sell
16410,57,63626.0,67,6,88.27,9.99,2,5,0.379,170,4.0,Mobile,Home,Neutral,Price,The customer said the price was high and asked for a better offer.,529.64,0,0.5950333333333333,Cross-sell
15421,45,72810.0,45,6,75.08,30.26,2,9,0.477,167,3.3,Email,Apparel,Neutral,Features,The customer discussed missing features and requested improvements.,450.47,1,0.5950166666666667,Cross-sell
11269,24,46320.0,31,5,111.83,37.83,2,12,0.311,152,3.3,Email,Apparel,Neutral,Returns,"The customer asked about returns, refunds, or the return process.",559.13,1,0.5948833333333333,Engagement reminder
14809,43,87564.0,50,3,83.08,8.8,2,16,0.366,162,3.6,Email,Home,Neutral,Price,The customer said the price was high and asked for a better offer.,249.23,1,0.5948555555555556,Engagement reminder
11599,32,64346.0,38,7,73.94,32.13,2,17,0.307,155,3.5,Store,Sports,Neutral,Support,The customer described a slow or unsatisfactory support experience.,517.55,1,0.5948500000000001,Cross-sell
16401,28,88272.0,8,5,80.38,29.86,3,14,0.728,177,3.3,Email,Electronics,Neutral,Support,The customer described a slow or unsatisfactory support experience.,401.92,1,0.5948166666666665,Engagement reminder
14996,34,55385.0,12,5,94.12,15.05,4,10,0.604,155,3.4,Email,Beauty,Neutral,Features,The customer discussed missing features and requested improvements.,470.59,1,0.5947555555555557,Engagement reminder
10435,68,56192.0,8,3,73.88,11.33,4,6,0.827,170,3.1,Email,Beauty,Neutral,Price,The customer said the price was high and asked for a better offer.,221.65,1,0.5947388888888889,Engagement reminder
13379,54,62703.0,27,4,43.94,23.46,3,9,0.408,165,4.3,Web,Electronics,Positive,Support,The customer described a slow or unsatisfactory support experience.,175.77,0,0.59465,Engagement reminder
14429,65,79179.0,61,3,48.59,26.14,1,14,0.438,164,2.6,Web,Apparel,Neutral,Product Quality,The customer raised concerns about product quality and durability.,145.76,0,0.5946222222222223,Engagement reminder
17355,19,71519.0,22,3,82.29,7.43,3,10,0.512,149,2.8,Email,Apparel,Neutral,Returns,"The customer asked about returns, refunds, or the return process.",246.86,1,0.5945444444444444,Engagement reminder
10212,30,22881.0,24,11,102.21,19.7,1,8,0.422,176,3.4,Mobile,Beauty,Neutral,Features,The customer discussed missing features and requested improvements.,1124.3,0,0.5944888888888888,Cross-sell
12921,68,78223.0,36,2,118.18,29.93,3,10,0.616,160,2.9,Web,Electronics,Neutral,Delivery,The customer mentioned delayed delivery and tracking concerns.,236.35,1,0.5944388888888889,Engagement reminder
14797,28,56277.0,23,4,76.56,20.77,2,8,0.69,169,2.3,Mobile,Beauty,Negative,Returns,"The customer asked about returns, refunds, or the return process.",306.26,1,0.5943611111111111,Engagement reminder
11295,58,105841.0,72,8,88.67,5.27,1,7,0.189,160,3.7,Store,Apparel,Neutral,Support,The customer described a slow or unsatisfactory support experience.,709.38,0,0.5942833333333334,Cross-sell
12841,54,18000.0,48,7,102.7,5.44,6,9,0.794,157,4.0,Web,Sports,Neutral,Availability,The customer mentioned stock availability and product access.,718.93,0,0.5942555555555555,Cross-sell
12638,62,72152.0,49,7,74.75,12.16,2,4,0.634,179,3.2,Store,Home,Neutral,Availability,The customer mentioned stock availability and product access.,523.23,1,0.5940333333333334,Cross-sell
17442,22,55377.0,1,5,128.19,26.2,1,8,0.198,159,3.6,Email,Sports,Neutral,Price,The customer said the price was high and asked for a better offer.,640.95,0,0.5940111111111112,Engagement reminder
11597,64,56099.0,14,7,83.44,24.99,3,9,0.837,178,2.8,Web,Home,Neutral,Returns,"The customer asked about returns, refunds, or the return process.",584.11,0,0.5939888888888889,Cross-sell
10949,49,69120.0,59,4,66.77,8.27,2,18,0.378,161,3.5,Email,Apparel,Neutral,Delivery,The customer mentioned delayed delivery and tracking concerns.,267.07,0,0.5939833333333334,Engagement reminder
16565,26,96282.0,20,5,90.12,12.43,1,10,0.56,173,2.5,Mobile,Apparel,Neutral,Product Quality,The customer raised concerns about product quality and durability.,450.58,1,0.5939722222222222,Engagement reminder
13631,62,85690.0,60,3,124.52,39.82,1,8,0.567,177,2.7,Mobile,Apparel,Neutral,Delivery,The customer mentioned delayed delivery and tracking concerns.,373.56,0,0.5939611111111112,Engagement reminder
15225,44,103864.0,25,9,113.55,0.68,2,9,0.599,164,2.5,Email,Beauty,Negative,Price,The customer said the price was high and asked for a better offer.,1021.92,0,0.5939500000000001,Cross-sell
12943,50,73641.0,14,6,66.86,3.86,3,7,0.756,169,2.7,Email,Beauty,Neutral,Delivery,The customer mentioned delayed delivery and tracking concerns.,401.17,0,0.5939388888888888,Cross-sell
12543,48,95031.0,26,5,57.27,9.89,3,11,0.595,168,3.5,Email,Sports,Neutral,Returns,"The customer asked about returns, refunds, or the return process.",286.36,0,0.5939166666666668,Engagement reminder
16044,22,93062.0,19,8,55.97,13.94,2,14,0.486,169,3.4,Web,Sports,Neutral,Returns,"The customer asked about returns, refunds, or the return process.",447.75,1,0.5939111111111111,Cross-sell
17378,49,55670.0,18,7,55.95,6.0,2,10,0.6,164,2.5,Mobile,Sports,Negative,Support,The customer described a slow or unsatisfactory support experience.,391.67,0,0.59375,Cross-sell
13436,28,80074.0,27,6,60.03,8.24,2,17,0.655,174,2.8,Email,Home,Neutral,Price,The customer said the price was high and asked for a better offer.,360.15,0,0.5937222222222223,Cross-sell
12731,45,82563.0,47,2,47.9,36.0,2,10,0.506,169,3.3,Mobile,Beauty,Neutral,Price,The customer said the price was high and asked for a better offer.,95.81,0,0.5936611111111111,Engagement reminder
10251,46,55145.0,66,16,118.49,5.82,1,9,0.261,151,2.8,Web,Apparel,Neutral,Support,The customer described a slow or unsatisfactory support experience.,1895.84,0,0.5936333333333335,Cross-sell
10472,51,62196.0,60,6,85.42,0.57,3,6,0.505,153,3.1,Store,Beauty,Neutral,Support,The customer described a slow or unsatisfactory support experience.,512.5,0,0.5935833333333334,Cross-sell
11645,69,66347.0,7,8,86.95,3.09,3,4,0.344,152,3.9,Email,Sports,Neutral,Availability,The customer mentioned stock availability and product access.,695.56,0,0.5935611111111111,Cross-sell
15455,52,67908.0,9,7,94.83,7.24,2,8,0.42,173,4.0,Email,Sports,Neutral,Support,The customer described a slow or unsatisfactory support experience.,663.82,0,0.5935,Cross-sell
17119,29,70199.0,29,6,85.77,23.93,2,11,0.652,177,3.0,Email,Apparel,Neutral,Support,The customer described a slow or unsatisfactory support experience.,514.63,0,0.5934888888888888,Cross-sell
12957,27,57326.0,48,5,94.58,29.43,2,12,0.589,173,3.1,Web,Home,Neutral,Availability,The customer mentioned stock availability and product access.,472.89,0,0.5934500000000001,Engagement reminder
10549,47,34447.0,66,10,75.12,26.7,3,7,0.564,165,3.5,Web,Sports,Neutral,Support,The customer described a slow or unsatisfactory support experience.,751.24,0,0.59345,Cross-sell
15623,27,30488.0,55,4,139.58,25.32,3,13,0.489,165,3.9,Store,Beauty,Neutral,Price,The customer said the price was high and asked for a better offer.,558.32,1,0.59345,Engagement reminder
11716,52,95687.0,49,4,66.26,18.84,4,2,0.635,169,4.1,Mobile,Apparel,Positive,Support,The customer described a slow or unsatisfactory support experience.,265.05,1,0.5934166666666667,Engagement reminder
10716,64,51523.0,72,5,60.35,23.63,3,8,0.533,174,4.2,Web,Electronics,Positive,Delivery,The customer mentioned delayed delivery and tracking concerns.,301.74,1,0.5934,Engagement reminder
13792,32,60140.0,10,6,49.18,13.31,2,12,0.618,157,2.0,Mobile,Beauty,Negative,Features,The customer discussed missing features and requested improvements.,295.06,0,0.5933444444444445,Cross-sell
14893,44,63018.0,19,6,92.02,19.96,2,10,0.314,160,3.8,Web,Apparel,Neutral,Product Quality,The customer raised concerns about product quality and durability.,552.1,0,0.5933111111111111,Cross-sell
15526,32,67497.0,62,7,67.8,3.26,6,8,0.582,134,3.8,Store,Sports,Neutral,Delivery,The customer mentioned delayed delivery and tracking concerns.,474.57,0,0.5930444444444445,Cross-sell
15073,55,46080.0,29,4,51.15,7.13,3,6,0.723,169,2.9,Mobile,Home,Neutral,Support,The customer described a slow or unsatisfactory support experience.,204.62,1,0.5930388888888889,Engagement reminder
17938,31,104548.0,15,6,102.61,2.57,5,9,0.749,175,4.6,Email,Beauty,Positive,Price,The customer said the price was high and asked for a better offer.,615.68,1,0.5929777777777778,Cross-sell
15511,20,50483.0,39,7,88.44,33.85,3,17,0.512,155,3.2,Email,Sports,Neutral,Product Quality,The customer raised concerns about product quality and durability.,619.1,0,0.5928777777777778,Cross-sell
15660,61,56611.0,70,4,60.15,15.4,2,4,0.374,177,4.5,Web,Electronics,Positive,Product Quality,The customer raised concerns about product quality and durability.,240.61,0,0.5928388888888889,Engagement reminder
15760,63,65710.0,68,9,143.63,16.88,1,6,0.36,173,3.6,Store,Sports,Neutral,Features,The customer discussed missing features and requested improvements.,1292.71,0,0.5927222222222223,Cross-sell
16614,47,78668.0,70,6,89.23,16.33,3,11,0.342,143,3.4,Email,Home,Neutral,Product Quality,The customer raised concerns about product quality and durability.,535.41,0,0.5927111111111112,Cross-sell
13222,48,77675.0,45,2,143.43,23.22,2,12,0.477,171,3.6,Web,Sports,Neutral,Support,The customer described a slow or unsatisfactory support experience.,286.86,1,0.5926555555555556,Engagement reminder
17720,63,58133.0,70,8,74.33,23.95,3,12,0.512,143,2.5,Email,Electronics,Neutral,Price,The customer said the price was high and asked for a better offer.,594.61,1,0.5924611111111111,Cross-sell
10053,41,60266.0,10,5,113.7,20.25,1,9,0.392,169,3.2,Email,Apparel,Neutral,Support,The customer described a slow or unsatisfactory support experience.,568.52,1,0.5924333333333334,Engagement reminder
13389,25,52064.0,43,6,121.81,18.37,1,12,0.534,175,2.8,Email,Home,Neutral,Product Quality,The customer raised concerns about product quality and durability.,730.87,0,0.5923666666666667,Cross-sell
13861,37,78804.0,2,9,91.14,14.36,2,14,0.541,180,3.8,Email,Sports,Neutral,Support,The customer described a slow or unsatisfactory support experience.,820.24,0,0.5923555555555556,Cross-sell
16625,54,71538.0,3,5,103.26,35.65,3,12,0.48,162,3.8,Web,Beauty,Neutral,Price,The customer said the price was high and asked for a better offer.,516.32,0,0.5923333333333334,Engagement reminder
17902,43,32999.0,70,6,39.93,22.35,3,8,0.487,166,4.0,Mobile,Sports,Positive,Availability,The customer mentioned stock availability and product access.,239.57,0,0.5923222222222222,Cross-sell
17418,21,64708.0,65,5,70.15,19.14,2,10,0.703,176,2.7,Mobile,Sports,Neutral,Delivery,The customer mentioned delayed delivery and tracking concerns.,350.76,0,0.5923166666666666,Engagement reminder
15824,24,75082.0,60,2,100.65,25.99,3,5,0.714,156,2.2,Email,Sports,Negative,Delivery,The customer mentioned delayed delivery and tracking concerns.,201.31,1,0.5922000000000001,Engagement reminder
11788,44,93716.0,19,4,107.61,10.0,5,3,0.755,165,4.0,Mobile,Sports,Neutral,Availability,The customer mentioned stock availability and product access.,430.44,0,0.5920555555555556,Engagement reminder
14274,64,79840.0,42,9,73.87,30.38,0,12,0.471,180,2.7,Web,Electronics,Neutral,Price,The customer said the price was high and asked for a better offer.,664.8,0,0.59205,Cross-sell
10246,68,49093.0,13,5,100.91,29.22,2,7,0.675,175,2.8,Email,Beauty,Neutral,Returns,"The customer asked about returns, refunds, or the return process.",504.53,0,0.5919444444444444,Engagement reminder
17214,68,31471.0,47,11,89.71,10.72,2,10,0.503,173,3.6,Web,Sports,Neutral,Features,The customer discussed missing features and requested improvements.,986.83,0,0.5919000000000001,Cross-sell
15673,68,90378.0,15,5,94.67,0.44,4,16,0.672,175,4.3,Mobile,Electronics,Positive,Delivery,The customer mentioned delayed delivery and tracking concerns.,473.33,0,0.59185,Engagement reminder
17940,37,53998.0,38,4,66.57,28.24,4,15,0.733,172,3.8,Web,Beauty,Neutral,Product Quality,The customer raised concerns about product quality and durability.,266.28,1,0.5917333333333333,Engagement reminder
17409,44,80417.0,62,5,63.27,4.12,3,11,0.608,180,4.2,Email,Home,Positive,Price,The customer said the price was high and asked for a better offer.,316.37,1,0.5917333333333333,Engagement reminder
10910,32,47899.0,3,9,77.27,8.55,2,6,0.456,167,3.5,Mobile,Home,Neutral,Product Quality,The customer raised concerns about product quality and durability.,695.47,0,0.5917166666666668,Cross-sell
11295,41,94820.0,8,4,126.5,16.16,4,15,0.679,157,3.2,Web,Apparel,Neutral,Delivery,The customer mentioned delayed delivery and tracking concerns.,506.0,1,0.5917,Engagement reminder
16822,36,55184.0,43,7,69.44,22.68,1,7,0.537,180,3.1,Mobile,Beauty,Neutral,Features,The customer discussed missing features and requested improvements.,486.08,1,0.5916277777777779,Cross-sell
10372,36,57059.0,21,4,57.72,33.32,2,13,0.553,174,3.4,Email,Electronics,Neutral,Price,The customer said the price was high and asked for a better offer.,230.88,1,0.5916222222222223,Engagement reminder
13269,56,83222.0,53,5,102.74,4.21,2,12,0.455,155,2.8,Mobile,Electronics,Neutral,Product Quality,The customer raised concerns about product quality and durability.,513.68,0,0.5915,Engagement reminder
15133,52,48408.0,26,3,106.54,19.69,1,13,0.463,180,3.5,Mobile,Beauty,Neutral,Returns,"The customer asked about returns, refunds, or the return process.",319.62,1,0.5914277777777778,Engagement reminder
16202,25,74161.0,15,5,81.03,3.95,3,7,0.568,161,3.3,Email,Beauty,Neutral,Support,The customer described a slow or unsatisfactory support experience.,405.13,1,0.5912611111111111,Engagement reminder
15173,43,62623.0,15,5,82.71,39.9,4,11,0.721,169,3.7,Email,Sports,Neutral,Product Quality,The customer raised concerns about product quality and durability.,413.56,0,0.5912166666666666,Engagement reminder
11833,23,84312.0,71,6,105.14,24.69,2,12,0.328,162,3.9,Web,Electronics,Neutral,Delivery,The customer mentioned delayed delivery and tracking concerns.,630.81,0,0.5912055555555555,Cross-sell
13095,40,34789.0,64,6,115.53,22.16,3,10,0.639,169,3.4,Email,Sports,Neutral,Features,The customer discussed missing features and requested improvements.,693.16,0,0.591088888888889,Cross-sell
12701,27,76711.0,34,6,105.54,25.8,4,12,0.789,175,3.7,Web,Home,Neutral,Returns,"The customer asked about returns, refunds, or the return process.",633.22,0,0.59095,Cross-sell
14266,47,61981.0,7,3,80.32,14.15,3,8,0.26,150,4.3,Mobile,Apparel,Positive,Delivery,The customer mentioned delayed delivery and tracking concerns.,240.96,0,0.5909166666666666,Engagement reminder
11178,62,102950.0,17,6,141.66,26.14,1,11,0.522,180,3.2,Email,Sports,Neutral,Delivery,The customer mentioned delayed delivery and tracking concerns.,849.97,0,0.5908777777777778,Cross-sell
14486,24,40886.0,40,6,73.47,13.92,2,7,0.53,180,3.9,Email,Beauty,Neutral,Delivery,The customer mentioned delayed delivery and tracking concerns.,440.81,0,0.5908055555555556,Cross-sell
11353,66,82963.0,43,7,100.9,27.0,3,14,0.237,131,3.3,Web,Beauty,Neutral,Features,The customer discussed missing features and requested improvements.,706.28,0,0.5907944444444444,Cross-sell
15973,39,84582.0,41,4,71.55,31.36,3,17,0.692,177,3.6,Mobile,Home,Neutral,Support,The customer described a slow or unsatisfactory support experience.,286.21,0,0.5907666666666667,Engagement reminder
11889,25,72298.0,54,2,97.71,9.37,1,7,0.572,176,2.7,Web,Beauty,Neutral,Returns,"The customer asked about returns, refunds, or the return process.",195.41,1,0.5907388888888889,Engagement reminder
12473,43,64203.0,60,6,88.28,6.66,2,9,0.413,161,3.4,Web,Apparel,Neutral,Price,The customer said the price was high and asked for a better offer.,529.67,0,0.5907333333333333,Cross-sell
14980,47,59934.0,67,4,79.53,4.32,4,11,0.6,173,4.6,Mobile,Electronics,Positive,Features,The customer discussed missing features and requested improvements.,318.14,0,0.5905555555555556,Engagement reminder
10682,26,37069.0,66,7,103.61,15.77,3,9,0.439,171,4.6,Web,Apparel,Positive,Product Quality,The customer raised concerns about product quality and durability.,725.25,1,0.5905333333333334,Cross-sell
10775,65,83693.0,60,5,55.35,37.22,2,7,0.476,175,3.9,Store,Home,Neutral,Availability,The customer mentioned stock availability and product access.,276.77,0,0.5904944444444444,Engagement reminder
13307,27,57604.0,71,7,72.64,23.88,3,15,0.788,172,2.8,Mobile,Electronics,Neutral,Product Quality,The customer raised concerns about product quality and durability.,508.47,0,0.5904555555555555,Cross-sell
10880,69,65640.0,62,8,178.03,38.14,2,5,0.679,173,2.7,Email,Apparel,Neutral,Returns,"The customer asked about returns, refunds, or the return process.",1424.21,0,0.5904500000000001,Cross-sell
14752,27,82778.0,56,7,83.44,23.33,2,11,0.284,156,3.8,Mobile,Home,Neutral,Product Quality,The customer raised concerns about product quality and durability.,584.06,0,0.5904222222222223,Cross-sell
14618,45,89787.0,62,5,91.68,30.87,1,10,0.409,173,3.4,Mobile,Sports,Neutral,Returns,"The customer asked about returns, refunds, or the return process.",458.4,0,0.5904222222222222,Engagement reminder
12366,58,58984.0,65,7,72.45,35.72,2,8,0.234,170,4.9,Mobile,Sports,Positive,Support,The customer described a slow or unsatisfactory support experience.,507.14,0,0.5902833333333334,Cross-sell
12090,68,88633.0,24,7,125.76,33.75,2,14,0.49,149,2.3,Web,Home,Negative,Availability,The customer mentioned stock availability and product access.,880.34,1,0.5899166666666666,Cross-sell
17760,31,63566.0,34,5,82.66,37.16,4,8,0.541,164,4.4,Mobile,Electronics,Positive,Features,The customer discussed missing features and requested improvements.,413.3,1,0.5898555555555556,Engagement reminder
15728,53,91126.0,48,5,43.3,18.35,2,11,0.264,159,4.1,Web,Apparel,Positive,Availability,The customer mentioned stock availability and product access.,216.51,0,0.5898388888888889,Engagement reminder
15792,68,38175.0,41,4,39.02,30.54,2,7,0.211,139,3.2,Web,Apparel,Neutral,Features,The customer discussed missing features and requested improvements.,156.08,1,0.5897444444444445,Engagement reminder
16680,25,18000.0,21,8,104.0,4.52,1,8,0.515,167,2.5,Store,Beauty,Negative,Delivery,The customer mentioned delayed delivery and tracking concerns.,831.97,0,0.5896388888888889,Cross-sell
15545,25,51552.0,1,6,125.21,27.19,4,8,0.681,163,3.6,Email,Home,Neutral,Price,The customer said the price was high and asked for a better offer.,751.26,0,0.5896333333333333,Cross-sell
13548,24,72369.0,70,6,58.19,27.39,4,6,0.695,171,4.0,Mobile,Home,Positive,Price,The customer said the price was high and asked for a better offer.,349.16,0,0.5896111111111111,Cross-sell
15514,51,53109.0,39,6,104.22,22.82,2,12,0.4,134,1.9,Web,Home,Negative,Returns,"The customer asked about returns, refunds, or the return process.",625.3,1,0.5895833333333333,Cross-sell
11449,53,64665.0,26,8,129.47,39.3,4,8,0.189,117,3.5,Mobile,Electronics,Neutral,Product Quality,The customer raised concerns about product quality and durability.,1035.77,0,0.5895611111111111,Cross-sell
17393,30,106629.0,10,5,126.68,12.07,3,8,0.687,176,3.6,Store,Beauty,Neutral,Price,The customer said the price was high and asked for a better offer.,633.38,0,0.5895444444444444,Engagement reminder
13031,29,75922.0,63,10,106.52,35.13,1,11,0.253,167,3.9,Email,Electronics,Neutral,Product Quality,The customer raised concerns about product quality and durability.,1065.17,0,0.589538888888889,Cross-sell
16655,52,66236.0,16,4,98.97,20.18,1,12,0.415,168,3.1,Web,Apparel,Neutral,Features,The customer discussed missing features and requested improvements.,395.89,0,0.5893611111111112,Engagement reminder
14504,60,68614.0,63,8,78.72,25.17,3,17,0.381,172,5.0,Email,Sports,Positive,Features,The customer discussed missing features and requested improvements.,629.79,0,0.5893555555555555,Cross-sell
10026,62,103099.0,39,10,106.73,36.97,3,9,0.577,166,3.6,Store,Beauty,Neutral,Product Quality,The customer raised concerns about product quality and durability.,1067.34,0,0.5893222222222223,Cross-sell
17937,65,46257.0,37,5,136.6,0.89,2,6,0.887,176,1.8,Email,Electronics,Negative,Delivery,The customer mentioned delayed delivery and tracking concerns.,683.02,0,0.5892666666666666,Engagement reminder
13150,35,91247.0,42,2,146.56,20.79,2,9,0.331,158,3.7,Email,Sports,Neutral,Delivery,The customer mentioned delayed delivery and tracking concerns.,293.12,0,0.5892166666666667,Engagement reminder
11700,35,60014.0,2,10,70.21,22.69,2,13,0.383,166,3.9,Store,Apparel,Neutral,Support,The customer described a slow or unsatisfactory support experience.,702.06,0,0.5890944444444446,Cross-sell
13367,33,84545.0,8,3,88.13,38.76,1,8,0.49,178,3.3,Web,Sports,Neutral,Product Quality,The customer raised concerns about product quality and durability.,264.4,0,0.5890833333333334,Engagement reminder
15891,20,65964.0,15,7,107.25,21.93,3,7,0.438,150,3.4,Store,Sports,Neutral,Availability,The customer mentioned stock availability and product access.,750.72,0,0.5890666666666666,Cross-sell
16321,54,75344.0,8,8,157.4,37.32,2,5,0.519,163,3.0,Mobile,Beauty,Neutral,Returns,"The customer asked about returns, refunds, or the return process.",1259.2,0,0.5889777777777778,Cross-sell
13056,20,80584.0,42,6,52.77,39.22,0,9,0.488,170,2.1,Email,Apparel,Negative,Returns,"The customer asked about returns, refunds, or the return process.",316.6,0,0.5889277777777777,Cross-sell
12354,32,54852.0,55,6,68.98,1.84,3,10,0.636,161,3.0,Mobile,Beauty,Neutral,Price,The customer said the price was high and asked for a better offer.,413.91,0,0.588911111111111,Cross-sell
15473,26,66589.0,11,5,104.61,38.22,4,9,0.721,173,4.0,Email,Home,Neutral,Support,The customer described a slow or unsatisfactory support experience.,523.04,0,0.5888555555555556,Engagement reminder
10305,61,87879.0,71,7,65.82,32.37,5,11,0.346,120,3.6,Web,Beauty,Neutral,Delivery,The customer mentioned delayed delivery and tracking concerns.,460.74,0,0.5888555555555556,Cross-sell
14384,50,70951.0,16,3,99.43,11.55,3,8,0.487,156,3.5,Email,Apparel,Neutral,Availability,The customer mentioned stock availability and product access.,298.3,0,0.58885,Engagement reminder
10712,58,46016.0,15,7,122.39,33.18,4,6,0.547,132,2.5,Email,Apparel,Neutral,Delivery,The customer mentioned delayed delivery and tracking concerns.,856.7,1,0.5887944444444444,Cross-sell
17964,44,75535.0,40,12,104.01,28.13,1,8,0.429,174,3.4,Web,Electronics,Neutral,Delivery,The customer mentioned delayed delivery and tracking concerns.,1248.08,0,0.5886444444444445,Cross-sell
10459,39,80542.0,35,9,120.34,22.08,2,8,0.636,170,2.8,Store,Apparel,Neutral,Price,The customer said the price was high and asked for a better offer.,1083.03,0,0.5886333333333333,Cross-sell
11997,33,87898.0,28,9,61.04,19.35,2,12,0.712,165,2.1,Web,Beauty,Negative,Product Quality,The customer raised concerns about product quality and durability.,549.35,0,0.5885722222222223,Cross-sell
16667,46,60378.0,62,7,107.87,28.96,4,14,0.332,126,3.3,Email,Beauty,Neutral,Returns,"The customer asked about returns, refunds, or the return process.",755.1,0,0.5884611111111111,Cross-sell
16354,33,50895.0,16,4,96.13,29.5,2,8,0.562,170,3.2,Store,Beauty,Neutral,Availability,The customer mentioned stock availability and product access.,384.52,0,0.5884333333333334,Engagement reminder
16580,37,57655.0,11,10,111.81,16.31,3,11,0.567,163,3.5,Web,Home,Neutral,Support,The customer described a slow or unsatisfactory support experience.,1118.08,1,0.5884055555555555,Cross-sell
11102,49,45766.0,24,5,65.15,12.03,2,5,0.594,161,2.5,Email,Home,Neutral,Price,The customer said the price was high and asked for a better offer.,325.77,1,0.5882833333333333,Engagement reminder
10761,27,66738.0,41,6,127.08,36.96,2,11,0.499,171,3.6,Mobile,Sports,Neutral,Delivery,The customer mentioned delayed delivery and tracking concerns.,762.5,0,0.5882555555555555,Cross-sell
17373,21,59864.0,46,4,100.33,29.12,1,10,0.674,179,2.4,Mobile,Apparel,Negative,Price,The customer said the price was high and asked for a better offer.,401.34,0,0.5882555555555555,Engagement reminder
10645,36,67718.0,62,4,115.12,0.8,2,10,0.502,178,4.0,Mobile,Home,Neutral,Delivery,The customer mentioned delayed delivery and tracking concerns.,460.49,0,0.5882111111111111,Engagement reminder
14381,68,77587.0,1,6,48.4,34.57,2,9,0.178,137,3.3,Email,Home,Neutral,Support,The customer described a slow or unsatisfactory support experience.,290.37,0,0.58815,Cross-sell
15936,24,34249.0,12,6,94.33,18.56,3,4,0.418,141,3.0,Web,Electronics,Neutral,Product Quality,The customer raised concerns about product quality and durability.,565.98,1,0.5880666666666666,Cross-sell
17262,47,28366.0,63,8,73.08,16.45,3,6,0.387,150,3.7,Web,Beauty,Neutral,Product Quality,The customer raised concerns about product quality and durability.,584.6,0,0.5880166666666666,Cross-sell
12429,41,40123.0,62,8,133.15,21.46,1,8,0.492,176,3.2,Mobile,Home,Neutral,Price,The customer said the price was high and asked for a better offer.,1065.2,0,0.5879888888888889,Cross-sell
10524,67,20407.0,58,7,82.87,39.39,3,7,0.741,170,3.0,Mobile,Home,Neutral,Delivery,The customer mentioned delayed delivery and tracking concerns.,580.06,0,0.587911111111111,Cross-sell
11345,53,50167.0,13,2,94.27,35.45,2,5,0.491,160,3.0,Email,Sports,Neutral,Support,The customer described a slow or unsatisfactory support experience.,188.54,0,0.587911111111111,Engagement reminder
16896,65,81819.0,69,3,91.0,9.3,4,10,0.776,164,3.2,Web,Electronics,Neutral,Features,The customer discussed missing features and requested improvements.,273.0,0,0.5878555555555556,Engagement reminder
16024,23,98275.0,71,5,145.02,18.11,1,10,0.516,173,2.9,Email,Apparel,Neutral,Product Quality,The customer raised concerns about product quality and durability.,725.08,0,0.5877722222222223,Engagement reminder
10119,50,81600.0,59,6,115.22,7.57,3,8,0.366,148,3.7,Store,Sports,Neutral,Product Quality,The customer raised concerns about product quality and durability.,691.32,0,0.5877722222222221,Cross-sell
12510,67,45871.0,66,2,65.84,24.12,3,14,0.448,152,3.5,Mobile,Beauty,Neutral,Availability,The customer mentioned stock availability and product access.,131.69,0,0.5877611111111112,Engagement reminder
15770,28,45368.0,63,6,100.61,21.6,2,11,0.697,170,2.5,Store,Sports,Negative,Support,The customer described a slow or unsatisfactory support experience.,603.67,1,0.5876833333333333,Cross-sell
17501,33,63233.0,9,5,110.96,39.83,2,9,0.521,171,3.5,Mobile,Home,Neutral,Product Quality,The customer raised concerns about product quality and durability.,554.82,1,0.5876055555555556,Engagement reminder
17012,59,61946.0,26,3,91.97,20.29,0,9,0.387,162,2.2,Email,Apparel,Negative,Product Quality,The customer raised concerns about product quality and durability.,275.91,0,0.5876,Engagement reminder
12246,68,95902.0,36,4,91.14,20.36,2,9,0.622,175,3.2,Email,Electronics,Neutral,Availability,The customer mentioned stock availability and product access.,364.55,1,0.5875444444444444,Engagement reminder
12093,20,44582.0,21,10,97.5,14.54,2,14,0.425,164,3.6,Mobile,Electronics,Neutral,Support,The customer described a slow or unsatisfactory support experience.,975.04,0,0.5875,Cross-sell
10876,30,68013.0,12,5,99.78,37.19,1,3,0.334,175,4.0,Mobile,Electronics,Positive,Returns,"The customer asked about returns, refunds, or the return process.",498.88,1,0.5873666666666667,Engagement reminder
13770,55,77973.0,29,9,114.77,0.04,3,10,0.65,170,3.5,Mobile,Home,Neutral,Support,The customer described a slow or unsatisfactory support experience.,1032.93,0,0.5873611111111111,Cross-sell
17177,66,44892.0,42,5,115.56,16.44,3,6,0.688,170,3.3,Web,Apparel,Neutral,Delivery,The customer mentioned delayed delivery and tracking concerns.,577.81,0,0.587261111111111,Engagement reminder
13286,25,53043.0,35,7,86.7,13.93,1,8,0.553,171,2.6,Mobile,Apparel,Neutral,Delivery,The customer mentioned delayed delivery and tracking concerns.,606.93,0,0.5871777777777778,Cross-sell
15237,22,78590.0,54,6,51.72,5.0,2,4,0.417,153,3.0,Mobile,Apparel,Neutral,Support,The customer described a slow or unsatisfactory support experience.,310.29,0,0.5871555555555555,Cross-sell
15568,29,38150.0,7,5,94.49,22.87,1,10,0.408,163,2.9,Web,Sports,Neutral,Availability,The customer mentioned stock availability and product access.,472.43,0,0.5871500000000001,Engagement reminder
15562,35,78780.0,7,4,111.4,3.42,3,12,0.511,154,3.3,Web,Beauty,Neutral,Features,The customer discussed missing features and requested improvements.,445.59,0,0.5871055555555555,Engagement reminder
11440,21,95923.0,48,10,66.18,25.44,1,10,0.539,173,2.8,Mobile,Beauty,Neutral,Delivery,The customer mentioned delayed delivery and tracking concerns.,661.82,0,0.5869222222222223,Cross-sell
17318,59,64985.0,72,8,97.64,35.76,2,4,0.731,171,2.4,Email,Electronics,Negative,Availability,The customer mentioned stock availability and product access.,781.09,0,0.5868555555555556,Cross-sell
11305,31,75822.0,2,4,88.27,3.38,2,9,0.3,144,3.1,Web,Home,Neutral,Product Quality,The customer raised concerns about product quality and durability.,353.08,0,0.5868055555555557,Engagement reminder
10352,40,68958.0,6,6,118.17,37.26,2,16,0.47,166,3.5,Email,Beauty,Neutral,Returns,"The customer asked about returns, refunds, or the return process.",709.01,1,0.5866944444444445,Cross-sell
12230,48,41949.0,4,3,74.96,0.37,3,10,0.502,153,3.3,Mobile,Apparel,Neutral,Support,The customer described a slow or unsatisfactory support experience.,224.89,1,0.5866833333333333,Engagement reminder
13130,34,59996.0,29,4,43.16,17.09,3,10,0.694,177,3.7,Email,Apparel,Neutral,Features,The customer discussed missing features and requested improvements.,172.63,1,0.5866166666666666,Engagement reminder
12216,33,80289.0,49,5,85.29,18.13,1,6,0.493,167,2.7,Email,Home,Neutral,Returns,"The customer asked about returns, refunds, or the return process.",426.47,0,0.5865388888888889,Engagement reminder
16709,29,84761.0,61,6,108.44,8.48,1,11,0.443,176,3.5,Web,Home,Neutral,Delivery,The customer mentioned delayed delivery and tracking concerns.,650.63,0,0.5865388888888889,Cross-sell
17349,67,91045.0,14,8,66.11,27.35,2,9,0.444,150,2.7,Email,Home,Neutral,Price,The customer said the price was high and asked for a better offer.,528.9,0,0.586338888888889,Cross-sell
15780,68,78587.0,12,5,93.95,15.29,2,13,0.549,178,3.8,Email,Beauty,Neutral,Delivery,The customer mentioned delayed delivery and tracking concerns.,469.77,0,0.5863111111111111,Engagement reminder
12486,55,69065.0,23,3,38.53,25.06,2,2,0.267,161,4.3,Email,Electronics,Positive,Support,The customer described a slow or unsatisfactory support experience.,115.58,1,0.5861833333333334,Engagement reminder
12470,55,68005.0,16,3,18.0,15.27,4,14,0.547,146,3.4,Email,Beauty,Neutral,Support,The customer described a slow or unsatisfactory support experience.,54.0,1,0.5861555555555555,Engagement reminder
15763,66,56649.0,23,6,99.21,14.58,3,9,0.661,162,3.0,Mobile,Sports,Neutral,Product Quality,The customer raised concerns about product quality and durability.,595.28,1,0.5861333333333333,Cross-sell
11731,57,51990.0,22,5,77.94,5.7,3,9,0.641,172,3.7,Store,Beauty,Neutral,Product Quality,The customer raised concerns about product quality and durability.,389.69,1,0.5861055555555555,Engagement reminder
17255,18,41320.0,32,8,107.74,35.85,3,6,0.524,180,4.8,Email,Beauty,Positive,Product Quality,The customer raised concerns about product quality and durability.,861.91,0,0.5860333333333334,Cross-sell
13397,34,85281.0,63,5,93.45,17.52,1,9,0.389,154,2.5,Store,Apparel,Negative,Features,The customer discussed missing features and requested improvements.,467.26,0,0.58595,Engagement reminder
15346,25,103137.0,6,3,75.29,26.7,3,10,0.514,147,2.9,Mobile,Sports,Neutral,Availability,The customer mentioned stock availability and product access.,225.87,1,0.58595,Engagement reminder
17117,37,64304.0,23,5,84.18,5.6,1,10,0.601,168,2.2,Store,Beauty,Negative,Features,The customer discussed missing features and requested improvements.,420.88,0,0.5859111111111112,Engagement reminder
16525,59,60379.0,30,1,93.63,0.46,3,11,0.69,178,3.8,Web,Sports,Neutral,Price,The customer said the price was high and asked for a better offer.,93.63,0,0.585888888888889,Engagement reminder
17450,40,72198.0,7,6,139.6,11.51,2,10,0.47,169,3.7,Email,Sports,Neutral,Returns,"The customer asked about returns, refunds, or the return process.",837.57,0,0.585861111111111,Cross-sell
16126,51,77029.0,64,8,54.25,26.98,2,11,0.605,171,3.1,Store,Home,Neutral,Product Quality,The customer raised concerns about product quality and durability.,434.01,0,0.5858055555555557,Cross-sell
16035,59,52858.0,18,3,58.22,38.85,2,10,0.508,169,3.5,Mobile,Beauty,Neutral,Product Quality,The customer raised concerns about product quality and durability.,174.65,0,0.5857611111111112,Engagement reminder
13314,39,44863.0,33,7,73.26,30.9,3,8,0.622,160,3.1,Web,Electronics,Neutral,Returns,"The customer asked about returns, refunds, or the return process.",512.82,0,0.5857388888888889,Cross-sell
13940,29,49215.0,1,12,107.65,39.82,3,11,0.748,173,3.2,Mobile,Home,Neutral,Delivery,The customer mentioned delayed delivery and tracking concerns.,1291.76,1,0.5856777777777779,Cross-sell
11631,50,61911.0,23,3,67.48,31.69,4,15,0.435,134,3.3,Email,Beauty,Neutral,Availability,The customer mentioned stock availability and product access.,202.43,1,0.5856388888888888,Engagement reminder
15187,29,62650.0,27,10,90.11,12.1,3,7,0.433,175,5.0,Store,Beauty,Positive,Delivery,The customer mentioned delayed delivery and tracking concerns.,901.13,1,0.5856222222222223,Cross-sell
10355,26,89000.0,7,6,60.09,7.57,2,11,0.34,142,2.8,Store,Beauty,Neutral,Support,The customer described a slow or unsatisfactory support experience.,360.52,1,0.5856111111111112,Cross-sell
10554,54,85120.0,6,8,133.17,23.47,2,14,0.611,163,2.6,Web,Home,Neutral,Returns,"The customer asked about returns, refunds, or the return process.",1065.37,0,0.5855777777777778,Cross-sell
14671,41,74022.0,39,7,83.6,29.92,3,10,0.752,175,3.3,Web,Sports,Neutral,Delivery,The customer mentioned delayed delivery and tracking concerns.,585.21,1,0.5855722222222222,Cross-sell
12081,52,86703.0,17,5,95.24,4.22,3,13,0.551,167,3.9,Email,Apparel,Neutral,Support,The customer described a slow or unsatisfactory support experience.,476.21,0,0.5854944444444445,Engagement reminder
15083,22,44341.0,32,4,80.61,38.32,0,7,0.449,170,2.4,Mobile,Sports,Negative,Features,The customer discussed missing features and requested improvements.,322.43,0,0.5854777777777778,Engagement reminder
11380,50,43333.0,39,9,111.12,22.86,0,15,0.393,170,2.7,Web,Electronics,Neutral,Price,The customer said the price was high and asked for a better offer.,1000.1,0,0.5854277777777778,Cross-sell
17596,65,54114.0,33,5,77.59,38.18,2,7,0.659,174,3.0,Email,Beauty,Neutral,Product Quality,The customer raised concerns about product quality and durability.,387.96,0,0.5854222222222223,Engagement reminder
15669,48,71259.0,46,6,124.69,28.29,1,4,0.491,168,2.8,Email,Electronics,Neutral,Support,The customer described a slow or unsatisfactory support experience.,748.12,0,0.5854111111111111,Cross-sell
16906,37,73676.0,20,4,80.79,10.94,5,13,0.432,138,4.3,Web,Electronics,Positive,Product Quality,The customer raised concerns about product quality and durability.,323.15,1,0.5854055555555556,Engagement reminder
12299,65,58029.0,32,8,112.94,12.59,2,9,0.522,170,3.5,Email,Electronics,Neutral,Price,The customer said the price was high and asked for a better offer.,903.52,0,0.5851833333333334,Cross-sell
11226,68,58680.0,55,3,104.68,3.18,3,11,0.575,142,2.3,Mobile,Sports,Negative,Features,The customer discussed missing features and requested improvements.,314.03,0,0.5851388888888889,Engagement reminder
14600,62,81321.0,43,10,62.58,0.42,3,16,0.566,153,3.0,Email,Beauty,Neutral,Product Quality,The customer raised concerns about product quality and durability.,625.84,0,0.5851333333333333,Cross-sell
16391,43,68270.0,54,8,91.96,4.63,2,10,0.604,179,3.6,Mobile,Sports,Neutral,Availability,The customer mentioned stock availability and product access.,735.72,0,0.5850333333333334,Cross-sell
16123,39,48953.0,14,4,71.54,32.82,2,8,0.688,178,3.1,Mobile,Electronics,Neutral,Product Quality,The customer raised concerns about product quality and durability.,286.14,0,0.5847611111111112,Engagement reminder
10494,53,64709.0,24,4,137.29,30.24,1,10,0.278,162,3.6,Mobile,Sports,Neutral,Returns,"The customer asked about returns, refunds, or the return process.",549.15,0,0.5846777777777779,Engagement reminder
16099,18,99587.0,24,4,80.42,34.67,3,12,0.466,164,4.2,Mobile,Apparel,Positive,Returns,"The customer asked about returns, refunds, or the return process.",321.68,0,0.5845777777777779,Engagement reminder
12809,49,58452.0,48,6,63.44,31.18,1,10,0.453,176,3.5,Web,Home,Neutral,Product Quality,The customer raised concerns about product quality and durability.,380.66,1,0.5845388888888889,Cross-sell
16244,52,55181.0,37,3,66.64,1.01,6,9,0.344,129,5.0,Store,Apparel,Positive,Delivery,The customer mentioned delayed delivery and tracking concerns.,199.92,1,0.5845333333333333,Engagement reminder
14702,61,90161.0,19,6,156.29,9.53,2,7,0.579,173,3.4,Mobile,Beauty,Neutral,Delivery,The customer mentioned delayed delivery and tracking concerns.,937.73,0,0.5842,Cross-sell
17675,28,57194.0,33,4,157.18,5.74,2,14,0.827,170,1.9,Mobile,Apparel,Negative,Delivery,The customer mentioned delayed delivery and tracking concerns.,628.73,0,0.5841833333333334,Engagement reminder
11526,63,76372.0,42,11,82.43,37.35,0,10,0.492,180,2.8,Mobile,Sports,Neutral,Price,The customer said the price was high and asked for a better offer.,906.72,1,0.5841000000000001,Cross-sell
14486,27,47529.0,14,11,114.34,33.34,1,9,0.575,180,3.1,Email,Electronics,Neutral,Features,The customer discussed missing features and requested improvements.,1257.78,1,0.5840277777777778,Cross-sell
10871,55,29404.0,59,5,84.59,6.14,3,19,0.309,131,3.1,Web,Electronics,Neutral,Product Quality,The customer raised concerns about product quality and durability.,422.97,0,0.5838944444444445,Engagement reminder
16493,38,61272.0,17,6,58.4,16.54,2,8,0.398,165,3.9,Email,Apparel,Neutral,Returns,"The customer asked about returns, refunds, or the return process.",350.38,1,0.5838722222222223,Cross-sell
10282,37,57347.0,28,4,118.78,30.62,3,12,0.528,149,3.0,Mobile,Apparel,Neutral,Features,The customer discussed missing features and requested improvements.,475.12,1,0.5838444444444444,Engagement reminder
15907,64,54642.0,67,6,55.69,36.76,1,12,0.577,175,2.8,Store,Sports,Neutral,Features,The customer discussed missing features and requested improvements.,334.16,0,0.5837666666666668,Cross-sell
13133,39,26896.0,72,6,130.55,28.4,1,18,0.461,178,3.6,Web,Apparel,Neutral,Price,The customer said the price was high and asked for a better offer.,783.28,0,0.5836333333333333,Cross-sell
13653,21,63319.0,10,6,119.81,28.83,3,8,0.659,159,2.9,Email,Electronics,Neutral,Delivery,The customer mentioned delayed delivery and tracking concerns.,718.86,1,0.5836166666666667,Cross-sell
13908,48,78634.0,4,8,124.44,14.6,3,9,0.377,169,5.0,Mobile,Electronics,Positive,Product Quality,The customer raised concerns about product quality and durability.,995.49,1,0.583488888888889,Cross-sell
15932,40,65174.0,67,6,43.09,7.17,7,8,0.834,150,4.4,Web,Beauty,Positive,Product Quality,The customer raised concerns about product quality and durability.,258.56,1,0.5834777777777778,Cross-sell
12712,24,69424.0,32,4,105.31,34.6,4,12,0.458,162,4.9,Mobile,Apparel,Positive,Support,The customer described a slow or unsatisfactory support experience.,421.25,1,0.5832611111111112,Engagement reminder
17282,19,49432.0,53,8,79.7,24.24,2,9,0.64,173,3.1,Web,Sports,Neutral,Delivery,The customer mentioned delayed delivery and tracking concerns.,637.58,0,0.58325,Cross-sell
16174,18,63607.0,29,5,96.3,22.35,3,11,0.553,156,3.3,Web,Home,Neutral,Returns,"The customer asked about returns, refunds, or the return process.",481.48,1,0.58315,Engagement reminder
11385,32,47556.0,39,7,87.22,9.39,1,19,0.285,167,3.9,Email,Electronics,Neutral,Features,The customer discussed missing features and requested improvements.,610.56,0,0.583138888888889,Cross-sell
11964,20,82429.0,38,5,32.42,8.0,2,13,0.76,177,2.7,Email,Electronics,Neutral,Support,The customer described a slow or unsatisfactory support experience.,162.08,0,0.5831388888888889,Engagement reminder
13595,31,71992.0,65,3,55.8,24.4,3,6,0.791,174,3.1,Web,Apparel,Neutral,Returns,"The customer asked about returns, refunds, or the return process.",167.41,1,0.5830500000000001,Engagement reminder
11803,60,71336.0,46,8,43.25,9.48,1,11,0.36,172,3.8,Web,Apparel,Neutral,Returns,"The customer asked about returns, refunds, or the return process.",345.96,0,0.5830000000000001,Cross-sell
11848,65,49739.0,19,10,67.79,24.61,2,9,0.482,162,3.3,Web,Beauty,Neutral,Product Quality,The customer raised concerns about product quality and durability.,677.87,0,0.5829055555555556,Cross-sell
12632,57,78339.0,27,4,100.5,13.37,3,9,0.505,160,3.8,Email,Sports,Neutral,Support,The customer described a slow or unsatisfactory support experience.,402.01,0,0.5828888888888889,Engagement reminder
14279,33,29983.0,51,4,122.03,22.4,3,15,0.526,172,4.4,Email,Home,Positive,Availability,The customer mentioned stock availability and product access.,488.13,1,0.5828555555555555,Engagement reminder
12533,45,23722.0,28,6,78.21,16.09,3,8,0.673,170,3.5,Web,Home,Neutral,Product Quality,The customer raised concerns about product quality and durability.,469.27,0,0.5827611111111111,Cross-sell
16258,56,93910.0,30,7,109.14,5.12,4,10,0.607,165,4.3,Mobile,Apparel,Positive,Product Quality,The customer raised concerns about product quality and durability.,763.97,0,0.5826277777777779,Cross-sell
17296,26,73633.0,72,11,88.41,35.59,1,13,0.489,175,3.3,Email,Electronics,Neutral,Support,The customer described a slow or unsatisfactory support experience.,972.51,0,0.5826166666666667,Cross-sell
13807,30,50610.0,3,2,100.33,39.5,4,11,0.605,153,3.6,Web,Sports,Neutral,Features,The customer discussed missing features and requested improvements.,200.66,1,0.5826111111111112,Engagement reminder
10384,23,106224.0,29,7,117.0,35.67,2,14,0.572,175,3.6,Web,Sports,Neutral,Price,The customer said the price was high and asked for a better offer.,819.02,1,0.5825444444444444,Cross-sell
11336,31,78326.0,61,5,124.1,19.48,2,10,0.704,175,2.9,Mobile,Sports,Neutral,Returns,"The customer asked about returns, refunds, or the return process.",620.48,1,0.5823944444444444,Engagement reminder
14733,53,47250.0,19,6,80.8,27.56,2,10,0.625,178,3.5,Store,Electronics,Neutral,Price,The customer said the price was high and asked for a better offer.,484.82,0,0.5823611111111112,Cross-sell
10527,42,85567.0,45,9,108.98,28.77,2,10,0.435,171,4.1,Web,Electronics,Positive,Features,The customer discussed missing features and requested improvements.,980.8,0,0.5823055555555556,Cross-sell
15260,26,50682.0,46,7,69.88,2.35,2,14,0.366,158,3.7,Web,Beauty,Neutral,Product Quality,The customer raised concerns about product quality and durability.,489.13,0,0.5822166666666667,Cross-sell
12079,36,73434.0,53,3,62.19,31.8,4,10,0.287,109,2.7,Web,Sports,Neutral,Returns,"The customer asked about returns, refunds, or the return process.",186.58,1,0.5821833333333333,Engagement reminder
13624,26,85040.0,58,8,98.52,25.57,1,10,0.529,175,3.1,Email,Electronics,Neutral,Support,The customer described a slow or unsatisfactory support experience.,788.16,1,0.5821166666666667,Cross-sell
17944,53,83363.0,21,4,67.09,20.01,0,10,0.304,147,1.9,Web,Electronics,Negative,Product Quality,The customer raised concerns about product quality and durability.,268.34,0,0.5821166666666666,Engagement reminder
10675,42,77772.0,36,6,78.82,37.35,4,7,0.641,156,3.6,Web,Electronics,Neutral,Delivery,The customer mentioned delayed delivery and tracking concerns.,472.92,1,0.5820777777777778,Cross-sell
12160,69,61054.0,15,8,87.19,34.71,1,9,0.429,171,3.4,Email,Sports,Neutral,Delivery,The customer mentioned delayed delivery and tracking concerns.,697.48,1,0.5819777777777777,Cross-sell
12121,48,58378.0,20,1,55.28,11.16,5,5,0.325,115,3.6,Mobile,Apparel,Neutral,Availability,The customer mentioned stock availability and product access.,55.28,0,0.5819444444444444,Engagement reminder
13731,51,79721.0,46,10,69.71,33.84,1,10,0.698,180,2.5,Email,Beauty,Neutral,Price,The customer said the price was high and asked for a better offer.,697.13,0,0.5819277777777778,Cross-sell
13370,37,50045.0,64,9,77.65,14.57,4,9,0.652,167,4.2,Email,Home,Positive,Support,The customer described a slow or unsatisfactory support experience.,698.87,0,0.5818222222222222,Cross-sell
11191,28,83535.0,4,6,26.27,21.89,2,9,0.587,176,3.6,Email,Beauty,Neutral,Delivery,The customer mentioned delayed delivery and tracking concerns.,157.6,0,0.5817666666666667,Cross-sell
11710,29,65127.0,37,7,96.46,39.05,4,12,0.612,160,4.0,Web,Sports,Neutral,Price,The customer said the price was high and asked for a better offer.,675.22,0,0.5817666666666667,Cross-sell
15845,18,42813.0,12,4,50.93,36.13,2,10,0.628,178,3.5,Mobile,Beauty,Neutral,Product Quality,The customer raised concerns about product quality and durability.,203.73,1,0.5817611111111112,Engagement reminder
15511,58,47168.0,50,2,87.13,9.25,1,10,0.542,176,3.1,Mobile,Sports,Neutral,Delivery,The customer mentioned delayed delivery and tracking concerns.,174.27,0,0.5817388888888889,Engagement reminder
16592,55,56043.0,25,6,127.95,39.77,1,10,0.501,179,3.5,Email,Apparel,Neutral,Price,The customer said the price was high and asked for a better offer.,767.7,0,0.5816055555555556,Cross-sell
14895,42,83932.0,13,8,114.1,21.11,1,9,0.415,178,3.9,Web,Home,Neutral,Returns,"The customer asked about returns, refunds, or the return process.",912.8,0,0.5815833333333333,Cross-sell
11524,34,77326.0,6,4,74.61,38.27,2,11,0.388,158,3.6,Web,Apparel,Neutral,Price,The customer said the price was high and asked for a better offer.,298.44,0,0.5815666666666668,Engagement reminder
16840,67,60797.0,8,8,129.67,30.45,4,7,0.48,148,4.0,Mobile,Apparel,Positive,Price,The customer said the price was high and asked for a better offer.,1037.37,1,0.5815,Cross-sell
10237,34,46412.0,1,8,103.35,37.74,5,7,0.415,133,4.2,Store,Sports,Positive,Product Quality,The customer raised concerns about product quality and durability.,826.77,0,0.5814444444444444,Cross-sell
13727,66,69564.0,15,5,80.27,17.29,2,7,0.495,176,4.1,Web,Electronics,Positive,Returns,"The customer asked about returns, refunds, or the return process.",401.33,1,0.5814166666666667,Engagement reminder
14675,47,84817.0,62,6,52.11,28.07,2,7,0.586,169,3.2,Email,Sports,Neutral,Support,The customer described a slow or unsatisfactory support experience.,312.68,0,0.5814111111111111,Cross-sell
12881,54,56503.0,31,7,91.57,5.47,0,9,0.38,167,2.7,Email,Sports,Neutral,Returns,"The customer asked about returns, refunds, or the return process.",640.97,0,0.5813611111111112,Cross-sell
14254,48,78053.0,18,8,110.46,22.36,1,10,0.273,160,3.6,Email,Sports,Neutral,Product Quality,The customer raised concerns about product quality and durability.,883.68,1,0.5812333333333334,Cross-sell
15992,26,61380.0,8,10,66.77,25.03,3,12,0.631,179,4.3,Email,Home,Positive,Features,The customer discussed missing features and requested improvements.,667.73,0,0.5811611111111111,Cross-sell
12024,42,98364.0,70,4,74.03,3.42,1,10,0.32,176,4.3,Mobile,Electronics,Positive,Product Quality,The customer raised concerns about product quality and durability.,296.12,1,0.5811388888888889,Engagement reminder
12643,20,74030.0,65,6,80.41,34.54,1,7,0.534,175,3.1,Store,Sports,Neutral,Features,The customer discussed missing features and requested improvements.,482.48,1,0.5811166666666667,Cross-sell
15093,48,28969.0,57,2,111.43,33.01,3,13,0.757,165,2.8,Mobile,Electronics,Neutral,Product Quality,The customer raised concerns about product quality and durability.,222.87,1,0.5811000000000001,Engagement reminder
16215,36,62850.0,8,8,98.37,27.4,0,18,0.421,152,1.6,Web,Home,Negative,Product Quality,The customer raised concerns about product quality and durability.,786.99,0,0.5810777777777778,Cross-sell
10148,36,65469.0,42,4,105.26,38.13,3,5,0.535,145,2.8,Web,Sports,Neutral,Returns,"The customer asked about returns, refunds, or the return process.",421.05,1,0.5810555555555555,Engagement reminder
17972,24,44285.0,50,7,80.04,37.39,1,6,0.498,170,3.0,Mobile,Electronics,Neutral,Delivery,The customer mentioned delayed delivery and tracking concerns.,560.28,1,0.5809555555555556,Cross-sell
10403,26,68561.0,65,9,67.62,14.09,1,8,0.369,155,2.8,Email,Sports,Neutral,Price,The customer said the price was high and asked for a better offer.,608.61,0,0.5809222222222223,Cross-sell
12441,43,82013.0,48,7,144.91,14.86,1,10,0.41,157,2.7,Web,Apparel,Neutral,Price,The customer said the price was high and asked for a better offer.,1014.4,0,0.5809166666666667,Cross-sell
12269,42,27646.0,16,5,147.89,9.6,4,11,0.466,138,3.5,Email,Beauty,Neutral,Availability,The customer mentioned stock availability and product access.,739.44,0,0.5808277777777778,Engagement reminder
17816,52,77760.0,20,9,18.0,12.49,3,9,0.445,130,2.4,Email,Sports,Negative,Product Quality,The customer raised concerns about product quality and durability.,162.0,0,0.5807222222222223,Cross-sell
15831,45,86499.0,15,3,79.8,7.83,2,12,0.389,156,3.5,Store,Beauty,Neutral,Support,The customer described a slow or unsatisfactory support experience.,239.41,1,0.5806722222222223,Engagement reminder
11668,24,94819.0,18,5,126.03,17.75,1,8,0.365,168,3.6,Web,Home,Neutral,Product Quality,The customer raised concerns about product quality and durability.,630.16,1,0.5806111111111112,Engagement reminder
16835,62,55482.0,27,7,143.46,25.71,1,9,0.488,174,3.3,Web,Home,Neutral,Delivery,The customer mentioned delayed delivery and tracking concerns.,1004.19,0,0.5805944444444445,Cross-sell
17836,19,50204.0,21,9,82.4,16.22,3,10,0.805,164,2.5,Mobile,Electronics,Negative,Availability,The customer mentioned stock availability and product access.,741.6,0,0.5805277777777778,Cross-sell
16160,21,64865.0,5,6,98.43,27.64,2,11,0.333,161,4.1,Mobile,Apparel,Positive,Product Quality,The customer raised concerns about product quality and durability.,590.57,1,0.5804833333333334,Cross-sell
14241,19,105928.0,29,4,82.55,13.35,3,15,0.599,164,3.6,Web,Home,Neutral,Product Quality,The customer raised concerns about product quality and durability.,330.22,1,0.5804777777777778,Engagement reminder
16324,40,64548.0,62,6,75.53,6.88,1,7,0.471,142,1.5,Email,Beauty,Negative,Delivery,The customer mentioned delayed delivery and tracking concerns.,453.18,0,0.5803833333333334,Cross-sell
14922,33,60106.0,34,8,121.87,34.15,2,7,0.283,148,3.6,Web,Electronics,Neutral,Product Quality,The customer raised concerns about product quality and durability.,974.92,0,0.5803444444444446,Cross-sell
17048,66,55132.0,59,2,79.2,15.96,3,9,0.242,125,3.2,Mobile,Apparel,Neutral,Price,The customer said the price was high and asked for a better offer.,158.39,1,0.5802111111111111,Engagement reminder
10686,44,78125.0,54,8,141.09,14.43,3,8,0.403,158,4.3,Store,Beauty,Positive,Features,The customer discussed missing features and requested improvements.,1128.72,0,0.5800944444444445,Cross-sell
14780,27,62959.0,62,8,107.42,0.39,0,16,0.514,170,2.2,Email,Home,Negative,Delivery,The customer mentioned delayed delivery and tracking concerns.,859.39,0,0.5799777777777778,Cross-sell
10464,66,60284.0,17,5,97.62,1.58,2,11,0.562,178,3.9,Email,Electronics,Neutral,Returns,"The customer asked about returns, refunds, or the return process.",488.1,0,0.5799611111111111,Engagement reminder
14363,27,44440.0,47,5,108.21,11.15,2,10,0.386,152,3.3,Email,Electronics,Neutral,Product Quality,The customer raised concerns about product quality and durability.,541.05,0,0.5798833333333333,Engagement reminder
12132,66,28836.0,28,9,104.15,30.59,3,9,0.509,159,3.8,Mobile,Home,Neutral,Availability,The customer mentioned stock availability and product access.,937.33,0,0.5798666666666666,Cross-sell
16930,61,122609.0,28,9,55.65,11.52,4,10,0.61,164,4.3,Web,Beauty,Positive,Price,The customer said the price was high and asked for a better offer.,500.82,1,0.5798055555555556,Cross-sell
16667,35,68812.0,60,3,64.74,11.24,1,12,0.242,138,2.5,Email,Beauty,Negative,Support,The customer described a slow or unsatisfactory support experience.,194.21,0,0.5797944444444445,Engagement reminder
11023,26,45359.0,67,3,30.43,18.85,1,11,0.354,170,3.8,Web,Electronics,Neutral,Product Quality,The customer raised concerns about product quality and durability.,91.3,1,0.5797555555555556,Engagement reminder
17628,61,99459.0,72,4,80.44,38.52,1,15,0.496,149,1.8,Store,Beauty,Negative,Price,The customer said the price was high and asked for a better offer.,321.77,1,0.5796888888888889,Engagement reminder
17651,63,55957.0,37,5,118.05,11.23,2,10,0.559,159,2.8,Web,Electronics,Neutral,Price,The customer said the price was high and asked for a better offer.,590.27,0,0.5795888888888888,Engagement reminder
11567,53,75432.0,30,4,101.41,12.88,3,10,0.641,164,3.4,Email,Beauty,Neutral,Features,The customer discussed missing features and requested improvements.,405.64,0,0.5795777777777777,Engagement reminder
15217,40,64463.0,18,4,104.82,30.03,4,5,0.41,156,4.9,Store,Beauty,Positive,Price,The customer said the price was high and asked for a better offer.,419.28,0,0.5795277777777779,Engagement reminder
12452,52,38196.0,9,5,66.01,31.03,1,12,0.258,141,2.6,Email,Beauty,Neutral,Price,The customer said the price was high and asked for a better offer.,330.06,0,0.5795111111111111,Engagement reminder
11064,51,79288.0,49,3,125.62,34.57,3,14,0.724,168,3.2,Email,Apparel,Neutral,Product Quality,The customer raised concerns about product quality and durability.,376.87,1,0.5793666666666667,Engagement reminder
11500,50,61682.0,23,5,127.1,3.52,2,15,0.413,166,4.0,Web,Electronics,Neutral,Support,The customer described a slow or unsatisfactory support experience.,635.51,0,0.5793444444444446,Engagement reminder
16583,52,27306.0,8,5,85.37,22.74,4,12,0.47,163,5.0,Mobile,Apparel,Positive,Product Quality,The customer raised concerns about product quality and durability.,426.87,1,0.5793333333333334,Engagement reminder
12665,57,50969.0,30,7,109.29,11.28,2,16,0.411,154,3.3,Mobile,Apparel,Neutral,Price,The customer said the price was high and asked for a better offer.,765.04,0,0.5793277777777778,Cross-sell
12456,40,98203.0,55,8,59.17,35.84,2,11,0.656,176,3.3,Web,Home,Neutral,Delivery,The customer mentioned delayed delivery and tracking concerns.,473.33,0,0.5792166666666666,Cross-sell
15997,52,40176.0,42,12,64.83,23.42,2,12,0.661,168,2.8,Web,Home,Neutral,Features,The customer discussed missing features and requested improvements.,777.91,1,0.5791888888888889,Cross-sell
11533,57,85503.0,70,6,109.26,3.95,4,11,0.852,172,3.5,Email,Apparel,Neutral,Availability,The customer mentioned stock availability and product access.,655.54,0,0.5791833333333334,Cross-sell
17025,69,57969.0,7,7,105.32,36.13,1,12,0.38,167,3.5,Email,Beauty,Neutral,Features,The customer discussed missing features and requested improvements.,737.27,0,0.579138888888889,Cross-sell
10207,48,53484.0,67,5,111.9,17.52,2,10,0.526,171,3.7,Store,Apparel,Neutral,Features,The customer discussed missing features and requested improvements.,559.48,1,0.5791055555555555,Engagement reminder
17072,63,82138.0,64,8,71.89,9.1,1,5,0.428,151,2.3,Web,Beauty,Negative,Returns,"The customer asked about returns, refunds, or the return process.",575.11,0,0.5789833333333334,Cross-sell
10627,57,79977.0,7,2,105.05,2.46,3,5,0.83,179,3.3,Web,Sports,Neutral,Availability,The customer mentioned stock availability and product access.,210.09,1,0.578861111111111,Engagement reminder
13401,65,89633.0,69,9,119.88,15.66,1,7,0.327,157,3.2,Email,Home,Neutral,Returns,"The customer asked about returns, refunds, or the return process.",1078.89,0,0.5787666666666668,Cross-sell
15797,26,39639.0,19,4,89.38,3.61,0,13,0.418,176,3.1,Email,Home,Neutral,Price,The customer said the price was high and asked for a better offer.,357.5,0,0.5787611111111112,Engagement reminder
15218,34,54618.0,46,5,90.73,37.87,2,10,0.439,163,3.7,Mobile,Sports,Neutral,Product Quality,The customer raised concerns about product quality and durability.,453.66,1,0.5787277777777777,Engagement reminder
16755,53,69600.0,17,6,90.4,1.75,4,8,0.685,177,4.7,Store,Home,Positive,Delivery,The customer mentioned delayed delivery and tracking concerns.,542.42,1,0.5786944444444444,Cross-sell
15721,57,99047.0,11,13,48.25,34.62,1,9,0.458,162,2.8,Mobile,Home,Neutral,Returns,"The customer asked about returns, refunds, or the return process.",627.31,0,0.5786777777777778,Cross-sell
15394,50,40199.0,50,5,104.2,6.35,2,8,0.807,164,1.8,Web,Apparel,Negative,Price,The customer said the price was high and asked for a better offer.,520.99,0,0.5786,Engagement reminder
15957,30,58981.0,37,6,100.59,0.16,1,9,0.348,174,4.1,Mobile,Home,Positive,Returns,"The customer asked about returns, refunds, or the return process.",603.54,1,0.5785944444444445,Cross-sell
16023,27,29055.0,72,8,79.18,16.64,2,14,0.627,168,3.0,Email,Beauty,Neutral,Availability,The customer mentioned stock availability and product access.,633.4,0,0.5784888888888888,Cross-sell
13769,62,91470.0,11,8,127.05,3.69,5,11,0.685,134,2.9,Store,Home,Neutral,Returns,"The customer asked about returns, refunds, or the return process.",1016.43,0,0.5784166666666667,Cross-sell
14526,69,63186.0,36,8,121.82,4.83,0,10,0.442,178,3.1,Mobile,Beauty,Neutral,Availability,The customer mentioned stock availability and product access.,974.58,0,0.5784055555555556,Cross-sell
16398,47,53096.0,38,6,85.65,10.76,2,6,0.586,171,3.4,Email,Apparel,Neutral,Price,The customer said the price was high and asked for a better offer.,513.92,1,0.5783555555555555,Cross-sell
13245,46,55592.0,45,7,111.85,16.38,1,11,0.336,161,3.4,Email,Beauty,Neutral,Availability,The customer mentioned stock availability and product access.,782.92,1,0.5783555555555555,Cross-sell
14446,27,66910.0,18,10,120.78,7.06,3,12,0.661,177,4.1,Store,Apparel,Positive,Product Quality,The customer raised concerns about product quality and durability.,1207.82,1,0.5782166666666667,Cross-sell
14868,28,88444.0,58,4,85.34,12.63,4,16,0.375,137,4.0,Email,Home,Neutral,Support,The customer described a slow or unsatisfactory support experience.,341.36,0,0.5780555555555555,Engagement reminder
14157,21,75023.0,18,4,140.04,38.41,2,10,0.805,172,2.3,Web,Sports,Negative,Price,The customer said the price was high and asked for a better offer.,560.16,0,0.5780277777777778,Engagement reminder
17663,18,52427.0,65,5,61.84,12.46,1,8,0.38,180,4.3,Mobile,Electronics,Positive,Delivery,The customer mentioned delayed delivery and tracking concerns.,309.19,0,0.5780277777777778,Engagement reminder
15960,39,78284.0,12,6,116.44,8.64,0,6,0.149,170,4.2,Mobile,Beauty,Positive,Price,The customer said the price was high and asked for a better offer.,698.66,0,0.5779777777777778,Cross-sell
17427,39,101721.0,29,5,133.05,1.31,2,11,0.538,180,4.2,Email,Apparel,Positive,Delivery,The customer mentioned delayed delivery and tracking concerns.,665.26,0,0.5779555555555557,Engagement reminder
16364,18,80681.0,31,3,120.27,39.36,2,11,0.236,141,3.5,Mobile,Apparel,Neutral,Price,The customer said the price was high and asked for a better offer.,360.8,0,0.577938888888889,Engagement reminder
12846,69,55179.0,64,6,117.74,9.91,4,11,0.739,168,3.9,Email,Sports,Neutral,Product Quality,The customer raised concerns about product quality and durability.,706.43,1,0.5778944444444445,Cross-sell
11140,59,93420.0,22,6,93.11,18.91,3,5,0.363,150,4.1,Email,Beauty,Positive,Support,The customer described a slow or unsatisfactory support experience.,558.68,0,0.5778166666666668,Cross-sell
12983,69,69945.0,3,1,96.11,25.48,3,8,0.575,164,3.8,Web,Apparel,Neutral,Support,The customer described a slow or unsatisfactory support experience.,96.11,0,0.5777777777777778,Engagement reminder
17291,54,81257.0,34,9,109.84,12.16,3,8,0.52,159,3.8,Email,Electronics,Neutral,Product Quality,The customer raised concerns about product quality and durability.,988.53,0,0.5776666666666667,Cross-sell
13681,38,71621.0,17,7,105.77,14.81,1,14,0.493,163,2.7,Mobile,Home,Neutral,Delivery,The customer mentioned delayed delivery and tracking concerns.,740.36,0,0.57765,Cross-sell
12255,66,73883.0,61,11,105.33,3.0,3,10,0.522,149,3.2,Web,Sports,Neutral,Price,The customer said the price was high and asked for a better offer.,1158.65,0,0.5775444444444444,Cross-sell
11033,59,69701.0,17,10,105.53,9.99,3,7,0.422,145,3.5,Email,Sports,Neutral,Delivery,The customer mentioned delayed delivery and tracking concerns.,1055.3,0,0.5774055555555556,Cross-sell
11963,26,45246.0,25,8,66.18,5.9,1,9,0.479,165,2.9,Web,Apparel,Neutral,Delivery,The customer mentioned delayed delivery and tracking concerns.,529.48,0,0.5773944444444445,Cross-sell
15044,52,70307.0,60,12,22.1,18.17,4,8,0.486,145,3.9,Mobile,Sports,Neutral,Features,The customer discussed missing features and requested improvements.,265.17,0,0.5773833333333334,Cross-sell
11797,50,101861.0,71,9,79.84,2.31,2,4,0.484,158,3.2,Web,Sports,Neutral,Price,The customer said the price was high and asked for a better offer.,718.52,0,0.5773666666666667,Cross-sell
17956,65,67438.0,7,5,74.46,18.68,2,12,0.582,155,2.5,Email,Sports,Neutral,Availability,The customer mentioned stock availability and product access.,372.3,0,0.57735,Engagement reminder
14540,25,62362.0,51,2,72.99,15.18,2,9,0.682,164,2.5,Email,Electronics,Negative,Support,The customer described a slow or unsatisfactory support experience.,145.99,1,0.57735,Engagement reminder
12153,64,42823.0,66,5,84.46,2.09,0,11,0.478,174,2.7,Web,Sports,Neutral,Features,The customer discussed missing features and requested improvements.,422.31,1,0.5773166666666667,Engagement reminder
14170,30,62986.0,58,4,77.23,32.18,1,11,0.519,177,3.4,Store,Sports,Neutral,Features,The customer discussed missing features and requested improvements.,308.91,0,0.5773111111111111,Engagement reminder
10098,37,45152.0,3,8,85.23,38.06,1,15,0.26,152,3.3,Web,Sports,Neutral,Price,The customer said the price was high and asked for a better offer.,681.85,0,0.5773055555555555,Cross-sell
10777,18,71367.0,24,5,123.12,32.88,1,10,0.342,156,3.1,Email,Electronics,Neutral,Delivery,The customer mentioned delayed delivery and tracking concerns.,615.6,0,0.5772944444444446,Engagement reminder
13197,68,67987.0,60,9,95.21,4.37,2,12,0.439,164,3.8,Mobile,Apparel,Neutral,Price,The customer said the price was high and asked for a better offer.,856.93,1,0.5772,Cross-sell
13190,46,32116.0,38,5,107.39,25.87,1,5,0.269,173,4.5,Store,Apparel,Positive,Support,The customer described a slow or unsatisfactory support experience.,536.93,0,0.5771722222222223,Engagement reminder
10771,18,58647.0,48,2,101.54,33.71,2,14,0.481,161,3.4,Mobile,Electronics,Neutral,Price,The customer said the price was high and asked for a better offer.,203.08,0,0.5771333333333333,Engagement reminder
12941,62,61061.0,60,5,93.92,5.06,2,14,0.597,163,2.9,Store,Sports,Neutral,Delivery,The customer mentioned delayed delivery and tracking concerns.,469.58,0,0.5771277777777778,Engagement reminder
17162,34,58538.0,16,8,124.4,15.62,3,11,0.414,161,4.5,Email,Apparel,Positive,Product Quality,The customer raised concerns about product quality and durability.,995.22,0,0.5770611111111112,Cross-sell
10399,66,92243.0,65,5,107.41,35.48,2,12,0.476,174,4.2,Mobile,Apparel,Positive,Support,The customer described a slow or unsatisfactory support experience.,537.07,0,0.5770222222222223,Engagement reminder
14719,65,66279.0,49,4,156.46,30.53,3,14,0.679,173,3.8,Mobile,Home,Neutral,Delivery,The customer mentioned delayed delivery and tracking concerns.,625.84,0,0.5769777777777778,Engagement reminder
12827,41,41340.0,37,4,86.26,30.33,3,9,0.233,148,4.7,Mobile,Beauty,Positive,Delivery,The customer mentioned delayed delivery and tracking concerns.,345.02,0,0.5768722222222222,Engagement reminder
15454,21,111897.0,66,5,122.48,9.39,3,7,0.54,152,3.3,Mobile,Apparel,Neutral,Product Quality,The customer raised concerns about product quality and durability.,612.41,0,0.576861111111111,Engagement reminder
13629,36,88436.0,63,6,131.53,0.79,2,13,0.506,180,4.4,Mobile,Electronics,Positive,Product Quality,The customer raised concerns about product quality and durability.,789.19,0,0.5768555555555556,Cross-sell
11677,29,93096.0,25,6,46.01,28.21,3,12,0.632,167,3.7,Web,Apparel,Neutral,Price,The customer said the price was high and asked for a better offer.,276.07,0,0.5767944444444445,Cross-sell
12876,28,64916.0,10,4,99.1,21.43,1,5,0.544,179,3.4,Email,Beauty,Neutral,Support,The customer described a slow or unsatisfactory support experience.,396.4,0,0.5767555555555557,Engagement reminder
15094,62,86965.0,29,7,75.3,28.11,2,9,0.826,175,2.4,Web,Home,Negative,Price,The customer said the price was high and asked for a better offer.,527.1,1,0.5767444444444444,Cross-sell
11022,32,59430.0,17,6,135.04,1.45,2,10,0.461,159,3.4,Web,Sports,Neutral,Delivery,The customer mentioned delayed delivery and tracking concerns.,810.27,1,0.5766888888888888,Cross-sell
12914,32,27923.0,18,9,77.86,8.11,2,8,0.65,176,3.4,Email,Electronics,Neutral,Support,The customer described a slow or unsatisfactory support experience.,700.73,1,0.5766666666666667,Cross-sell
15138,64,59574.0,63,6,90.06,7.58,3,13,0.621,144,2.4,Email,Sports,Negative,Availability,The customer mentioned stock availability and product access.,540.36,1,0.5766333333333334,Cross-sell
15749,28,61148.0,32,4,75.87,11.17,3,9,0.408,167,4.9,Email,Apparel,Positive,Product Quality,The customer raised concerns about product quality and durability.,303.48,1,0.5765944444444445,Engagement reminder
15271,53,54608.0,30,8,110.0,6.52,2,11,0.522,156,2.9,Email,Sports,Neutral,Product Quality,The customer raised concerns about product quality and durability.,880.01,1,0.5765722222222223,Cross-sell
13047,29,45088.0,36,5,110.44,12.48,1,16,0.504,177,3.5,Web,Sports,Neutral,Availability,The customer mentioned stock availability and product access.,552.2,0,0.5765611111111112,Engagement reminder
16241,21,55367.0,47,3,70.92,31.56,1,11,0.7,171,2.1,Email,Beauty,Negative,Delivery,The customer mentioned delayed delivery and tracking concerns.,212.75,0,0.5765277777777778,Engagement reminder
13786,41,82952.0,48,3,91.78,14.67,1,5,0.276,175,4.6,Mobile,Apparel,Positive,Price,The customer said the price was high and asked for a better offer.,275.35,0,0.5764666666666667,Engagement reminder
15997,43,69278.0,14,2,138.47,37.02,1,13,0.467,177,3.7,Mobile,Apparel,Neutral,Features,The customer discussed missing features and requested improvements.,276.94,1,0.5764611111111111,Engagement reminder
15458,57,81068.0,10,9,127.83,3.33,0,8,0.549,180,2.7,Email,Apparel,Neutral,Delivery,The customer mentioned delayed delivery and tracking concerns.,1150.45,0,0.57645,Cross-sell
13402,64,63437.0,14,8,70.16,28.38,1,9,0.331,158,3.3,Store,Home,Neutral,Delivery,The customer mentioned delayed delivery and tracking concerns.,561.25,1,0.576438888888889,Cross-sell
17359,55,80495.0,31,4,85.02,1.79,2,11,0.622,170,3.2,Email,Electronics,Neutral,Features,The customer discussed missing features and requested improvements.,340.07,0,0.5764333333333334,Engagement reminder
12795,28,48621.0,4,5,86.66,1.07,2,7,0.507,163,3.4,Web,Apparel,Neutral,Price,The customer said the price was high and asked for a better offer.,433.32,1,0.5763777777777779,Engagement reminder
12963,41,82326.0,49,6,77.29,16.26,0,13,0.248,163,3.3,Email,Apparel,Neutral,Price,The customer said the price was high and asked for a better offer.,463.77,0,0.5763722222222222,Cross-sell
16983,37,82593.0,33,8,111.13,27.02,2,8,0.514,167,3.6,Email,Home,Neutral,Features,The customer discussed missing features and requested improvements.,889.01,1,0.5763666666666667,Cross-sell
12530,20,74707.0,48,8,87.81,36.7,1,4,0.521,170,3.0,Mobile,Beauty,Neutral,Delivery,The customer mentioned delayed delivery and tracking concerns.,702.47,1,0.5763555555555555,Cross-sell
11408,68,76351.0,9,5,52.43,32.3,2,13,0.338,146,3.3,Web,Beauty,Neutral,Support,The customer described a slow or unsatisfactory support experience.,262.16,1,0.5761499999999999,Engagement reminder
13992,45,45043.0,34,6,146.91,16.9,1,8,0.429,165,3.2,Web,Apparel,Neutral,Availability,The customer mentioned stock availability and product access.,881.49,0,0.5761444444444445,Cross-sell
11018,37,79513.0,54,5,60.59,14.35,2,6,0.396,136,2.4,Mobile,Beauty,Negative,Support,The customer described a slow or unsatisfactory support experience.,302.95,0,0.5760777777777778,Engagement reminder
14514,62,77156.0,27,3,87.09,23.65,2,12,0.749,161,2.0,Web,Beauty,Negative,Returns,"The customer asked about returns, refunds, or the return process.",261.27,0,0.5760333333333334,Engagement reminder
10104,69,53523.0,31,6,117.38,20.54,3,16,0.49,137,2.7,Mobile,Apparel,Neutral,Product Quality,The customer raised concerns about product quality and durability.,704.3,0,0.5760277777777778,Cross-sell
11206,61,62564.0,64,5,81.09,6.27,1,11,0.484,180,3.8,Store,Beauty,Neutral,Returns,"The customer asked about returns, refunds, or the return process.",405.45,0,0.5759777777777778,Engagement reminder
16860,38,77390.0,22,5,107.68,9.07,3,8,0.721,178,3.9,Web,Home,Neutral,Product Quality,The customer raised concerns about product quality and durability.,538.41,1,0.5759388888888889,Engagement reminder
12007,20,99150.0,66,5,67.13,9.59,2,9,0.285,158,4.3,Email,Home,Positive,Features,The customer discussed missing features and requested improvements.,335.64,0,0.5759166666666667,Engagement reminder
14488,48,79912.0,22,7,67.31,29.43,3,8,0.691,160,3.0,Email,Apparel,Neutral,Price,The customer said the price was high and asked for a better offer.,471.19,1,0.5756888888888888,Cross-sell
17737,37,58627.0,68,4,71.75,25.4,2,12,0.723,172,2.8,Web,Apparel,Neutral,Product Quality,The customer raised concerns about product quality and durability.,286.99,0,0.5756777777777778,Engagement reminder
16725,60,21987.0,55,4,63.52,31.64,2,12,0.587,180,4.0,Email,Beauty,Positive,Support,The customer described a slow or unsatisfactory support experience.,254.09,1,0.5756555555555556,Engagement reminder
11254,67,65370.0,26,11,87.66,15.25,1,14,0.408,173,3.8,Mobile,Home,Neutral,Returns,"The customer asked about returns, refunds, or the return process.",964.25,0,0.5756222222222224,Cross-sell
14930,51,71783.0,60,5,100.58,22.76,2,15,0.554,177,4.0,Email,Sports,Positive,Price,The customer said the price was high and asked for a better offer.,502.91,0,0.5755888888888888,Engagement reminder
14016,30,46955.0,2,6,101.2,19.88,2,9,0.689,179,3.4,Store,Apparel,Neutral,Support,The customer described a slow or unsatisfactory support experience.,607.22,0,0.5755333333333335,Cross-sell
13138,58,95007.0,34,3,64.92,5.73,1,14,0.574,171,2.8,Web,Home,Neutral,Price,The customer said the price was high and asked for a better offer.,194.76,0,0.5754777777777778,Engagement reminder
17094,59,66992.0,46,3,66.21,35.35,1,8,0.491,177,3.6,Email,Home,Neutral,Product Quality,The customer raised concerns about product quality and durability.,198.62,0,0.5754111111111111,Engagement reminder
11615,58,109836.0,47,5,92.46,16.53,3,12,0.491,152,3.6,Web,Apparel,Neutral,Delivery,The customer mentioned delayed delivery and tracking concerns.,462.32,0,0.5754111111111111,Engagement reminder
12245,46,44616.0,51,9,76.83,26.31,1,7,0.496,169,3.1,Email,Apparel,Neutral,Price,The customer said the price was high and asked for a better offer.,691.44,0,0.5753833333333334,Cross-sell
12043,69,70714.0,22,2,41.84,14.21,1,4,0.687,171,2.2,Web,Home,Negative,Product Quality,The customer raised concerns about product quality and durability.,83.68,0,0.5753777777777778,Engagement reminder
14163,43,90560.0,39,10,71.68,31.98,3,11,0.492,147,3.3,Web,Beauty,Neutral,Price,The customer said the price was high and asked for a better offer.,716.85,0,0.5753499999999999,Cross-sell
14788,27,90036.0,34,8,35.73,11.43,2,10,0.624,168,3.1,Mobile,Apparel,Neutral,Support,The customer described a slow or unsatisfactory support experience.,285.84,1,0.575338888888889,Cross-sell
13573,42,72683.0,32,8,141.4,16.14,1,16,0.499,176,3.5,Mobile,Home,Neutral,Price,The customer said the price was high and asked for a better offer.,1131.2,1,0.575338888888889,Cross-sell
11090,53,65604.0,67,2,54.59,8.4,4,16,0.354,144,4.6,Web,Home,Positive,Price,The customer said the price was high and asked for a better offer.,109.18,0,0.5753111111111112,Engagement reminder
17040,31,44706.0,37,11,113.62,8.01,4,11,0.686,157,3.6,Mobile,Home,Neutral,Product Quality,The customer raised concerns about product quality and durability.,1249.86,0,0.5753,Cross-sell
16237,43,74096.0,34,4,39.8,8.64,0,15,0.291,163,3.1,Email,Home,Neutral,Support,The customer described a slow or unsatisfactory support experience.,159.21,0,0.5752722222222223,Engagement reminder
14986,49,59550.0,36,9,105.93,31.31,3,8,0.722,171,3.5,Email,Electronics,Neutral,Features,The customer discussed missing features and requested improvements.,953.41,0,0.5751833333333334,Cross-sell
13759,38,48565.0,59,5,97.57,18.53,2,7,0.542,174,3.9,Mobile,Apparel,Neutral,Delivery,The customer mentioned delayed delivery and tracking concerns.,487.86,0,0.5750722222222223,Engagement reminder
14447,31,67084.0,19,6,70.87,6.2,3,8,0.82,173,3.1,Mobile,Beauty,Neutral,Price,The customer said the price was high and asked for a better offer.,425.2,0,0.5750277777777778,Cross-sell
13897,32,75578.0,26,7,69.13,26.11,1,6,0.421,157,2.8,Mobile,Home,Neutral,Product Quality,The customer raised concerns about product quality and durability.,483.88,0,0.5749666666666667,Cross-sell
13712,24,87198.0,31,6,50.33,7.43,2,18,0.41,157,3.6,Email,Home,Neutral,Support,The customer described a slow or unsatisfactory support experience.,301.97,1,0.5749444444444445,Cross-sell
16175,51,61811.0,61,5,116.77,34.44,1,8,0.401,167,3.5,Store,Electronics,Neutral,Product Quality,The customer raised concerns about product quality and durability.,583.85,0,0.574938888888889,Engagement reminder
16616,58,51537.0,51,10,87.12,18.98,2,9,0.701,168,2.7,Store,Home,Neutral,Support,The customer described a slow or unsatisfactory support experience.,871.16,0,0.5749388888888889,Cross-sell
17129,59,80540.0,5,8,157.14,36.69,3,10,0.593,166,3.9,Store,Sports,Neutral,Features,The customer discussed missing features and requested improvements.,1257.08,1,0.5748722222222222,Cross-sell
16193,24,87443.0,72,6,123.96,8.94,1,6,0.421,162,3.1,Web,Apparel,Neutral,Delivery,The customer mentioned delayed delivery and tracking concerns.,743.76,0,0.5748277777777778,Cross-sell
10490,21,78097.0,35,7,134.06,12.51,1,13,0.584,180,3.3,Email,Home,Neutral,Support,The customer described a slow or unsatisfactory support experience.,938.43,0,0.5747277777777778,Cross-sell
14697,69,71533.0,2,8,80.11,39.76,3,14,0.755,167,3.1,Email,Beauty,Neutral,Delivery,The customer mentioned delayed delivery and tracking concerns.,640.92,0,0.5746944444444445,Cross-sell
17516,33,60568.0,64,7,99.13,38.77,1,11,0.503,171,3.2,Web,Apparel,Neutral,Returns,"The customer asked about returns, refunds, or the return process.",693.93,1,0.5746777777777778,Cross-sell
16692,18,54464.0,43,2,113.98,30.46,2,12,0.378,154,3.6,Web,Apparel,Neutral,Product Quality,The customer raised concerns about product quality and durability.,227.96,0,0.5746777777777778,Engagement reminder
15830,54,99502.0,17,7,91.01,14.47,6,12,0.744,142,3.9,Email,Electronics,Neutral,Product Quality,The customer raised concerns about product quality and durability.,637.04,0,0.5746722222222223,Cross-sell
14957,42,62754.0,42,4,98.04,3.91,1,11,0.54,176,3.3,Mobile,Beauty,Neutral,Delivery,The customer mentioned delayed delivery and tracking concerns.,392.16,1,0.5746388888888889,Engagement reminder
14048,44,69482.0,39,8,33.43,23.59,0,6,0.611,178,2.3,Web,Home,Negative,Support,The customer described a slow or unsatisfactory support experience.,267.47,0,0.5746055555555556,Cross-sell
15512,68,101269.0,46,8,87.52,34.77,1,8,0.45,178,3.9,Mobile,Home,Neutral,Price,The customer said the price was high and asked for a better offer.,700.19,0,0.5745833333333334,Cross-sell
14212,56,69496.0,21,5,96.27,32.48,3,13,0.438,135,2.9,Web,Electronics,Neutral,Product Quality,The customer raised concerns about product quality and durability.,481.37,1,0.5744833333333333,Engagement reminder
13387,37,49565.0,47,4,68.11,3.54,4,12,0.65,177,5.0,Email,Sports,Positive,Support,The customer described a slow or unsatisfactory support experience.,272.43,0,0.5744444444444444,Engagement reminder
12338,33,69993.0,21,6,100.18,14.56,1,11,0.492,180,3.8,Web,Beauty,Neutral,Delivery,The customer mentioned delayed delivery and tracking concerns.,601.07,0,0.5743777777777779,Cross-sell
15014,48,66565.0,56,5,52.29,39.0,1,12,0.364,160,3.3,Web,Sports,Neutral,Features,The customer discussed missing features and requested improvements.,261.44,1,0.5742833333333334,Engagement reminder
14842,21,71598.0,11,8,139.67,10.01,1,7,0.155,153,4.0,Mobile,Apparel,Positive,Price,The customer said the price was high and asked for a better offer.,1117.33,0,0.5742777777777778,Cross-sell
13789,58,90057.0,41,10,132.28,2.31,3,9,0.478,152,3.7,Mobile,Apparel,Neutral,Delivery,The customer mentioned delayed delivery and tracking concerns.,1322.85,0,0.5742611111111111,Cross-sell
11011,21,120505.0,3,4,119.3,7.75,3,5,0.81,165,2.7,Email,Apparel,Neutral,Features,The customer discussed missing features and requested improvements.,477.2,0,0.5742499999999999,Engagement reminder
14694,20,49166.0,67,10,109.06,39.52,1,8,0.539,174,3.2,Web,Home,Neutral,Features,The customer discussed missing features and requested improvements.,1090.56,0,0.5741444444444445,Cross-sell
15828,65,51093.0,43,7,36.24,8.11,3,10,0.58,151,3.1,Store,Apparel,Neutral,Returns,"The customer asked about returns, refunds, or the return process.",253.7,1,0.574138888888889,Cross-sell
17535,40,71222.0,11,9,78.19,4.32,2,11,0.655,177,3.5,Mobile,Electronics,Neutral,Availability,The customer mentioned stock availability and product access.,703.72,1,0.5741388888888889,Cross-sell
14106,64,52775.0,56,4,102.09,25.25,1,11,0.46,177,3.8,Store,Apparel,Neutral,Availability,The customer mentioned stock availability and product access.,408.34,1,0.5741111111111111,Engagement reminder
12172,40,39931.0,31,7,93.21,24.62,3,8,0.727,176,3.8,Email,Sports,Neutral,Price,The customer said the price was high and asked for a better offer.,652.48,1,0.5740444444444445,Cross-sell
13604,60,65725.0,48,4,93.89,21.91,2,8,0.219,136,3.4,Mobile,Sports,Neutral,Price,The customer said the price was high and asked for a better offer.,375.55,0,0.5739777777777777,Engagement reminder
14399,56,67296.0,48,5,129.95,2.48,3,10,0.543,156,3.6,Store,Home,Neutral,Delivery,The customer mentioned delayed delivery and tracking concerns.,649.74,1,0.5739,Engagement reminder
13890,33,72323.0,52,9,111.63,27.93,2,6,0.549,169,3.6,Email,Beauty,Neutral,Support,The customer described a slow or unsatisfactory support experience.,1004.69,1,0.573811111111111,Cross-sell
12892,66,86699.0,36,8,85.46,38.64,2,8,0.315,153,3.9,Mobile,Apparel,Neutral,Support,The customer described a slow or unsatisfactory support experience.,683.67,1,0.5738055555555556,Cross-sell
10579,25,63720.0,19,10,122.91,10.56,2,8,0.386,156,3.7,Mobile,Apparel,Neutral,Price,The customer said the price was high and asked for a better offer.,1229.09,0,0.5737722222222222,Cross-sell
16666,67,52018.0,9,5,97.89,37.71,2,11,0.307,159,4.3,Web,Sports,Positive,Returns,"The customer asked about returns, refunds, or the return process.",489.44,0,0.5737388888888889,Engagement reminder
16302,29,61853.0,66,6,62.5,10.72,2,15,0.387,178,5.0,Store,Home,Positive,Features,The customer discussed missing features and requested improvements.,374.97,0,0.5737111111111112,Cross-sell
15023,37,46742.0,35,4,85.73,21.95,1,8,0.46,165,3.1,Mobile,Home,Neutral,Product Quality,The customer raised concerns about product quality and durability.,342.92,0,0.5736944444444445,Engagement reminder
14230,18,70152.0,61,5,47.96,16.79,2,15,0.585,157,2.7,Web,Electronics,Neutral,Features,The customer discussed missing features and requested improvements.,239.78,1,0.5736944444444445,Engagement reminder
15826,59,87155.0,45,8,99.28,20.63,1,9,0.429,174,3.8,Web,Beauty,Neutral,Price,The customer said the price was high and asked for a better offer.,794.23,0,0.5736444444444445,Cross-sell
17023,45,63994.0,66,4,99.44,11.78,3,7,0.66,163,3.4,Email,Beauty,Neutral,Support,The customer described a slow or unsatisfactory support experience.,397.76,0,0.5735555555555556,Engagement reminder
10020,67,104696.0,54,2,125.91,24.52,4,8,0.566,142,3.4,Web,Sports,Neutral,Price,The customer said the price was high and asked for a better offer.,251.81,0,0.5734666666666668,Engagement reminder
16187,21,61068.0,39,4,135.87,5.05,1,13,0.391,157,3.0,Web,Beauty,Neutral,Delivery,The customer mentioned delayed delivery and tracking concerns.,543.48,1,0.5734666666666667,Engagement reminder
11035,36,67521.0,46,8,74.04,25.32,4,11,0.873,173,3.6,Store,Home,Neutral,Availability,The customer mentioned stock availability and product access.,592.29,0,0.5734555555555556,Cross-sell
18000,62,65282.0,30,11,92.15,21.58,1,9,0.587,178,3.2,Mobile,Apparel,Neutral,Availability,The customer mentioned stock availability and product access.,1013.69,0,0.5734333333333334,Cross-sell
14450,31,57716.0,53,5,139.36,1.02,2,11,0.478,154,3.1,Email,Electronics,Neutral,Price,The customer said the price was high and asked for a better offer.,696.82,0,0.5734277777777779,Engagement reminder
10904,30,65038.0,61,3,75.64,30.92,1,9,0.244,169,4.5,Mobile,Sports,Positive,Support,The customer described a slow or unsatisfactory support experience.,226.91,0,0.5732833333333334,Engagement reminder
14156,37,57546.0,1,5,151.69,23.27,2,13,0.444,161,3.7,Web,Apparel,Neutral,Delivery,The customer mentioned delayed delivery and tracking concerns.,758.44,1,0.5732833333333333,Engagement reminder
16562,53,56518.0,33,4,54.68,37.53,3,9,0.374,127,2.8,Email,Beauty,Neutral,Features,The customer discussed missing features and requested improvements.,218.7,1,0.5732555555555556,Engagement reminder
14413,25,57859.0,49,3,78.79,29.78,2,11,0.63,176,3.6,Web,Sports,Neutral,Availability,The customer mentioned stock availability and product access.,236.36,1,0.5731666666666666,Engagement reminder
11559,35,30560.0,4,10,103.47,32.09,0,13,0.446,176,3.1,Email,Home,Neutral,Delivery,The customer mentioned delayed delivery and tracking concerns.,1034.71,1,0.5731611111111112,Cross-sell
12539,62,67947.0,45,4,175.97,9.66,2,10,0.596,178,3.9,Web,Sports,Neutral,Support,The customer described a slow or unsatisfactory support experience.,703.86,0,0.5731611111111111,Engagement reminder
12516,31,60485.0,26,9,53.2,31.45,5,8,0.735,126,2.3,Mobile,Home,Negative,Delivery,The customer mentioned delayed delivery and tracking concerns.,478.8,0,0.5731388888888889,Cross-sell
17754,19,89427.0,69,2,62.04,34.03,3,17,0.604,151,3.0,Store,Home,Neutral,Features,The customer discussed missing features and requested improvements.,124.07,1,0.5730888888888889,Engagement reminder
13691,42,70934.0,26,8,77.04,3.85,1,10,0.611,180,3.2,Email,Beauty,Neutral,Price,The customer said the price was high and asked for a better offer.,616.35,0,0.5730777777777778,Cross-sell
13639,43,66425.0,34,3,143.64,13.0,4,13,0.73,165,3.9,Web,Home,Neutral,Price,The customer said the price was high and asked for a better offer.,430.91,0,0.5730277777777778,Engagement reminder
10306,39,68951.0,68,6,86.26,6.15,0,10,0.376,173,3.3,Email,Beauty,Neutral,Product Quality,The customer raised concerns about product quality and durability.,517.53,0,0.5729944444444445,Cross-sell
10513,42,65495.0,38,7,139.73,17.44,1,8,0.367,158,3.2,Mobile,Home,Neutral,Price,The customer said the price was high and asked for a better offer.,978.14,0,0.572988888888889,Cross-sell
13069,51,42529.0,40,8,88.95,13.42,1,8,0.455,176,3.8,Email,Beauty,Neutral,Returns,"The customer asked about returns, refunds, or the return process.",711.6,1,0.5728888888888889,Cross-sell
13469,59,97113.0,2,7,112.8,39.21,3,10,0.519,150,3.4,Web,Beauty,Neutral,Price,The customer said the price was high and asked for a better offer.,789.62,1,0.5728666666666666,Cross-sell
10056,27,62019.0,24,4,101.25,38.87,2,9,0.774,177,2.9,Mobile,Electronics,Neutral,Features,The customer discussed missing features and requested improvements.,404.99,1,0.5728388888888889,Engagement reminder
10610,38,43586.0,26,6,115.49,18.66,2,11,0.631,154,2.3,Store,Sports,Negative,Returns,"The customer asked about returns, refunds, or the return process.",692.91,0,0.5728277777777777,Cross-sell
16364,56,50715.0,68,8,119.14,37.45,2,12,0.589,162,3.0,Mobile,Home,Neutral,Price,The customer said the price was high and asked for a better offer.,953.12,0,0.5727555555555556,Cross-sell
15901,21,61781.0,56,5,68.53,25.79,3,10,0.593,165,3.9,Web,Apparel,Neutral,Product Quality,The customer raised concerns about product quality and durability.,342.65,1,0.57265,Engagement reminder
11981,42,89883.0,34,5,101.52,3.26,1,7,0.524,177,3.5,Store,Apparel,Neutral,Support,The customer described a slow or unsatisfactory support experience.,507.62,0,0.5725611111111112,Engagement reminder
15044,64,88241.0,25,5,112.68,7.24,3,6,0.795,173,3.3,Mobile,Home,Neutral,Product Quality,The customer raised concerns about product quality and durability.,563.42,0,0.5725277777777777,Engagement reminder
16594,40,53852.0,44,8,107.36,0.79,3,9,0.623,144,2.5,Email,Electronics,Neutral,Support,The customer described a slow or unsatisfactory support experience.,858.86,0,0.5724833333333335,Cross-sell
12902,33,67385.0,16,5,96.92,5.54,3,8,0.598,162,3.7,Store,Electronics,Neutral,Product Quality,The customer raised concerns about product quality and durability.,484.58,0,0.5724833333333333,Engagement reminder
11706,45,58167.0,27,4,146.79,33.57,1,7,0.469,172,3.5,Web,Sports,Neutral,Delivery,The customer mentioned delayed delivery and tracking concerns.,587.17,0,0.57245,Engagement reminder
10969,34,61181.0,27,5,82.81,35.71,1,9,0.424,173,3.8,Email,Sports,Neutral,Delivery,The customer mentioned delayed delivery and tracking concerns.,414.05,0,0.5724222222222223,Engagement reminder
13671,69,123246.0,39,3,94.03,5.59,3,9,0.517,158,3.9,Email,Sports,Neutral,Returns,"The customer asked about returns, refunds, or the return process.",282.1,0,0.5722944444444444,Engagement reminder
15693,68,69716.0,6,6,92.05,18.02,0,12,0.649,177,2.1,Mobile,Electronics,Negative,Delivery,The customer mentioned delayed delivery and tracking concerns.,552.33,1,0.5722833333333333,Cross-sell
11677,37,60726.0,18,6,110.64,16.1,4,8,0.488,153,4.5,Email,Apparel,Positive,Returns,"The customer asked about returns, refunds, or the return process.",663.87,0,0.5722611111111112,Cross-sell
14641,64,69787.0,47,7,104.16,27.43,4,11,0.795,130,1.5,Email,Apparel,Negative,Price,The customer said the price was high and asked for a better offer.,729.13,1,0.57225,Cross-sell
13351,67,75339.0,59,5,104.85,28.99,2,10,0.552,177,4.1,Email,Electronics,Positive,Product Quality,The customer raised concerns about product quality and durability.,524.27,0,0.572238888888889,Engagement reminder
17034,59,73350.0,32,6,85.22,18.43,1,10,0.257,168,4.4,Email,Electronics,Positive,Price,The customer said the price was high and asked for a better offer.,511.3,0,0.5722111111111111,Cross-sell
17203,47,70228.0,5,8,49.46,13.49,2,10,0.755,175,2.9,Email,Apparel,Neutral,Price,The customer said the price was high and asked for a better offer.,395.65,0,0.5721944444444444,Cross-sell
12812,22,58889.0,49,8,64.88,5.35,3,9,0.726,170,3.5,Mobile,Apparel,Neutral,Features,The customer discussed missing features and requested improvements.,519.03,0,0.5721611111111111,Cross-sell
16346,54,81933.0,6,8,77.6,3.06,3,13,0.802,165,2.8,Web,Beauty,Neutral,Price,The customer said the price was high and asked for a better offer.,620.83,0,0.5721,Cross-sell
13760,22,62049.0,7,5,127.11,32.29,2,9,0.335,154,3.9,Email,Home,Neutral,Returns,"The customer asked about returns, refunds, or the return process.",635.55,0,0.5720277777777778,Engagement reminder
10929,19,71609.0,34,6,117.52,16.21,3,11,0.737,154,2.5,Web,Apparel,Negative,Price,The customer said the price was high and asked for a better offer.,705.12,0,0.5719055555555556,Cross-sell
13423,57,61582.0,32,3,88.79,24.13,2,13,0.724,167,2.6,Mobile,Electronics,Neutral,Returns,"The customer asked about returns, refunds, or the return process.",266.37,1,0.5718666666666667,Engagement reminder
10346,53,68375.0,55,12,107.21,33.37,0,8,0.438,173,3.0,Web,Electronics,Neutral,Delivery,The customer mentioned delayed delivery and tracking concerns.,1286.57,1,0.5718444444444445,Cross-sell
12365,36,71681.0,23,5,54.22,14.77,0,11,0.266,171,3.8,Web,Electronics,Neutral,Features,The customer discussed missing features and requested improvements.,271.08,0,0.5718000000000001,Engagement reminder
10505,23,72452.0,32,3,112.77,19.06,3,15,0.614,180,4.7,Web,Beauty,Positive,Features,The customer discussed missing features and requested improvements.,338.3,0,0.5717833333333333,Engagement reminder
12906,22,46238.0,46,6,72.2,34.98,3,7,0.354,138,3.6,Email,Sports,Neutral,Features,The customer discussed missing features and requested improvements.,433.18,0,0.5717,Cross-sell
11965,63,41640.0,26,6,152.24,26.51,3,9,0.737,164,3.1,Mobile,Home,Neutral,Availability,The customer mentioned stock availability and product access.,913.44,0,0.5716277777777778,Cross-sell
11864,65,64053.0,8,8,86.71,4.26,0,15,0.562,179,2.7,Mobile,Electronics,Neutral,Features,The customer discussed missing features and requested improvements.,693.66,1,0.5716277777777778,Cross-sell
13887,55,40264.0,13,7,86.76,39.23,4,15,0.353,149,5.0,Email,Home,Positive,Availability,The customer mentioned stock availability and product access.,607.3,0,0.5716222222222223,Cross-sell
12830,35,49526.0,19,5,49.7,16.52,2,10,0.417,173,4.6,Mobile,Home,Positive,Price,The customer said the price was high and asked for a better offer.,248.51,0,0.5716000000000001,Engagement reminder
16262,40,68918.0,12,4,143.73,11.89,2,10,0.581,154,2.6,Store,Sports,Neutral,Support,The customer described a slow or unsatisfactory support experience.,574.93,0,0.5715777777777777,Engagement reminder
16311,47,51859.0,43,5,71.25,31.14,1,9,0.347,164,3.7,Store,Apparel,Neutral,Price,The customer said the price was high and asked for a better offer.,356.27,0,0.5715722222222223,Engagement reminder
16724,49,70804.0,31,4,75.39,26.62,3,9,0.595,163,3.8,Web,Beauty,Neutral,Delivery,The customer mentioned delayed delivery and tracking concerns.,301.56,0,0.5715555555555556,Engagement reminder
11692,41,84981.0,24,6,80.49,32.72,1,11,0.468,158,2.7,Mobile,Electronics,Neutral,Product Quality,The customer raised concerns about product quality and durability.,482.96,1,0.5715388888888889,Cross-sell
14323,60,70679.0,63,10,88.65,19.77,0,7,0.484,177,3.0,Email,Beauty,Neutral,Product Quality,The customer raised concerns about product quality and durability.,886.54,0,0.5715333333333333,Cross-sell
14639,25,47609.0,3,5,88.91,8.87,0,17,0.375,179,3.7,Mobile,Electronics,Neutral,Price,The customer said the price was high and asked for a better offer.,444.54,0,0.5715277777777777,Engagement reminder
15918,53,84012.0,71,3,91.88,6.52,1,9,0.428,151,2.5,Web,Beauty,Neutral,Delivery,The customer mentioned delayed delivery and tracking concerns.,275.63,0,0.5714833333333333,Engagement reminder
12534,68,64546.0,54,5,135.77,10.52,1,8,0.332,144,2.6,Mobile,Electronics,Neutral,Availability,The customer mentioned stock availability and product access.,678.84,0,0.5713777777777779,Engagement reminder
10940,64,35374.0,56,2,93.02,25.31,3,11,0.789,177,3.6,Mobile,Beauty,Neutral,Delivery,The customer mentioned delayed delivery and tracking concerns.,186.03,0,0.5713666666666666,Engagement reminder
14815,33,44933.0,53,9,112.67,6.57,2,14,0.655,142,1.5,Web,Beauty,Negative,Returns,"The customer asked about returns, refunds, or the return process.",1014.06,0,0.5713611111111112,Cross-sell
16330,42,66303.0,50,7,91.98,37.3,1,5,0.755,177,2.3,Email,Home,Negative,Features,The customer discussed missing features and requested improvements.,643.85,1,0.5713611111111111,Cross-sell
14021,30,73805.0,72,6,60.23,15.54,2,8,0.635,179,3.8,Email,Beauty,Neutral,Delivery,The customer mentioned delayed delivery and tracking concerns.,361.4,0,0.5713333333333334,Cross-sell
14252,69,45165.0,53,8,88.75,25.22,3,6,0.465,136,2.9,Email,Electronics,Neutral,Price,The customer said the price was high and asked for a better offer.,710.04,0,0.5713055555555555,Cross-sell
15995,57,60715.0,72,5,93.28,9.63,4,4,0.756,148,2.8,Email,Sports,Neutral,Price,The customer said the price was high and asked for a better offer.,466.39,0,0.5713,Engagement reminder
12791,66,73600.0,54,6,85.32,21.33,3,9,0.656,165,3.6,Mobile,Sports,Neutral,Delivery,The customer mentioned delayed delivery and tracking concerns.,511.91,0,0.5713,Cross-sell
15400,57,63409.0,15,5,61.53,24.94,1,5,0.257,122,1.7,Mobile,Apparel,Negative,Support,The customer described a slow or unsatisfactory support experience.,307.63,0,0.571238888888889,Engagement reminder
11365,21,62735.0,67,5,63.32,30.81,2,9,0.621,176,3.7,Web,Home,Neutral,Product Quality,The customer raised concerns about product quality and durability.,316.6,0,0.5712166666666666,Engagement reminder
13236,36,51327.0,52,5,70.18,8.82,3,11,0.519,156,3.8,Mobile,Beauty,Neutral,Delivery,The customer mentioned delayed delivery and tracking concerns.,350.89,1,0.5712,Engagement reminder
14423,47,62186.0,28,9,96.42,23.73,2,13,0.46,175,4.5,Email,Electronics,Positive,Features,The customer discussed missing features and requested improvements.,867.76,0,0.5711944444444444,Cross-sell
13441,68,100719.0,58,7,57.2,39.84,1,12,0.708,171,2.2,Mobile,Sports,Negative,Support,The customer described a slow or unsatisfactory support experience.,400.39,1,0.5711777777777778,Cross-sell
16655,46,92237.0,1,9,111.14,0.1,3,10,0.157,120,3.6,Store,Sports,Neutral,Returns,"The customer asked about returns, refunds, or the return process.",1000.27,1,0.5710999999999999,Cross-sell
13674,48,61603.0,22,4,63.2,3.28,2,10,0.56,162,3.2,Mobile,Electronics,Neutral,Features,The customer discussed missing features and requested improvements.,252.78,1,0.5710555555555555,Engagement reminder
10996,18,74689.0,48,4,97.18,35.54,1,8,0.327,140,2.4,Email,Beauty,Negative,Price,The customer said the price was high and asked for a better offer.,388.72,0,0.570988888888889,Engagement reminder
12283,50,60017.0,26,3,81.31,4.95,1,13,0.5,164,2.9,Email,Beauty,Neutral,Returns,"The customer asked about returns, refunds, or the return process.",243.94,0,0.5709722222222222,Engagement reminder
15059,61,55934.0,55,6,71.89,19.41,2,7,0.582,169,3.5,Web,Apparel,Neutral,Availability,The customer mentioned stock availability and product access.,431.35,0,0.5709611111111111,Cross-sell
12209,69,70957.0,4,4,66.27,9.41,2,10,0.632,160,2.7,Email,Apparel,Neutral,Price,The customer said the price was high and asked for a better offer.,265.1,1,0.570961111111111,Engagement reminder
14308,51,39020.0,11,7,135.46,31.18,4,10,0.563,149,3.9,Store,Home,Neutral,Support,The customer described a slow or unsatisfactory support experience.,948.22,0,0.5708722222222222,Cross-sell
17197,34,91331.0,11,6,45.68,14.93,1,6,0.589,177,3.2,Web,Beauty,Neutral,Product Quality,The customer raised concerns about product quality and durability.,274.09,0,0.5708111111111112,Cross-sell
15764,63,47454.0,22,9,123.96,35.78,2,13,0.583,169,3.5,Store,Sports,Neutral,Support,The customer described a slow or unsatisfactory support experience.,1115.65,0,0.5707611111111112,Cross-sell
17870,46,71308.0,69,4,119.82,7.98,2,11,0.631,175,3.6,Mobile,Electronics,Neutral,Price,The customer said the price was high and asked for a better offer.,479.27,0,0.5707444444444444,Engagement reminder
13030,19,66252.0,72,10,127.17,25.9,3,8,0.509,165,4.4,Web,Electronics,Positive,Product Quality,The customer raised concerns about product quality and durability.,1271.68,0,0.5707,Cross-sell
14372,64,65058.0,11,10,115.63,14.81,2,11,0.685,168,2.9,Email,Electronics,Neutral,Features,The customer discussed missing features and requested improvements.,1156.35,0,0.5706388888888889,Cross-sell
10061,40,67081.0,20,6,91.55,25.12,2,9,0.336,145,3.4,Web,Home,Neutral,Availability,The customer mentioned stock availability and product access.,549.31,1,0.5705777777777779,Cross-sell
12391,18,77397.0,15,5,112.19,28.3,1,10,0.509,168,3.1,Web,Sports,Neutral,Price,The customer said the price was high and asked for a better offer.,560.97,0,0.5705611111111112,Engagement reminder
14314,47,53801.0,35,5,74.54,29.5,3,8,0.609,179,4.7,Web,Sports,Positive,Features,The customer discussed missing features and requested improvements.,372.7,0,0.5705611111111111,Engagement reminder
11878,41,47657.0,30,3,104.61,27.77,1,8,0.424,162,3.2,Email,Home,Neutral,Product Quality,The customer raised concerns about product quality and durability.,313.83,0,0.5704777777777779,Engagement reminder
11737,67,91948.0,60,5,65.25,27.66,2,14,0.64,174,3.5,Mobile,Electronics,Neutral,Delivery,The customer mentioned delayed delivery and tracking concerns.,326.26,1,0.5704722222222223,Engagement reminder
13783,31,51617.0,41,9,104.96,5.58,3,7,0.607,145,2.7,Mobile,Beauty,Neutral,Product Quality,The customer raised concerns about product quality and durability.,944.67,1,0.5704055555555556,Cross-sell
17074,50,67242.0,25,8,98.9,17.08,2,13,0.457,171,4.3,Web,Apparel,Positive,Support,The customer described a slow or unsatisfactory support experience.,791.18,0,0.5704055555555556,Cross-sell
13180,24,93280.0,56,8,108.0,14.67,1,9,0.48,167,3.2,Mobile,Sports,Neutral,Features,The customer discussed missing features and requested improvements.,863.97,0,0.570388888888889,Cross-sell
15181,37,59066.0,32,5,143.04,25.94,2,11,0.341,147,3.5,Web,Sports,Neutral,Product Quality,The customer raised concerns about product quality and durability.,715.18,0,0.5702722222222223,Engagement reminder
16666,40,75296.0,24,12,120.28,12.61,3,8,0.532,177,5.0,Store,Beauty,Positive,Features,The customer discussed missing features and requested improvements.,1443.4,1,0.5702666666666666,Cross-sell
14450,21,24644.0,72,10,114.15,9.67,1,10,0.469,171,3.5,Web,Apparel,Neutral,Product Quality,The customer raised concerns about product quality and durability.,1141.46,1,0.5702277777777779,Cross-sell
15884,28,65447.0,66,4,89.79,5.43,0,10,0.386,176,3.5,Store,Beauty,Neutral,Delivery,The customer mentioned delayed delivery and tracking concerns.,359.15,1,0.5701611111111111,Engagement reminder
11015,66,44730.0,53,10,111.13,28.75,1,10,0.527,161,2.6,Web,Home,Neutral,Availability,The customer mentioned stock availability and product access.,1111.3,0,0.5701555555555556,Cross-sell
15000,41,82076.0,40,3,33.76,16.17,2,12,0.491,152,3.0,Mobile,Apparel,Neutral,Product Quality,The customer raised concerns about product quality and durability.,101.27,1,0.5701333333333333,Engagement reminder
16064,30,75300.0,55,6,135.34,20.58,2,13,0.41,143,2.9,Mobile,Home,Neutral,Delivery,The customer mentioned delayed delivery and tracking concerns.,812.07,0,0.5700833333333333,Cross-sell
12208,48,94619.0,58,6,102.01,33.32,2,10,0.809,167,2.2,Mobile,Beauty,Negative,Returns,"The customer asked about returns, refunds, or the return process.",612.07,0,0.5698666666666667,Cross-sell
15041,64,76172.0,59,11,109.2,15.86,0,11,0.414,175,3.3,Web,Electronics,Neutral,Features,The customer discussed missing features and requested improvements.,1201.25,0,0.5698388888888889,Cross-sell
10615,32,55510.0,46,4,60.74,9.56,1,10,0.519,150,2.0,Web,Beauty,Negative,Product Quality,The customer raised concerns about product quality and durability.,242.96,1,0.5698111111111112,Engagement reminder
12292,26,41596.0,38,7,70.36,16.12,3,11,0.786,176,3.6,Web,Home,Neutral,Support,The customer described a slow or unsatisfactory support experience.,492.51,1,0.5697444444444444,Cross-sell
17209,24,62025.0,3,5,87.36,35.08,3,7,0.7,175,4.0,Web,Electronics,Neutral,Delivery,The customer mentioned delayed delivery and tracking concerns.,436.81,1,0.5697222222222222,Engagement reminder
13882,34,57312.0,46,8,44.01,25.44,3,9,0.578,137,2.4,Email,Home,Negative,Returns,"The customer asked about returns, refunds, or the return process.",352.11,0,0.5696777777777778,Cross-sell
14155,21,49247.0,62,8,102.66,7.87,2,9,0.424,166,4.2,Mobile,Electronics,Positive,Delivery,The customer mentioned delayed delivery and tracking concerns.,821.25,1,0.5696444444444446,Cross-sell
13073,60,87036.0,57,5,121.0,9.29,2,12,0.502,173,4.2,Email,Sports,Positive,Support,The customer described a slow or unsatisfactory support experience.,605.01,0,0.5696000000000001,Engagement reminder
15844,19,64161.0,26,7,75.42,35.69,3,10,0.648,177,4.4,Email,Electronics,Positive,Product Quality,The customer raised concerns about product quality and durability.,527.91,0,0.5695666666666666,Cross-sell
13858,34,77591.0,23,6,100.06,7.19,1,20,0.41,162,3.3,Web,Beauty,Neutral,Features,The customer discussed missing features and requested improvements.,600.35,0,0.5695277777777779,Cross-sell
13802,44,81581.0,26,7,149.4,21.25,1,14,0.326,173,4.4,Web,Home,Positive,Delivery,The customer mentioned delayed delivery and tracking concerns.,1045.82,0,0.5695222222222223,Cross-sell
15190,52,75256.0,50,7,67.36,28.33,3,12,0.665,165,3.6,Store,Electronics,Neutral,Support,The customer described a slow or unsatisfactory support experience.,471.55,0,0.5695,Cross-sell
11493,65,71993.0,7,8,89.23,28.9,4,9,0.347,134,4.2,Email,Beauty,Positive,Product Quality,The customer raised concerns about product quality and durability.,713.88,1,0.5694888888888889,Cross-sell
14191,32,84017.0,41,6,82.58,15.08,2,10,0.327,142,3.3,Web,Home,Neutral,Support,The customer described a slow or unsatisfactory support experience.,495.49,0,0.5694611111111112,Cross-sell
17066,58,49747.0,12,4,105.35,20.53,0,9,0.498,152,1.5,Web,Home,Negative,Product Quality,The customer raised concerns about product quality and durability.,421.4,0,0.5694277777777778,Engagement reminder
10692,61,62674.0,42,7,97.23,9.64,5,9,0.512,111,2.7,Store,Beauty,Neutral,Support,The customer described a slow or unsatisfactory support experience.,680.58,0,0.5694055555555556,Cross-sell
13135,67,83032.0,72,4,89.28,39.71,0,9,0.303,180,4.2,Mobile,Beauty,Positive,Support,The customer described a slow or unsatisfactory support experience.,357.11,0,0.5694000000000001,Engagement reminder
13585,68,50487.0,32,4,105.37,6.62,2,8,0.874,176,2.4,Mobile,Beauty,Negative,Delivery,The customer mentioned delayed delivery and tracking concerns.,421.47,0,0.5693666666666667,Engagement reminder
15680,30,64970.0,31,4,71.83,7.26,1,6,0.331,170,4.2,Mobile,Electronics,Positive,Price,The customer said the price was high and asked for a better offer.,287.32,1,0.5693555555555556,Engagement reminder
16800,55,56740.0,4,8,134.95,26.34,1,7,0.279,140,2.7,Email,Beauty,Neutral,Product Quality,The customer raised concerns about product quality and durability.,1079.63,0,0.5693388888888888,Cross-sell
10207,68,84624.0,34,8,95.31,37.46,3,10,0.777,175,3.6,Store,Home,Neutral,Returns,"The customer asked about returns, refunds, or the return process.",762.46,0,0.5693222222222222,Cross-sell
14571,25,42518.0,66,4,139.29,2.11,0,9,0.432,173,3.1,Email,Home,Neutral,Returns,"The customer asked about returns, refunds, or the return process.",557.17,0,0.5692944444444445,Engagement reminder
14560,59,71790.0,67,4,121.03,6.92,2,9,0.523,168,3.8,Mobile,Beauty,Neutral,Support,The customer described a slow or unsatisfactory support experience.,484.13,0,0.569288888888889,Engagement reminder
14860,53,41729.0,67,3,90.98,39.91,2,13,0.623,177,3.8,Email,Beauty,Neutral,Price,The customer said the price was high and asked for a better offer.,272.94,1,0.569288888888889,Engagement reminder
15681,59,60792.0,63,5,42.81,32.02,2,13,0.646,174,3.5,Web,Apparel,Neutral,Support,The customer described a slow or unsatisfactory support experience.,214.03,1,0.5692722222222223,Engagement reminder
14821,56,86764.0,49,5,94.78,21.97,2,6,0.707,171,3.0,Web,Home,Neutral,Returns,"The customer asked about returns, refunds, or the return process.",473.89,0,0.5691555555555555,Engagement reminder
16572,53,76223.0,34,3,91.14,5.3,4,4,0.498,139,3.7,Email,Apparel,Neutral,Product Quality,The customer raised concerns about product quality and durability.,273.43,0,0.56915,Engagement reminder
13089,62,23687.0,72,3,109.95,3.07,1,8,0.513,171,3.3,Email,Sports,Neutral,Delivery,The customer mentioned delayed delivery and tracking concerns.,329.85,0,0.5689277777777778,Engagement reminder
11877,42,76191.0,38,3,102.29,5.52,3,8,0.586,161,3.8,Web,Apparel,Neutral,Returns,"The customer asked about returns, refunds, or the return process.",306.88,0,0.5689111111111111,Engagement reminder
16358,41,74581.0,14,2,49.96,20.57,3,15,0.698,166,3.5,Web,Sports,Neutral,Price,The customer said the price was high and asked for a better offer.,99.91,1,0.5688722222222223,Engagement reminder
16851,45,76737.0,49,10,111.63,30.76,0,11,0.353,164,3.0,Store,Sports,Neutral,Features,The customer discussed missing features and requested improvements.,1116.28,1,0.5688444444444445,Cross-sell
17208,41,61288.0,61,4,111.28,36.03,3,11,0.542,157,3.8,Web,Electronics,Neutral,Support,The customer described a slow or unsatisfactory support experience.,445.14,0,0.5688222222222222,Engagement reminder
10491,25,79678.0,35,12,125.65,6.76,0,6,0.304,168,3.5,Email,Apparel,Neutral,Price,The customer said the price was high and asked for a better offer.,1507.85,0,0.5687833333333333,Cross-sell
10110,24,75731.0,71,1,109.85,11.89,2,11,0.718,160,2.3,Web,Beauty,Negative,Availability,The customer mentioned stock availability and product access.,109.85,0,0.568761111111111,Engagement reminder
12575,63,74433.0,51,4,86.29,30.56,2,8,0.539,154,2.9,Email,Electronics,Neutral,Price,The customer said the price was high and asked for a better offer.,345.15,0,0.5687277777777778,Engagement reminder
11090,61,77760.0,8,4,67.82,36.0,3,11,0.497,163,4.4,Mobile,Sports,Positive,Support,The customer described a slow or unsatisfactory support experience.,271.3,0,0.5686555555555555,Engagement reminder
13626,39,36436.0,56,8,146.44,3.59,3,8,0.638,174,4.3,Mobile,Sports,Positive,Returns,"The customer asked about returns, refunds, or the return process.",1171.53,0,0.56865,Cross-sell
15366,65,71430.0,36,6,99.87,37.07,1,12,0.529,179,3.7,Web,Apparel,Neutral,Features,The customer discussed missing features and requested improvements.,599.23,1,0.5685055555555555,Cross-sell
16485,46,79181.0,57,9,96.53,30.77,1,15,0.457,159,2.9,Web,Beauty,Neutral,Returns,"The customer asked about returns, refunds, or the return process.",868.8,0,0.5684611111111111,Cross-sell
11115,57,98905.0,13,7,93.67,36.04,6,8,0.532,110,3.3,Mobile,Home,Neutral,Returns,"The customer asked about returns, refunds, or the return process.",655.71,0,0.5684611111111111,Cross-sell
11675,28,51191.0,9,6,100.77,12.8,2,9,0.472,163,3.8,Mobile,Home,Neutral,Features,The customer discussed missing features and requested improvements.,604.6,0,0.5683777777777779,Cross-sell
10444,43,74936.0,49,2,60.98,18.56,4,5,0.704,169,4.4,Email,Beauty,Positive,Support,The customer described a slow or unsatisfactory support experience.,121.95,0,0.5683666666666667,Engagement reminder
12868,46,109340.0,18,2,109.04,8.72,2,7,0.568,175,4.0,Email,Electronics,Neutral,Support,The customer described a slow or unsatisfactory support experience.,218.07,0,0.5683444444444444,Engagement reminder
17003,43,79003.0,36,6,87.53,8.83,3,14,0.591,173,4.5,Email,Beauty,Positive,Returns,"The customer asked about returns, refunds, or the return process.",525.18,0,0.5683277777777779,Cross-sell
16609,52,57132.0,71,4,81.44,12.44,2,11,0.616,154,2.5,Email,Electronics,Neutral,Delivery,The customer mentioned delayed delivery and tracking concerns.,325.74,1,0.5683277777777778,Engagement reminder
15870,32,55836.0,18,4,88.75,9.55,1,11,0.535,176,3.5,Email,Beauty,Neutral,Product Quality,The customer raised concerns about product quality and durability.,355.0,0,0.568138888888889,Engagement reminder
15680,29,78866.0,61,5,93.2,37.31,2,14,0.163,130,3.5,Mobile,Electronics,Neutral,Features,The customer discussed missing features and requested improvements.,466.0,1,0.5680944444444445,Engagement reminder
17820,35,66062.0,58,8,20.83,25.5,0,10,0.359,176,3.7,Web,Home,Neutral,Support,The customer described a slow or unsatisfactory support experience.,166.62,0,0.5680611111111111,Cross-sell
11477,50,100256.0,4,3,104.06,38.04,1,12,0.661,167,2.3,Email,Beauty,Negative,Product Quality,The customer raised concerns about product quality and durability.,312.17,0,0.567938888888889,Engagement reminder
15198,42,96881.0,22,2,96.73,29.59,0,12,0.223,162,3.6,Mobile,Beauty,Neutral,Price,The customer said the price was high and asked for a better offer.,193.47,0,0.5679000000000001,Engagement reminder
12283,29,93069.0,23,3,135.56,23.65,0,12,0.735,176,1.7,Web,Sports,Negative,Availability,The customer mentioned stock availability and product access.,406.68,1,0.5678611111111111,Engagement reminder
17611,61,64727.0,52,7,77.21,28.32,1,13,0.656,180,3.1,Mobile,Beauty,Neutral,Price,The customer said the price was high and asked for a better offer.,540.44,0,0.5678277777777778,Cross-sell
17399,41,55451.0,58,4,62.42,6.98,2,5,0.779,160,2.0,Mobile,Sports,Negative,Returns,"The customer asked about returns, refunds, or the return process.",249.68,1,0.567811111111111,Engagement reminder
16399,62,75954.0,24,6,163.86,12.83,2,7,0.632,167,3.2,Web,Apparel,Neutral,Availability,The customer mentioned stock availability and product access.,983.13,0,0.5677666666666668,Cross-sell
15298,57,74034.0,46,7,79.88,13.14,2,6,0.703,170,3.0,Mobile,Beauty,Neutral,Delivery,The customer mentioned delayed delivery and tracking concerns.,559.18,0,0.5677333333333333,Cross-sell
16197,46,84472.0,40,5,155.23,20.92,1,5,0.553,169,3.0,Mobile,Electronics,Neutral,Returns,"The customer asked about returns, refunds, or the return process.",776.13,1,0.5677333333333333,Engagement reminder
11134,54,92498.0,23,6,144.07,14.27,1,6,0.62,175,3.0,Mobile,Apparel,Neutral,Delivery,The customer mentioned delayed delivery and tracking concerns.,864.4,0,0.5676666666666667,Cross-sell
15241,21,60150.0,45,9,100.0,17.83,1,12,0.453,138,1.7,Email,Electronics,Negative,Product Quality,The customer raised concerns about product quality and durability.,899.98,0,0.5675944444444445,Cross-sell
10693,31,91964.0,39,4,70.28,21.09,2,9,0.669,177,3.6,Web,Electronics,Neutral,Availability,The customer mentioned stock availability and product access.,281.12,1,0.5675888888888889,Engagement reminder
12080,25,63200.0,71,4,117.33,8.88,4,8,0.524,144,3.9,Email,Apparel,Neutral,Delivery,The customer mentioned delayed delivery and tracking concerns.,469.31,1,0.5675611111111112,Engagement reminder
12869,27,49058.0,55,9,91.28,2.58,2,9,0.815,180,3.0,Web,Sports,Neutral,Availability,The customer mentioned stock availability and product access.,821.55,0,0.5675555555555556,Cross-sell
10800,31,52843.0,71,6,59.66,6.78,5,8,0.827,125,1.9,Mobile,Electronics,Negative,Product Quality,The customer raised concerns about product quality and durability.,357.99,0,0.5675166666666667,Cross-sell
12335,65,48056.0,49,4,118.02,23.11,2,8,0.475,173,4.4,Email,Home,Positive,Delivery,The customer mentioned delayed delivery and tracking concerns.,472.08,0,0.5675,Engagement reminder
13549,56,107438.0,51,6,98.96,31.12,2,7,0.523,152,2.9,Mobile,Beauty,Neutral,Delivery,The customer mentioned delayed delivery and tracking concerns.,593.75,0,0.5674833333333333,Cross-sell
13464,19,94235.0,43,9,100.07,15.62,4,10,0.656,144,3.2,Web,Electronics,Neutral,Returns,"The customer asked about returns, refunds, or the return process.",900.59,0,0.5674111111111112,Cross-sell
13855,69,76959.0,6,8,73.1,29.82,2,6,0.477,163,3.8,Email,Sports,Neutral,Availability,The customer mentioned stock availability and product access.,584.82,1,0.5673777777777779,Cross-sell
11791,66,82735.0,61,6,84.09,8.42,1,8,0.521,171,3.3,Store,Home,Neutral,Product Quality,The customer raised concerns about product quality and durability.,504.53,0,0.5673277777777778,Cross-sell
17580,35,60909.0,72,5,70.83,9.44,0,14,0.528,174,2.7,Mobile,Electronics,Neutral,Price,The customer said the price was high and asked for a better offer.,354.17,0,0.5673166666666667,Engagement reminder
13600,28,53535.0,19,8,97.49,2.14,5,7,0.567,142,4.3,Email,Apparel,Positive,Delivery,The customer mentioned delayed delivery and tracking concerns.,779.9,0,0.5672944444444444,Cross-sell
11558,65,76658.0,49,5,66.63,1.41,1,5,0.545,163,2.7,Web,Apparel,Neutral,Features,The customer discussed missing features and requested improvements.,333.13,0,0.56725,Engagement reminder
12534,68,40586.0,40,4,107.7,33.49,4,10,0.584,129,2.7,Email,Beauty,Neutral,Product Quality,The customer raised concerns about product quality and durability.,430.82,1,0.5672277777777778,Engagement reminder
14243,36,82246.0,34,6,70.18,16.47,2,15,0.657,169,3.2,Email,Apparel,Neutral,Price,The customer said the price was high and asked for a better offer.,421.1,0,0.5672111111111111,Cross-sell
17744,27,68100.0,19,8,56.27,24.68,2,12,0.66,176,3.6,Store,Home,Neutral,Availability,The customer mentioned stock availability and product access.,450.15,1,0.5671666666666666,Cross-sell
15739,22,55917.0,8,8,129.98,7.86,2,11,0.433,164,4.1,Web,Electronics,Positive,Delivery,The customer mentioned delayed delivery and tracking concerns.,1039.84,0,0.5671500000000002,Cross-sell
12031,32,63734.0,6,5,120.24,26.81,4,6,0.667,133,2.5,Mobile,Apparel,Neutral,Support,The customer described a slow or unsatisfactory support experience.,601.2,0,0.5670166666666667,Engagement reminder
15526,41,83287.0,66,2,92.32,2.66,1,7,0.447,176,4.0,Email,Home,Neutral,Returns,"The customer asked about returns, refunds, or the return process.",184.63,1,0.5669888888888889,Engagement reminder
13002,30,77676.0,36,5,76.35,38.97,5,10,0.658,150,4.3,Mobile,Home,Positive,Delivery,The customer mentioned delayed delivery and tracking concerns.,381.74,1,0.5668722222222222,Engagement reminder
16987,53,39226.0,11,4,64.42,14.72,2,9,0.506,162,3.6,Email,Electronics,Neutral,Product Quality,The customer raised concerns about product quality and durability.,257.67,0,0.5668555555555556,Engagement reminder
13819,60,34343.0,55,8,90.69,19.58,2,8,0.545,179,4.4,Store,Sports,Positive,Features,The customer discussed missing features and requested improvements.,725.56,0,0.5668333333333333,Cross-sell
13689,60,73649.0,6,9,53.63,7.59,1,8,0.493,175,3.7,Email,Sports,Neutral,Price,The customer said the price was high and asked for a better offer.,482.7,0,0.5668166666666666,Cross-sell
16676,68,80085.0,70,7,71.68,8.21,2,16,0.61,146,2.1,Mobile,Apparel,Negative,Product Quality,The customer raised concerns about product quality and durability.,501.79,0,0.56675,Cross-sell
10952,69,64571.0,24,4,99.03,32.48,2,7,0.663,171,3.3,Web,Beauty,Neutral,Returns,"The customer asked about returns, refunds, or the return process.",396.11,0,0.5667055555555556,Engagement reminder
11538,57,54093.0,49,7,139.68,28.01,1,6,0.55,175,3.4,Mobile,Sports,Neutral,Product Quality,The customer raised concerns about product quality and durability.,977.75,0,0.5666666666666667,Cross-sell
16195,46,69955.0,47,4,89.48,34.61,4,7,0.764,150,3.0,Email,Electronics,Neutral,Price,The customer said the price was high and asked for a better offer.,357.91,0,0.5666444444444445,Engagement reminder
17651,67,67880.0,37,8,54.78,33.33,1,14,0.655,176,2.9,Web,Beauty,Neutral,Price,The customer said the price was high and asked for a better offer.,438.26,0,0.5666388888888889,Cross-sell
10461,20,55203.0,28,8,94.49,20.91,1,5,0.462,162,3.1,Mobile,Electronics,Neutral,Product Quality,The customer raised concerns about product quality and durability.,755.88,0,0.5666277777777778,Cross-sell
11307,60,101181.0,58,6,64.94,22.31,2,16,0.558,175,4.1,Store,Beauty,Positive,Price,The customer said the price was high and asked for a better offer.,389.61,0,0.5665944444444445,Cross-sell
16831,19,70312.0,47,5,105.75,12.21,2,8,0.45,145,2.9,Web,Sports,Neutral,Features,The customer discussed missing features and requested improvements.,528.77,0,0.5665277777777777,Engagement reminder
14247,49,58036.0,42,6,69.98,20.22,1,11,0.266,173,4.8,Mobile,Apparel,Positive,Returns,"The customer asked about returns, refunds, or the return process.",419.88,0,0.5665222222222224,Cross-sell
11902,64,68933.0,21,8,102.24,22.63,2,8,0.273,151,4.2,Email,Home,Positive,Product Quality,The customer raised concerns about product quality and durability.,817.94,0,0.5665111111111112,Cross-sell
14184,46,80590.0,40,5,64.85,39.11,2,12,0.619,172,3.6,Mobile,Sports,Neutral,Delivery,The customer mentioned delayed delivery and tracking concerns.,324.23,0,0.5664777777777779,Engagement reminder
13258,67,67754.0,10,6,153.32,15.74,4,9,0.674,130,2.3,Mobile,Home,Negative,Availability,The customer mentioned stock availability and product access.,919.9,0,0.56645,Cross-sell
13806,20,55982.0,40,4,131.0,36.08,2,11,0.359,130,2.5,Mobile,Beauty,Negative,Delivery,The customer mentioned delayed delivery and tracking concerns.,523.99,0,0.5663944444444444,Engagement reminder
13719,23,37431.0,43,8,108.16,32.76,0,8,0.608,179,2.6,Email,Sports,Neutral,Product Quality,The customer raised concerns about product quality and durability.,865.29,1,0.5661777777777778,Cross-sell
10260,29,62229.0,15,7,114.49,37.81,0,11,0.498,164,2.3,Web,Home,Negative,Product Quality,The customer raised concerns about product quality and durability.,801.46,1,0.5660944444444445,Cross-sell
14323,30,79900.0,17,8,69.22,4.56,2,8,0.542,175,4.2,Web,Apparel,Positive,Support,The customer described a slow or unsatisfactory support experience.,553.79,1,0.5660444444444445,Cross-sell
12979,36,98981.0,22,3,107.53,28.75,1,9,0.631,155,1.8,Store,Home,Negative,Support,The customer described a slow or unsatisfactory support experience.,322.59,0,0.5660222222222223,Engagement reminder
10945,19,39361.0,57,7,105.49,7.83,2,11,0.754,162,2.3,Email,Home,Negative,Returns,"The customer asked about returns, refunds, or the return process.",738.45,0,0.5660055555555557,Cross-sell
16074,30,66034.0,2,6,128.21,30.85,1,7,0.599,174,3.1,Web,Apparel,Neutral,Delivery,The customer mentioned delayed delivery and tracking concerns.,769.23,0,0.5658944444444445,Cross-sell
10135,24,49299.0,21,7,52.83,1.14,2,11,0.412,148,3.3,Mobile,Apparel,Neutral,Delivery,The customer mentioned delayed delivery and tracking concerns.,369.81,1,0.5657944444444445,Cross-sell
11905,19,72809.0,42,8,97.02,26.85,2,11,0.474,162,3.8,Web,Apparel,Neutral,Product Quality,The customer raised concerns about product quality and durability.,776.18,0,0.5657555555555557,Cross-sell
10068,30,84163.0,19,6,87.08,1.64,5,7,0.446,100,2.5,Mobile,Sports,Negative,Delivery,The customer mentioned delayed delivery and tracking concerns.,522.5,0,0.5656611111111112,Cross-sell
10630,50,50324.0,16,3,53.98,19.64,4,7,0.526,145,4.0,Web,Electronics,Neutral,Returns,"The customer asked about returns, refunds, or the return process.",161.93,0,0.5656333333333333,Engagement reminder
16054,57,81562.0,16,3,90.92,21.14,4,9,0.683,149,3.4,Email,Beauty,Neutral,Price,The customer said the price was high and asked for a better offer.,272.76,0,0.5656222222222222,Engagement reminder
13189,66,31006.0,29,7,74.34,26.57,3,15,0.29,116,2.8,Mobile,Electronics,Neutral,Availability,The customer mentioned stock availability and product access.,520.4,0,0.5656111111111112,Cross-sell
12549,47,53637.0,7,5,75.05,16.94,2,13,0.27,152,4.3,Web,Beauty,Positive,Product Quality,The customer raised concerns about product quality and durability.,375.24,0,0.5655833333333333,Engagement reminder
13637,38,92776.0,31,4,82.23,0.22,0,13,0.458,177,3.3,Web,Apparel,Neutral,Product Quality,The customer raised concerns about product quality and durability.,328.91,0,0.5654833333333333,Engagement reminder
17298,23,34826.0,34,6,109.02,24.18,2,9,0.5,176,4.5,Web,Home,Positive,Delivery,The customer mentioned delayed delivery and tracking concerns.,654.14,0,0.5654166666666667,Cross-sell
14383,53,91083.0,53,7,84.92,21.59,2,10,0.507,153,3.1,Web,Beauty,Neutral,Returns,"The customer asked about returns, refunds, or the return process.",594.41,0,0.5654055555555556,Cross-sell
16241,41,91445.0,60,8,35.79,11.8,0,10,0.548,180,3.0,Web,Electronics,Neutral,Price,The customer said the price was high and asked for a better offer.,286.32,0,0.5654,Cross-sell
12858,26,65369.0,20,7,63.74,13.66,4,7,0.59,154,4.2,Mobile,Apparel,Positive,Support,The customer described a slow or unsatisfactory support experience.,446.17,0,0.5653333333333334,Cross-sell
15896,56,73817.0,63,9,129.08,4.37,0,10,0.183,142,2.7,Email,Beauty,Neutral,Support,The customer described a slow or unsatisfactory support experience.,1161.74,0,0.5652055555555555,Cross-sell
14810,34,48811.0,22,3,127.1,5.49,2,7,0.543,173,4.1,Email,Electronics,Positive,Delivery,The customer mentioned delayed delivery and tracking concerns.,381.29,0,0.5651500000000002,Engagement reminder
16128,37,57823.0,9,5,54.77,20.87,3,5,0.409,140,3.6,Mobile,Apparel,Neutral,Delivery,The customer mentioned delayed delivery and tracking concerns.,273.85,0,0.5651444444444444,Engagement reminder
15266,45,76413.0,27,5,67.92,33.6,1,13,0.536,173,3.4,Email,Apparel,Neutral,Availability,The customer mentioned stock availability and product access.,339.6,1,0.5650222222222223,Engagement reminder
15747,64,81539.0,15,7,75.74,5.23,3,8,0.341,149,4.5,Email,Apparel,Positive,Delivery,The customer mentioned delayed delivery and tracking concerns.,530.18,1,0.5649944444444445,Cross-sell
12720,30,64507.0,15,5,118.31,3.11,4,11,0.464,129,3.4,Web,Electronics,Neutral,Price,The customer said the price was high and asked for a better offer.,591.55,0,0.5649777777777778,Engagement reminder
14667,53,84531.0,39,8,67.45,5.63,1,10,0.556,168,3.0,Mobile,Electronics,Neutral,Price,The customer said the price was high and asked for a better offer.,539.56,0,0.5649111111111111,Cross-sell
10381,65,79798.0,35,4,128.71,5.62,2,6,0.323,148,3.8,Web,Electronics,Neutral,Product Quality,The customer raised concerns about product quality and durability.,514.85,0,0.5648444444444446,Engagement reminder
10150,49,44790.0,44,6,135.97,31.1,1,13,0.619,177,3.2,Email,Beauty,Neutral,Delivery,The customer mentioned delayed delivery and tracking concerns.,815.83,1,0.564811111111111,Cross-sell
16954,26,69223.0,55,7,73.88,39.24,0,11,0.335,169,3.5,Store,Sports,Neutral,Delivery,The customer mentioned delayed delivery and tracking concerns.,517.18,0,0.5648055555555557,Cross-sell
10939,55,49842.0,11,6,78.27,25.32,3,12,0.822,177,3.6,Web,Electronics,Neutral,Price,The customer said the price was high and asked for a better offer.,469.6,0,0.5647666666666666,Cross-sell
13359,68,66799.0,26,6,145.2,2.48,3,13,0.325,139,4.0,Email,Beauty,Neutral,Price,The customer said the price was high and asked for a better offer.,871.18,1,0.5647222222222222,Cross-sell
13040,35,71505.0,50,4,153.83,38.2,1,5,0.616,175,3.1,Web,Sports,Neutral,Features,The customer discussed missing features and requested improvements.,615.31,1,0.5647166666666668,Engagement reminder
13538,53,68787.0,67,7,138.47,13.73,2,16,0.616,149,2.3,Email,Beauty,Negative,Price,The customer said the price was high and asked for a better offer.,969.26,1,0.5647166666666668,Cross-sell
10084,61,88392.0,62,10,107.75,10.06,2,9,0.332,169,5.0,Web,Sports,Positive,Delivery,The customer mentioned delayed delivery and tracking concerns.,1077.53,1,0.5647111111111112,Cross-sell
14719,44,70395.0,43,8,66.96,35.55,2,8,0.523,171,4.1,Web,Apparel,Positive,Returns,"The customer asked about returns, refunds, or the return process.",535.65,0,0.5647055555555557,Cross-sell
11109,30,79096.0,15,1,89.31,11.06,2,6,0.703,145,1.6,Web,Electronics,Negative,Product Quality,The customer raised concerns about product quality and durability.,89.31,1,0.5646777777777778,Engagement reminder
12494,54,64477.0,24,8,120.01,31.53,3,12,0.466,155,4.2,Mobile,Sports,Positive,Support,The customer described a slow or unsatisfactory support experience.,960.11,1,0.5645777777777778,Cross-sell
16331,30,89830.0,49,4,80.84,0.97,4,11,0.823,151,2.8,Mobile,Beauty,Neutral,Delivery,The customer mentioned delayed delivery and tracking concerns.,323.37,1,0.5645666666666667,Engagement reminder
16395,22,57049.0,56,6,66.65,11.14,1,8,0.523,175,3.6,Email,Home,Neutral,Price,The customer said the price was high and asked for a better offer.,399.9,0,0.5645666666666667,Cross-sell
16146,66,55553.0,34,4,109.27,8.38,2,13,0.339,151,3.9,Web,Apparel,Neutral,Returns,"The customer asked about returns, refunds, or the return process.",437.1,0,0.5645611111111112,Engagement reminder
16846,65,61814.0,36,6,64.9,10.61,2,12,0.639,178,3.9,Mobile,Home,Neutral,Delivery,The customer mentioned delayed delivery and tracking concerns.,389.41,0,0.5645611111111112,Cross-sell
12920,35,91483.0,22,12,70.84,36.51,4,15,0.839,171,3.9,Email,Home,Neutral,Returns,"The customer asked about returns, refunds, or the return process.",850.05,1,0.5645611111111111,Cross-sell
16248,28,75392.0,4,3,109.36,9.16,2,14,0.753,173,3.0,Email,Electronics,Neutral,Delivery,The customer mentioned delayed delivery and tracking concerns.,328.09,0,0.5644,Engagement reminder
11390,29,66974.0,15,5,104.6,6.18,0,10,0.408,172,3.3,Web,Sports,Neutral,Product Quality,The customer raised concerns about product quality and durability.,522.98,1,0.5643722222222223,Engagement reminder
14928,28,59206.0,3,5,86.97,14.03,2,8,0.599,176,4.0,Mobile,Home,Neutral,Delivery,The customer mentioned delayed delivery and tracking concerns.,434.84,1,0.5643666666666667,Engagement reminder
14715,35,27589.0,68,7,86.33,7.51,2,10,0.618,176,3.9,Mobile,Home,Neutral,Returns,"The customer asked about returns, refunds, or the return process.",604.32,1,0.5643166666666667,Cross-sell
16049,48,56569.0,8,6,114.79,24.12,1,9,0.539,178,3.7,Store,Home,Neutral,Support,The customer described a slow or unsatisfactory support experience.,688.72,0,0.5642833333333334,Cross-sell
10859,62,53477.0,38,6,107.96,16.05,2,4,0.406,140,2.9,Web,Beauty,Neutral,Availability,The customer mentioned stock availability and product access.,647.74,0,0.5642166666666667,Cross-sell
10396,44,54378.0,14,3,127.37,28.69,2,15,0.497,160,3.6,Mobile,Apparel,Neutral,Returns,"The customer asked about returns, refunds, or the return process.",382.12,1,0.5642111111111111,Engagement reminder
16923,24,70531.0,45,7,83.3,27.13,1,6,0.309,164,4.1,Email,Electronics,Positive,Returns,"The customer asked about returns, refunds, or the return process.",583.12,0,0.5641722222222223,Cross-sell
14850,20,68232.0,29,7,104.75,19.66,6,9,0.834,142,3.7,Web,Apparel,Neutral,Availability,The customer mentioned stock availability and product access.,733.22,0,0.5641722222222222,Cross-sell
13801,33,41503.0,67,7,116.87,26.75,2,9,0.541,169,3.9,Mobile,Beauty,Neutral,Product Quality,The customer raised concerns about product quality and durability.,818.06,0,0.5641611111111111,Cross-sell
16492,65,43974.0,67,7,104.84,23.78,2,10,0.287,136,3.3,Store,Electronics,Neutral,Delivery,The customer mentioned delayed delivery and tracking concerns.,733.87,0,0.5641277777777778,Cross-sell
13347,41,31686.0,42,6,95.63,4.02,0,8,0.365,168,3.3,Mobile,Electronics,Neutral,Delivery,The customer mentioned delayed delivery and tracking concerns.,573.78,1,0.5640833333333333,Cross-sell
10357,57,78506.0,68,8,62.08,15.79,3,13,0.445,163,4.8,Mobile,Electronics,Positive,Returns,"The customer asked about returns, refunds, or the return process.",496.65,0,0.5640555555555555,Cross-sell
16521,52,101477.0,42,8,125.88,38.96,3,14,0.505,138,3.0,Web,Beauty,Neutral,Availability,The customer mentioned stock availability and product access.,1007.0,1,0.564,Cross-sell
15372,22,81775.0,18,7,94.57,35.8,2,13,0.471,166,4.1,Mobile,Beauty,Positive,Features,The customer discussed missing features and requested improvements.,661.98,1,0.5639944444444446,Cross-sell
10857,23,52999.0,58,2,106.4,8.91,2,7,0.547,161,3.4,Store,Home,Neutral,Features,The customer discussed missing features and requested improvements.,212.81,0,0.5639333333333334,Engagement reminder
16645,64,59885.0,43,8,144.33,21.22,3,13,0.593,156,3.6,Mobile,Electronics,Neutral,Product Quality,The customer raised concerns about product quality and durability.,1154.62,0,0.5639,Cross-sell
10037,69,56261.0,23,5,101.33,28.49,2,8,0.766,179,3.3,Store,Electronics,Neutral,Product Quality,The customer raised concerns about product quality and durability.,506.67,1,0.5638833333333333,Engagement reminder
12996,68,69060.0,59,10,103.51,9.23,1,13,0.432,180,4.4,Store,Electronics,Positive,Availability,The customer mentioned stock availability and product access.,1035.13,0,0.5638777777777778,Cross-sell
16513,57,69853.0,15,6,113.81,25.47,3,8,0.689,168,3.8,Web,Sports,Neutral,Returns,"The customer asked about returns, refunds, or the return process.",682.86,0,0.5638666666666667,Cross-sell
12254,54,41735.0,63,10,105.29,4.38,2,13,0.565,171,3.9,Web,Sports,Neutral,Delivery,The customer mentioned delayed delivery and tracking concerns.,1052.89,0,0.5638055555555557,Cross-sell
16643,46,83925.0,28,7,81.39,13.12,2,8,0.452,149,3.2,Web,Beauty,Neutral,Support,The customer described a slow or unsatisfactory support experience.,569.73,0,0.5637666666666667,Cross-sell
16532,36,94168.0,25,9,81.71,7.47,4,7,0.332,125,3.9,Mobile,Apparel,Neutral,Product Quality,The customer raised concerns about product quality and durability.,735.42,0,0.5637388888888889,Cross-sell
10329,20,85741.0,21,5,135.22,10.5,1,8,0.423,169,3.8,Email,Electronics,Neutral,Price,The customer said the price was high and asked for a better offer.,676.12,0,0.5637333333333334,Engagement reminder
12942,48,76445.0,55,6,86.0,33.91,5,5,0.703,156,4.5,Mobile,Beauty,Positive,Returns,"The customer asked about returns, refunds, or the return process.",516.02,0,0.5637055555555557,Cross-sell
12796,39,81518.0,20,4,159.8,0.61,3,5,0.703,154,2.9,Email,Electronics,Neutral,Delivery,The customer mentioned delayed delivery and tracking concerns.,639.22,1,0.5637055555555556,Engagement reminder
12541,54,67591.0,13,7,85.39,12.67,4,6,0.656,144,3.3,Mobile,Home,Neutral,Support,The customer described a slow or unsatisfactory support experience.,597.76,1,0.5636611111111112,Cross-sell
16283,57,55860.0,29,4,93.56,8.7,3,6,0.495,142,3.3,Web,Apparel,Neutral,Returns,"The customer asked about returns, refunds, or the return process.",374.24,1,0.5636388888888889,Engagement reminder
13510,54,20554.0,17,7,87.16,3.19,0,12,0.415,179,3.7,Email,Electronics,Neutral,Price,The customer said the price was high and asked for a better offer.,610.1,1,0.5635277777777777,Cross-sell
16617,60,67168.0,44,10,112.77,16.21,1,10,0.641,175,3.0,Web,Beauty,Neutral,Features,The customer discussed missing features and requested improvements.,1127.73,0,0.5634666666666667,Cross-sell
13356,39,57645.0,30,8,95.34,31.98,3,6,0.588,157,3.7,Store,Sports,Neutral,Support,The customer described a slow or unsatisfactory support experience.,762.71,1,0.5633722222222222,Cross-sell
11179,45,66242.0,4,5,112.78,0.8,1,8,0.486,161,3.0,Email,Electronics,Neutral,Features,The customer discussed missing features and requested improvements.,563.88,1,0.5633555555555556,Engagement reminder
12427,22,46240.0,9,7,77.23,31.71,3,17,0.55,162,4.2,Mobile,Beauty,Positive,Returns,"The customer asked about returns, refunds, or the return process.",540.64,1,0.5633333333333334,Cross-sell
10056,18,82194.0,2,4,115.98,8.16,2,7,0.344,166,4.8,Web,Home,Positive,Product Quality,The customer raised concerns about product quality and durability.,463.93,0,0.5631444444444444,Engagement reminder
14938,45,60678.0,70,6,84.57,18.44,0,7,0.485,175,3.1,Store,Home,Neutral,Support,The customer described a slow or unsatisfactory support experience.,507.39,0,0.563138888888889,Cross-sell
13778,22,51567.0,27,7,108.23,34.32,1,19,0.426,169,3.8,Web,Home,Neutral,Price,The customer said the price was high and asked for a better offer.,757.64,0,0.5631333333333334,Cross-sell
13447,19,86163.0,37,5,84.92,10.47,2,7,0.602,174,3.9,Mobile,Home,Neutral,Support,The customer described a slow or unsatisfactory support experience.,424.61,0,0.5630722222222223,Engagement reminder
10506,38,74621.0,68,6,71.63,16.37,0,9,0.566,162,1.9,Store,Beauty,Negative,Price,The customer said the price was high and asked for a better offer.,429.76,0,0.56305,Cross-sell
10079,68,51805.0,35,5,83.61,35.91,3,14,0.312,132,3.7,Mobile,Apparel,Neutral,Delivery,The customer mentioned delayed delivery and tracking concerns.,418.05,0,0.5630166666666666,Engagement reminder
15689,35,59617.0,3,3,115.3,31.69,1,13,0.482,179,4.1,Mobile,Apparel,Positive,Price,The customer said the price was high and asked for a better offer.,345.91,1,0.5629055555555557,Engagement reminder
15882,37,58454.0,26,3,124.88,5.3,5,11,0.528,123,3.5,Mobile,Electronics,Neutral,Availability,The customer mentioned stock availability and product access.,374.63,0,0.5628722222222223,Engagement reminder
17044,61,68143.0,5,3,22.12,7.28,1,12,0.41,159,3.3,Email,Home,Neutral,Price,The customer said the price was high and asked for a better offer.,66.37,1,0.5628611111111111,Engagement reminder
15772,53,32152.0,47,4,95.81,15.95,1,13,0.758,165,1.8,Web,Sports,Negative,Returns,"The customer asked about returns, refunds, or the return process.",383.25,0,0.5628444444444445,Engagement reminder
13181,42,51272.0,7,7,93.04,36.75,3,13,0.586,165,4.2,Web,Apparel,Positive,Returns,"The customer asked about returns, refunds, or the return process.",651.3,0,0.5628000000000001,Cross-sell
14584,31,69909.0,59,5,93.85,26.14,2,12,0.302,130,2.9,Email,Electronics,Neutral,Product Quality,The customer raised concerns about product quality and durability.,469.25,0,0.5627944444444445,Engagement reminder
14226,51,35717.0,44,6,68.66,29.81,3,11,0.6,173,4.6,Mobile,Apparel,Positive,Price,The customer said the price was high and asked for a better offer.,411.95,0,0.5627777777777778,Cross-sell
13767,62,76449.0,18,8,120.05,23.73,3,9,0.498,152,3.9,Store,Home,Neutral,Returns,"The customer asked about returns, refunds, or the return process.",960.4,0,0.5627611111111112,Cross-sell
16279,37,47639.0,26,5,85.34,39.18,1,7,0.487,176,3.9,Mobile,Sports,Neutral,Support,The customer described a slow or unsatisfactory support experience.,426.68,0,0.5627388888888889,Engagement reminder
15251,33,59970.0,60,10,116.12,37.84,1,9,0.453,178,4.2,Web,Apparel,Positive,Price,The customer said the price was high and asked for a better offer.,1161.18,0,0.5627333333333334,Cross-sell
17681,48,59253.0,69,4,99.11,11.4,1,9,0.363,180,4.8,Mobile,Electronics,Positive,Delivery,The customer mentioned delayed delivery and tracking concerns.,396.43,1,0.5626777777777778,Engagement reminder
13429,41,64545.0,59,6,96.93,27.22,1,5,0.413,171,4.0,Mobile,Beauty,Neutral,Features,The customer discussed missing features and requested improvements.,581.57,0,0.5626777777777777,Cross-sell
12079,61,63387.0,38,7,114.2,18.5,1,6,0.229,146,3.5,Email,Home,Neutral,Price,The customer said the price was high and asked for a better offer.,799.37,0,0.5626722222222224,Cross-sell
17955,52,77596.0,38,5,65.2,34.35,3,3,0.82,159,2.6,Store,Sports,Neutral,Features,The customer discussed missing features and requested improvements.,326.02,0,0.5626666666666666,Engagement reminder
10562,37,72871.0,25,7,31.29,37.61,1,3,0.577,179,3.6,Email,Sports,Neutral,Product Quality,The customer raised concerns about product quality and durability.,219.03,1,0.5626555555555556,Cross-sell
17634,41,56740.0,54,3,112.76,30.05,3,4,0.464,159,4.5,Email,Beauty,Positive,Delivery,The customer mentioned delayed delivery and tracking concerns.,338.29,1,0.5626166666666668,Engagement reminder
16825,58,76989.0,48,9,92.12,14.18,1,8,0.537,172,3.4,Email,Electronics,Neutral,Support,The customer described a slow or unsatisfactory support experience.,829.09,0,0.5626,Cross-sell
16133,28,86620.0,30,6,134.08,16.99,0,13,0.387,171,3.4,Email,Home,Neutral,Returns,"The customer asked about returns, refunds, or the return process.",804.48,0,0.5626,Cross-sell
11079,59,61317.0,68,2,64.2,13.28,2,7,0.526,172,4.2,Email,Sports,Positive,Delivery,The customer mentioned delayed delivery and tracking concerns.,128.39,0,0.5625777777777778,Engagement reminder
11987,69,49031.0,64,6,66.89,33.55,5,9,0.54,129,3.8,Email,Beauty,Neutral,Support,The customer described a slow or unsatisfactory support experience.,401.36,1,0.5625555555555556,Cross-sell
16892,41,55994.0,40,6,51.5,39.52,0,7,0.222,173,4.4,Store,Beauty,Positive,Availability,The customer mentioned stock availability and product access.,308.99,0,0.5625444444444445,Cross-sell
14436,53,71731.0,23,8,139.67,3.12,2,9,0.432,177,5.0,Mobile,Home,Positive,Features,The customer discussed missing features and requested improvements.,1117.36,0,0.5624888888888889,Cross-sell
17469,68,62429.0,33,8,95.74,33.07,3,5,0.333,110,2.3,Store,Beauty,Negative,Price,The customer said the price was high and asked for a better offer.,765.93,0,0.5624277777777777,Cross-sell
17706,24,95379.0,36,11,99.58,19.35,4,10,0.522,155,4.7,Web,Home,Positive,Support,The customer described a slow or unsatisfactory support experience.,1095.35,0,0.5624055555555556,Cross-sell
17910,38,63300.0,50,6,80.82,7.73,0,6,0.263,180,4.6,Web,Home,Positive,Support,The customer described a slow or unsatisfactory support experience.,484.91,0,0.5624,Cross-sell
12591,23,44851.0,52,6,156.93,29.53,4,14,0.767,177,4.7,Mobile,Apparel,Positive,Product Quality,The customer raised concerns about product quality and durability.,941.56,1,0.5622944444444444,Cross-sell
10695,48,94464.0,66,8,82.81,0.42,1,7,0.665,180,3.2,Web,Home,Neutral,Product Quality,The customer raised concerns about product quality and durability.,662.45,0,0.5622777777777778,Cross-sell
17235,18,96200.0,13,5,94.47,28.52,3,12,0.627,160,3.7,Mobile,Sports,Neutral,Delivery,The customer mentioned delayed delivery and tracking concerns.,472.34,0,0.5622388888888888,Engagement reminder
14074,63,55131.0,6,2,104.36,8.67,0,11,0.498,169,2.7,Email,Electronics,Neutral,Availability,The customer mentioned stock availability and product access.,208.71,0,0.5622055555555556,Engagement reminder
15418,39,74385.0,24,3,108.6,27.19,1,9,0.453,171,3.8,Web,Apparel,Neutral,Delivery,The customer mentioned delayed delivery and tracking concerns.,325.81,0,0.5621777777777778,Engagement reminder
11724,63,56330.0,56,4,93.53,6.43,1,13,0.453,171,3.8,Email,Electronics,Neutral,Delivery,The customer mentioned delayed delivery and tracking concerns.,374.11,0,0.5621777777777778,Engagement reminder
14773,50,51225.0,68,5,84.94,9.26,1,9,0.601,159,2.3,Web,Apparel,Negative,Features,The customer discussed missing features and requested improvements.,424.69,0,0.5621611111111111,Engagement reminder
16273,61,100522.0,61,8,97.47,8.76,0,6,0.467,178,3.4,Store,Sports,Neutral,Price,The customer said the price was high and asked for a better offer.,779.78,0,0.5621555555555555,Cross-sell
10505,58,108335.0,62,5,108.43,7.31,3,5,0.54,169,4.7,Mobile,Sports,Positive,Product Quality,The customer raised concerns about product quality and durability.,542.17,0,0.5621388888888889,Engagement reminder
13766,35,65304.0,58,4,98.03,33.69,3,9,0.422,128,2.9,Email,Beauty,Neutral,Availability,The customer mentioned stock availability and product access.,392.13,0,0.5621277777777778,Engagement reminder
17815,29,117772.0,45,5,93.09,4.21,4,9,0.677,157,4.0,Web,Home,Positive,Features,The customer discussed missing features and requested improvements.,465.46,0,0.5620999999999999,Engagement reminder
14381,26,62010.0,15,2,170.91,36.89,0,8,0.401,172,3.4,Web,Electronics,Neutral,Support,The customer described a slow or unsatisfactory support experience.,341.82,0,0.5620222222222222,Engagement reminder
12342,39,60140.0,8,4,144.15,29.62,0,15,0.514,172,2.8,Web,Sports,Neutral,Features,The customer discussed missing features and requested improvements.,576.6,1,0.5619222222222222,Engagement reminder
12186,22,65978.0,61,6,121.21,36.99,3,13,0.73,159,3.1,Web,Electronics,Neutral,Price,The customer said the price was high and asked for a better offer.,727.24,1,0.5619166666666666,Cross-sell
11293,40,41557.0,23,7,117.6,25.15,0,9,0.724,174,1.8,Web,Apparel,Negative,Returns,"The customer asked about returns, refunds, or the return process.",823.21,1,0.5618666666666667,Cross-sell
17033,30,80446.0,14,9,110.79,9.19,1,11,0.524,157,2.6,Mobile,Apparel,Neutral,Price,The customer said the price was high and asked for a better offer.,997.11,0,0.5618666666666667,Cross-sell
15756,19,34914.0,32,6,116.81,4.92,1,13,0.679,176,2.9,Web,Sports,Neutral,Price,The customer said the price was high and asked for a better offer.,700.83,0,0.5618388888888889,Cross-sell
15349,57,98632.0,50,6,81.24,28.42,1,8,0.503,177,3.9,Mobile,Sports,Neutral,Price,The customer said the price was high and asked for a better offer.,487.45,1,0.5617611111111112,Cross-sell
11086,27,53171.0,56,6,70.46,38.0,1,8,0.76,163,1.7,Email,Electronics,Negative,Product Quality,The customer raised concerns about product quality and durability.,422.75,0,0.56175,Cross-sell
12053,36,92843.0,48,6,99.74,18.28,0,9,0.458,177,3.4,Store,Apparel,Neutral,Price,The customer said the price was high and asked for a better offer.,598.45,0,0.5617333333333334,Cross-sell
15665,63,72771.0,24,8,140.4,33.47,2,8,0.433,170,4.6,Mobile,Apparel,Positive,Product Quality,The customer raised concerns about product quality and durability.,1123.21,1,0.5617333333333333,Cross-sell
14751,43,72582.0,58,4,103.65,20.71,2,9,0.577,166,3.6,Email,Sports,Neutral,Product Quality,The customer raised concerns about product quality and durability.,414.6,1,0.5615444444444445,Engagement reminder
17958,46,59518.0,51,12,66.76,37.18,1,8,0.621,174,3.1,Mobile,Apparel,Neutral,Returns,"The customer asked about returns, refunds, or the return process.",801.07,0,0.5614944444444445,Cross-sell
16066,28,50225.0,71,5,77.58,33.57,2,15,0.496,157,3.5,Email,Apparel,Neutral,Returns,"The customer asked about returns, refunds, or the return process.",387.88,0,0.5614944444444445,Engagement reminder
14106,20,66264.0,47,6,102.56,32.37,1,11,0.285,164,4.3,Email,Sports,Positive,Availability,The customer mentioned stock availability and product access.,615.36,0,0.5614722222222223,Cross-sell
10093,46,54573.0,19,6,52.77,35.82,0,18,0.361,158,2.8,Web,Beauty,Neutral,Support,The customer described a slow or unsatisfactory support experience.,316.64,0,0.5614111111111112,Cross-sell
13435,28,67559.0,49,7,35.85,13.69,4,7,0.767,131,2.0,Web,Sports,Negative,Features,The customer discussed missing features and requested improvements.,250.95,0,0.5613222222222223,Cross-sell
15351,29,86052.0,66,7,77.29,2.31,1,8,0.513,176,3.8,Store,Home,Neutral,Availability,The customer mentioned stock availability and product access.,541.03,0,0.561288888888889,Cross-sell
12294,34,100010.0,24,7,126.88,28.61,2,15,0.798,179,3.2,Mobile,Beauty,Neutral,Availability,The customer mentioned stock availability and product access.,888.14,1,0.5612333333333334,Cross-sell
15324,33,58406.0,69,7,87.59,21.36,2,8,0.463,164,4.1,Store,Home,Positive,Product Quality,The customer raised concerns about product quality and durability.,613.15,0,0.5611500000000001,Cross-sell
14357,43,72846.0,38,10,93.32,32.86,2,11,0.604,175,4.0,Mobile,Sports,Positive,Features,The customer discussed missing features and requested improvements.,933.23,0,0.5611444444444444,Cross-sell
11690,36,49359.0,52,8,71.25,36.29,1,17,0.536,178,3.8,Web,Sports,Neutral,Price,The customer said the price was high and asked for a better offer.,570.03,0,0.5611333333333334,Cross-sell
17025,62,110487.0,52,6,86.14,32.16,0,9,0.427,179,3.7,Web,Beauty,Neutral,Returns,"The customer asked about returns, refunds, or the return process.",516.82,1,0.5611277777777778,Cross-sell
13361,49,48929.0,39,10,99.52,2.56,3,13,0.823,167,3.1,Email,Home,Neutral,Price,The customer said the price was high and asked for a better offer.,995.22,0,0.5610944444444445,Cross-sell
12926,24,47844.0,67,7,112.94,39.11,1,13,0.605,169,2.9,Email,Electronics,Neutral,Product Quality,The customer raised concerns about product quality and durability.,790.55,0,0.5610833333333334,Cross-sell
12751,33,63251.0,40,3,49.54,22.66,0,7,0.394,176,3.7,Web,Home,Neutral,Returns,"The customer asked about returns, refunds, or the return process.",148.63,1,0.5610611111111111,Engagement reminder
11993,23,87006.0,56,4,111.09,0.31,1,16,0.308,149,3.3,Web,Beauty,Neutral,Availability,The customer mentioned stock availability and product access.,444.37,0,0.5610388888888889,Engagement reminder
10750,46,71534.0,33,3,72.31,28.46,2,9,0.49,163,3.9,Store,Home,Neutral,Price,The customer said the price was high and asked for a better offer.,216.92,1,0.5610277777777778,Engagement reminder
17080,35,60641.0,55,11,63.57,13.98,2,11,0.513,160,3.6,Email,Electronics,Neutral,Support,The customer described a slow or unsatisfactory support experience.,699.27,0,0.5610111111111111,Cross-sell
12875,52,85122.0,34,7,102.02,6.47,1,7,0.578,180,3.7,Web,Beauty,Neutral,Delivery,The customer mentioned delayed delivery and tracking concerns.,714.14,0,0.5609277777777778,Cross-sell
10455,48,76155.0,10,2,129.03,15.0,3,11,0.549,149,3.5,Store,Home,Neutral,Product Quality,The customer raised concerns about product quality and durability.,258.06,0,0.5608944444444445,Engagement reminder
17611,38,58464.0,23,2,108.32,26.0,3,10,0.472,164,4.8,Mobile,Apparel,Positive,Product Quality,The customer raised concerns about product quality and durability.,216.63,1,0.5608777777777778,Engagement reminder
17362,44,71751.0,69,8,92.75,26.11,4,6,0.306,123,4.0,Store,Sports,Neutral,Price,The customer said the price was high and asked for a better offer.,742.02,0,0.5607444444444445,Cross-sell
14526,39,96944.0,47,8,100.94,17.72,2,13,0.486,176,4.7,Web,Home,Positive,Returns,"The customer asked about returns, refunds, or the return process.",807.55,0,0.5607166666666666,Cross-sell
14477,58,95835.0,44,8,121.2,39.82,2,6,0.489,156,3.5,Mobile,Home,Neutral,Product Quality,The customer raised concerns about product quality and durability.,969.64,1,0.5606722222222223,Cross-sell
17119,67,76341.0,65,8,41.8,38.1,4,8,0.503,139,3.9,Email,Beauty,Neutral,Product Quality,The customer raised concerns about product quality and durability.,334.41,0,0.5606500000000001,Cross-sell
16967,48,74153.0,13,4,101.45,18.85,3,9,0.681,154,3.1,Mobile,Electronics,Neutral,Delivery,The customer mentioned delayed delivery and tracking concerns.,405.81,0,0.5606055555555556,Engagement reminder
14357,55,93978.0,9,8,52.7,38.33,3,8,0.529,142,3.2,Mobile,Electronics,Neutral,Price,The customer said the price was high and asked for a better offer.,421.62,0,0.5605888888888889,Cross-sell
14104,52,54816.0,26,5,75.88,23.93,2,12,0.209,124,3.1,Web,Sports,Neutral,Product Quality,The customer raised concerns about product quality and durability.,379.39,0,0.5605611111111112,Engagement reminder
12099,28,63066.0,56,6,96.69,31.12,4,12,0.784,171,4.3,Email,Apparel,Positive,Support,The customer described a slow or unsatisfactory support experience.,580.15,0,0.5605611111111111,Cross-sell
14861,58,43564.0,60,7,93.82,29.82,1,8,0.482,156,2.8,Mobile,Home,Neutral,Price,The customer said the price was high and asked for a better offer.,656.73,0,0.5605444444444445,Cross-sell
17297,38,92924.0,13,8,104.27,36.09,4,5,0.578,144,3.8,Web,Apparel,Neutral,Support,The customer described a slow or unsatisfactory support experience.,834.17,0,0.5605111111111112,Cross-sell
11910,69,96977.0,59,5,135.82,10.12,1,15,0.454,145,2.3,Email,Electronics,Negative,Features,The customer discussed missing features and requested improvements.,679.1,0,0.5604500000000001,Engagement reminder
15911,48,45060.0,53,8,156.29,26.27,3,10,0.491,152,4.0,Web,Sports,Neutral,Product Quality,The customer raised concerns about product quality and durability.,1250.35,0,0.5604111111111111,Cross-sell
11824,22,105915.0,6,3,88.45,39.18,2,10,0.423,155,3.8,Mobile,Electronics,Neutral,Delivery,The customer mentioned delayed delivery and tracking concerns.,265.34,1,0.5604000000000001,Engagement reminder
10935,68,63156.0,71,7,61.14,20.95,2,15,0.612,172,3.8,Email,Electronics,Neutral,Returns,"The customer asked about returns, refunds, or the return process.",427.98,0,0.5603777777777779,Cross-sell
12565,43,65614.0,70,5,76.14,20.68,1,6,0.628,164,2.5,Web,Beauty,Neutral,Price,The customer said the price was high and asked for a better offer.,380.72,0,0.5603722222222223,Engagement reminder
16643,59,29650.0,22,10,100.39,38.0,1,15,0.533,174,3.6,Web,Beauty,Neutral,Features,The customer discussed missing features and requested improvements.,1003.9,0,0.5603444444444445,Cross-sell
13914,30,111173.0,40,7,69.23,10.62,1,6,0.4,162,3.6,Store,Home,Neutral,Returns,"The customer asked about returns, refunds, or the return process.",484.62,0,0.5602777777777779,Cross-sell
16822,47,85823.0,20,4,96.42,34.73,3,9,0.68,174,4.3,Web,Beauty,Positive,Features,The customer discussed missing features and requested improvements.,385.68,1,0.56025,Engagement reminder
17476,53,80230.0,35,9,86.92,31.22,0,11,0.5,175,3.1,Web,Beauty,Neutral,Availability,The customer mentioned stock availability and product access.,782.27,0,0.560138888888889,Cross-sell
10415,59,57889.0,5,2,96.09,35.08,4,11,0.528,141,3.9,Email,Electronics,Neutral,Product Quality,The customer raised concerns about product quality and durability.,192.18,1,0.5600944444444445,Engagement reminder
10026,61,73519.0,67,7,98.08,10.91,1,13,0.542,173,3.5,Web,Apparel,Neutral,Availability,The customer mentioned stock availability and product access.,686.58,0,0.5600722222222223,Cross-sell
15335,34,56466.0,63,5,105.75,33.07,2,10,0.124,133,4.1,Web,Sports,Positive,Features,The customer discussed missing features and requested improvements.,528.74,0,0.5600611111111112,Engagement reminder
13184,46,64340.0,38,3,118.63,14.27,0,6,0.379,159,2.8,Email,Apparel,Neutral,Delivery,The customer mentioned delayed delivery and tracking concerns.,355.88,1,0.5600333333333334,Engagement reminder
13175,36,36061.0,53,1,99.42,14.86,0,9,0.33,163,3.3,Web,Apparel,Neutral,Price,The customer said the price was high and asked for a better offer.,99.42,1,0.5599722222222222,Engagement reminder
13102,63,48625.0,39,5,101.27,5.16,1,7,0.322,143,2.9,Email,Electronics,Neutral,Price,The customer said the price was high and asked for a better offer.,506.36,1,0.5599055555555555,Engagement reminder
16946,65,64575.0,72,8,135.35,18.37,4,3,0.805,154,3.2,Web,Sports,Neutral,Support,The customer described a slow or unsatisfactory support experience.,1082.81,0,0.5598333333333333,Cross-sell
15537,40,53653.0,59,3,85.23,18.47,4,8,0.713,171,4.7,Email,Sports,Positive,Product Quality,The customer raised concerns about product quality and durability.,255.69,1,0.5597611111111112,Engagement reminder
14267,51,55974.0,4,6,52.2,39.49,1,10,0.345,145,2.9,Web,Sports,Neutral,Features,The customer discussed missing features and requested improvements.,313.19,1,0.5597500000000001,Cross-sell
13335,62,71001.0,61,6,32.66,22.79,4,9,0.627,143,3.5,Store,Apparel,Neutral,Features,The customer discussed missing features and requested improvements.,195.94,0,0.5597388888888889,Cross-sell
15717,61,48359.0,28,4,156.37,4.09,2,9,0.493,161,3.8,Mobile,Electronics,Neutral,Returns,"The customer asked about returns, refunds, or the return process.",625.49,1,0.5597333333333334,Engagement reminder
14819,57,80366.0,61,7,115.34,7.7,2,6,0.551,151,2.9,Store,Home,Neutral,Support,The customer described a slow or unsatisfactory support experience.,807.38,0,0.5596611111111112,Cross-sell
16868,56,64251.0,47,6,69.74,25.25,2,10,0.534,168,4.0,Mobile,Apparel,Positive,Delivery,The customer mentioned delayed delivery and tracking concerns.,418.43,0,0.5595888888888888,Cross-sell
10099,59,53288.0,34,5,164.35,28.23,3,14,0.666,164,3.8,Mobile,Home,Neutral,Delivery,The customer mentioned delayed delivery and tracking concerns.,821.73,0,0.5595777777777778,Engagement reminder
13197,28,46577.0,47,7,97.09,39.15,0,17,0.424,178,3.7,Mobile,Apparel,Neutral,Delivery,The customer mentioned delayed delivery and tracking concerns.,679.61,1,0.5595055555555556,Cross-sell
16114,31,52762.0,67,8,38.59,4.26,3,13,0.69,156,3.2,Web,Sports,Neutral,Support,The customer described a slow or unsatisfactory support experience.,308.72,1,0.5595,Cross-sell
15742,45,64733.0,26,6,133.8,12.88,0,13,0.597,175,2.6,Email,Beauty,Neutral,Support,The customer described a slow or unsatisfactory support experience.,802.8,0,0.5594888888888889,Cross-sell
10247,24,40094.0,6,10,108.69,31.62,0,14,0.454,179,3.6,Mobile,Electronics,Neutral,Support,The customer described a slow or unsatisfactory support experience.,1086.89,0,0.5594777777777777,Cross-sell
13925,25,72170.0,70,5,116.24,38.52,2,9,0.445,165,4.3,Email,Sports,Positive,Returns,"The customer asked about returns, refunds, or the return process.",581.18,1,0.5594722222222223,Engagement reminder
12639,53,89383.0,1,5,46.61,35.66,3,10,0.582,153,3.6,Web,Electronics,Neutral,Product Quality,The customer raised concerns about product quality and durability.,233.04,0,0.5594333333333333,Engagement reminder
11382,18,57074.0,8,6,108.16,15.48,1,9,0.71,176,2.8,Mobile,Electronics,Neutral,Delivery,The customer mentioned delayed delivery and tracking concerns.,648.93,1,0.5593888888888889,Cross-sell
12406,33,52739.0,46,9,120.19,28.71,4,9,0.651,118,1.9,Web,Apparel,Negative,Delivery,The customer mentioned delayed delivery and tracking concerns.,1081.73,1,0.5593833333333333,Cross-sell
10793,44,94869.0,38,7,63.49,13.22,1,10,0.474,175,4.0,Mobile,Beauty,Neutral,Product Quality,The customer raised concerns about product quality and durability.,444.44,1,0.5593666666666667,Cross-sell
14496,42,61891.0,68,8,66.78,6.58,0,6,0.225,160,3.7,Store,Apparel,Neutral,Availability,The customer mentioned stock availability and product access.,534.21,0,0.5593055555555556,Cross-sell
13581,44,30513.0,42,8,102.2,3.93,4,6,0.873,170,3.8,Web,Beauty,Neutral,Delivery,The customer mentioned delayed delivery and tracking concerns.,817.62,1,0.559288888888889,Cross-sell
17334,42,65401.0,30,7,69.87,34.36,4,8,0.431,115,2.9,Web,Beauty,Neutral,Returns,"The customer asked about returns, refunds, or the return process.",489.1,0,0.5592166666666667,Cross-sell
17434,46,63670.0,47,4,81.29,23.63,1,13,0.547,141,1.6,Mobile,Sports,Negative,Delivery,The customer mentioned delayed delivery and tracking concerns.,325.16,1,0.5592111111111111,Engagement reminder
15724,51,53309.0,58,6,84.99,20.66,0,11,0.422,176,3.6,Mobile,Apparel,Neutral,Delivery,The customer mentioned delayed delivery and tracking concerns.,509.92,1,0.5592111111111111,Cross-sell
17827,22,32739.0,66,6,115.93,8.08,1,6,0.609,155,2.1,Email,Home,Negative,Product Quality,The customer raised concerns about product quality and durability.,695.6,0,0.5591722222222223,Cross-sell
13903,39,73910.0,27,7,77.92,39.62,1,10,0.302,129,2.2,Store,Apparel,Negative,Product Quality,The customer raised concerns about product quality and durability.,545.44,0,0.5590444444444445,Cross-sell
11339,65,57179.0,49,4,86.1,27.09,2,9,0.5,163,3.9,Store,Electronics,Neutral,Returns,"The customer asked about returns, refunds, or the return process.",344.38,0,0.5590277777777778,Engagement reminder
12092,18,58106.0,72,10,101.21,11.85,1,7,0.488,171,3.7,Mobile,Apparel,Neutral,Delivery,The customer mentioned delayed delivery and tracking concerns.,1012.05,0,0.5589277777777778,Cross-sell
15871,47,73274.0,14,7,49.55,30.88,1,10,0.511,168,3.4,Mobile,Electronics,Neutral,Delivery,The customer mentioned delayed delivery and tracking concerns.,346.83,0,0.5589111111111111,Cross-sell
13041,31,18000.0,2,4,74.0,23.34,2,11,0.598,165,3.5,Store,Sports,Neutral,Features,The customer discussed missing features and requested improvements.,296.02,0,0.5588722222222223,Engagement reminder
11393,49,56894.0,30,7,92.46,34.51,1,6,0.589,175,3.4,Mobile,Apparel,Neutral,Availability,The customer mentioned stock availability and product access.,647.19,0,0.5588666666666666,Cross-sell
11120,31,93466.0,30,5,97.63,21.05,3,9,0.562,156,3.9,Store,Sports,Neutral,Returns,"The customer asked about returns, refunds, or the return process.",488.15,0,0.55885,Engagement reminder
15986,64,50171.0,59,5,23.13,9.39,1,15,0.404,160,3.5,Email,Sports,Neutral,Features,The customer discussed missing features and requested improvements.,115.63,0,0.5587833333333334,Engagement reminder
16691,25,40383.0,21,4,98.2,17.88,2,9,0.684,171,3.4,Store,Apparel,Neutral,Product Quality,The customer raised concerns about product quality and durability.,392.79,0,0.5587555555555556,Engagement reminder
15129,24,56820.0,38,5,130.68,17.41,1,12,0.664,180,3.3,Mobile,Sports,Neutral,Delivery,The customer mentioned delayed delivery and tracking concerns.,653.41,1,0.5587277777777778,Engagement reminder
11217,24,79968.0,7,9,21.63,35.89,0,8,0.589,179,2.9,Mobile,Electronics,Neutral,Support,The customer described a slow or unsatisfactory support experience.,194.63,0,0.5587277777777778,Cross-sell
10184,33,82065.0,51,6,104.88,30.46,4,14,0.68,149,3.6,Web,Beauty,Neutral,Returns,"The customer asked about returns, refunds, or the return process.",629.28,0,0.5587222222222222,Cross-sell
14994,23,56287.0,8,5,83.32,21.53,5,14,0.826,126,2.2,Mobile,Sports,Negative,Features,The customer discussed missing features and requested improvements.,416.59,1,0.5586888888888889,Engagement reminder
15717,27,38293.0,4,6,39.0,28.71,3,11,0.547,163,4.4,Store,Electronics,Positive,Features,The customer discussed missing features and requested improvements.,234.0,0,0.5586555555555555,Cross-sell
14666,40,77835.0,27,7,125.54,7.95,1,11,0.327,153,3.5,Web,Beauty,Neutral,Support,The customer described a slow or unsatisfactory support experience.,878.81,0,0.5586277777777778,Cross-sell
17860,23,48196.0,72,8,80.07,31.6,1,11,0.703,175,2.8,Web,Home,Neutral,Returns,"The customer asked about returns, refunds, or the return process.",640.53,0,0.5585666666666667,Cross-sell
15410,22,44528.0,70,8,126.67,23.81,3,6,0.451,156,4.5,Web,Apparel,Positive,Product Quality,The customer raised concerns about product quality and durability.,1013.33,0,0.55855,Cross-sell
15612,36,50297.0,56,4,131.77,33.56,1,10,0.677,176,3.0,Email,Apparel,Neutral,Returns,"The customer asked about returns, refunds, or the return process.",527.06,1,0.5584888888888889,Engagement reminder
17153,27,67369.0,43,8,137.2,24.76,1,6,0.782,177,2.5,Web,Sports,Neutral,Availability,The customer mentioned stock availability and product access.,1097.61,0,0.5584611111111111,Cross-sell
16367,27,99787.0,60,7,93.28,4.75,2,11,0.76,176,3.3,Store,Beauty,Neutral,Price,The customer said the price was high and asked for a better offer.,652.96,0,0.5584166666666667,Cross-sell
13236,45,84214.0,51,6,84.81,20.74,1,13,0.574,165,2.9,Email,Home,Neutral,Returns,"The customer asked about returns, refunds, or the return process.",508.85,0,0.5583944444444445,Cross-sell
14107,36,62485.0,1,4,103.73,34.79,1,14,0.456,178,4.3,Web,Electronics,Positive,Support,The customer described a slow or unsatisfactory support experience.,414.91,1,0.5583833333333333,Engagement reminder
13652,42,83065.0,9,5,111.52,19.47,1,10,0.397,171,4.2,Store,Electronics,Positive,Delivery,The customer mentioned delayed delivery and tracking concerns.,557.61,1,0.5583777777777779,Engagement reminder
14208,50,81673.0,7,9,121.66,34.07,3,15,0.857,157,2.4,Email,Beauty,Negative,Features,The customer discussed missing features and requested improvements.,1094.95,0,0.5583222222222223,Cross-sell
17997,29,82124.0,52,5,58.09,19.69,5,11,0.471,104,2.8,Mobile,Beauty,Neutral,Delivery,The customer mentioned delayed delivery and tracking concerns.,290.45,0,0.5583,Engagement reminder
11394,18,94933.0,43,5,120.56,28.52,2,10,0.585,177,4.3,Mobile,Apparel,Positive,Availability,The customer mentioned stock availability and product access.,602.8,0,0.5581388888888889,Engagement reminder
16811,31,68461.0,8,8,90.07,20.28,2,11,0.368,149,3.8,Web,Home,Neutral,Price,The customer said the price was high and asked for a better offer.,720.57,0,0.5580666666666668,Cross-sell
15901,46,62432.0,62,6,127.53,32.18,2,14,0.643,167,3.4,Mobile,Beauty,Neutral,Returns,"The customer asked about returns, refunds, or the return process.",765.17,1,0.5580666666666667,Cross-sell
14889,36,72760.0,6,6,71.93,28.32,2,12,0.726,166,2.9,Store,Apparel,Neutral,Returns,"The customer asked about returns, refunds, or the return process.",431.6,0,0.5579944444444446,Cross-sell
14432,58,59604.0,69,6,116.94,29.73,3,13,0.676,176,4.5,Mobile,Apparel,Positive,Returns,"The customer asked about returns, refunds, or the return process.",701.61,0,0.5579944444444445,Cross-sell
15260,31,58815.0,23,7,73.8,16.67,0,7,0.443,179,3.7,Web,Apparel,Neutral,Support,The customer described a slow or unsatisfactory support experience.,516.6,0,0.5579277777777777,Cross-sell
13260,69,55473.0,3,4,98.15,28.71,5,7,0.405,108,3.4,Store,Electronics,Neutral,Returns,"The customer asked about returns, refunds, or the return process.",392.6,1,0.5578888888888889,Engagement reminder
10274,35,68625.0,54,5,136.0,31.49,0,7,0.346,150,2.5,Web,Beauty,Neutral,Price,The customer said the price was high and asked for a better offer.,680.0,1,0.5578833333333334,Engagement reminder
14194,29,83654.0,8,6,115.44,34.3,2,11,0.471,170,4.5,Mobile,Apparel,Positive,Support,The customer described a slow or unsatisfactory support experience.,692.66,0,0.5578833333333334,Cross-sell
15168,28,76724.0,22,9,18.85,34.65,3,8,0.394,159,5.0,Mobile,Sports,Positive,Product Quality,The customer raised concerns about product quality and durability.,169.65,0,0.5578666666666666,Cross-sell
10411,34,45773.0,33,5,80.51,8.11,4,8,0.476,110,2.4,Mobile,Home,Negative,Support,The customer described a slow or unsatisfactory support experience.,402.55,0,0.5578555555555555,Engagement reminder
12079,53,50288.0,6,9,86.99,0.05,2,14,0.665,179,4.0,Email,Electronics,Positive,Features,The customer discussed missing features and requested improvements.,782.89,0,0.5578333333333333,Cross-sell
15805,26,63337.0,25,8,48.94,23.86,2,15,0.322,138,3.4,Mobile,Electronics,Neutral,Returns,"The customer asked about returns, refunds, or the return process.",391.49,1,0.5578222222222222,Cross-sell
16089,61,73106.0,55,6,48.7,18.78,2,6,0.77,180,3.5,Mobile,Apparel,Neutral,Features,The customer discussed missing features and requested improvements.,292.2,1,0.5578055555555557,Cross-sell
14916,25,82070.0,35,2,74.03,10.07,1,13,0.373,177,4.7,Email,Electronics,Positive,Returns,"The customer asked about returns, refunds, or the return process.",148.07,0,0.5577611111111112,Engagement reminder
16074,50,56110.0,65,7,32.28,4.39,1,10,0.514,161,3.0,Email,Home,Neutral,Availability,The customer mentioned stock availability and product access.,225.93,0,0.5577555555555556,Cross-sell
15515,41,67325.0,66,9,77.34,30.09,1,12,0.696,174,2.8,Email,Home,Neutral,Product Quality,The customer raised concerns about product quality and durability.,696.05,0,0.5577444444444445,Cross-sell
14835,57,82342.0,29,4,64.38,28.41,1,8,0.667,168,2.6,Store,Beauty,Neutral,Delivery,The customer mentioned delayed delivery and tracking concerns.,257.53,0,0.5577111111111112,Engagement reminder
13462,32,86979.0,42,5,87.24,38.12,4,11,0.636,153,4.1,Email,Electronics,Positive,Features,The customer discussed missing features and requested improvements.,436.18,0,0.5576611111111112,Engagement reminder
15107,68,46232.0,61,3,80.81,29.73,2,9,0.582,163,3.5,Web,Electronics,Neutral,Price,The customer said the price was high and asked for a better offer.,242.43,0,0.5576277777777778,Engagement reminder
15260,61,76702.0,52,6,115.8,21.67,2,10,0.448,156,3.8,Email,Apparel,Neutral,Support,The customer described a slow or unsatisfactory support experience.,694.78,0,0.5576222222222224,Cross-sell
15398,64,41130.0,3,5,105.32,39.02,3,9,0.674,152,3.1,Web,Apparel,Neutral,Price,The customer said the price was high and asked for a better offer.,526.59,1,0.5575611111111111,Engagement reminder
11132,45,76743.0,23,4,118.4,1.62,3,10,0.656,174,4.5,Web,Home,Positive,Delivery,The customer mentioned delayed delivery and tracking concerns.,473.62,0,0.5575500000000001,Engagement reminder
11966,33,93669.0,63,9,53.51,12.36,3,9,0.618,179,5.0,Email,Apparel,Positive,Delivery,The customer mentioned delayed delivery and tracking concerns.,481.59,0,0.5575111111111111,Cross-sell
12449,59,39330.0,62,4,84.66,8.0,1,9,0.263,172,5.0,Web,Sports,Positive,Price,The customer said the price was high and asked for a better offer.,338.64,1,0.5574,Engagement reminder
15370,61,60841.0,26,6,88.07,26.5,1,13,0.795,176,2.4,Web,Beauty,Negative,Delivery,The customer mentioned delayed delivery and tracking concerns.,528.4,0,0.5573888888888889,Cross-sell
17422,53,42326.0,62,7,94.9,37.86,2,9,0.691,171,3.4,Mobile,Beauty,Neutral,Price,The customer said the price was high and asked for a better offer.,664.3,0,0.5573555555555556,Cross-sell
13860,48,33965.0,65,8,87.92,24.05,1,6,0.341,179,5.0,Web,Home,Positive,Price,The customer said the price was high and asked for a better offer.,703.38,0,0.5573555555555556,Cross-sell
17618,52,80883.0,6,5,105.3,11.56,0,12,0.321,161,3.3,Email,Sports,Neutral,Returns,"The customer asked about returns, refunds, or the return process.",526.52,0,0.5573277777777778,Engagement reminder
14848,43,90479.0,1,2,94.12,27.38,1,9,0.494,159,3.0,Mobile,Home,Neutral,Delivery,The customer mentioned delayed delivery and tracking concerns.,188.23,0,0.5573111111111111,Engagement reminder
17809,39,46631.0,59,1,118.61,39.53,2,14,0.335,144,3.7,Mobile,Sports,Neutral,Price,The customer said the price was high and asked for a better offer.,118.61,0,0.5573055555555556,Engagement reminder
11952,38,83345.0,36,7,122.25,1.08,2,6,0.49,163,4.0,Mobile,Sports,Positive,Product Quality,The customer raised concerns about product quality and durability.,855.77,0,0.5572777777777778,Cross-sell
11715,22,93104.0,46,2,115.82,0.74,0,12,0.254,160,3.6,Store,Beauty,Neutral,Availability,The customer mentioned stock availability and product access.,231.64,1,0.5572555555555556,Engagement reminder
10410,59,35488.0,61,6,95.89,31.58,1,11,0.37,163,3.9,Email,Sports,Neutral,Price,The customer said the price was high and asked for a better offer.,575.33,0,0.55725,Cross-sell
10929,50,94237.0,34,11,93.57,29.99,2,10,0.161,130,3.8,Mobile,Beauty,Neutral,Availability,The customer mentioned stock availability and product access.,1029.26,0,0.5572444444444445,Cross-sell
16430,68,56054.0,16,5,132.38,12.98,2,11,0.593,152,2.8,Mobile,Electronics,Neutral,Price,The customer said the price was high and asked for a better offer.,661.88,1,0.5572333333333334,Engagement reminder
17287,43,18406.0,19,8,93.19,19.92,1,10,0.316,148,3.3,Web,Sports,Neutral,Price,The customer said the price was high and asked for a better offer.,745.51,1,0.5572166666666667,Cross-sell
12950,65,116084.0,13,5,80.1,24.18,3,8,0.807,179,4.0,Web,Beauty,Positive,Product Quality,The customer raised concerns about product quality and durability.,400.49,0,0.5572111111111111,Engagement reminder
14512,67,117505.0,69,7,116.96,33.62,4,6,0.64,143,3.5,Web,Home,Neutral,Price,The customer said the price was high and asked for a better offer.,818.72,0,0.5571388888888889,Cross-sell
15025,68,48256.0,4,6,96.22,21.66,2,9,0.611,162,3.3,Email,Electronics,Neutral,Price,The customer said the price was high and asked for a better offer.,577.3,0,0.5571055555555555,Cross-sell
15991,51,53276.0,34,5,41.14,26.72,1,14,0.432,155,3.1,Web,Electronics,Neutral,Price,The customer said the price was high and asked for a better offer.,205.7,0,0.5570722222222223,Engagement reminder
15593,29,82691.0,72,3,89.53,1.6,2,10,0.767,176,3.3,Web,Sports,Neutral,Product Quality,The customer raised concerns about product quality and durability.,268.6,1,0.5570166666666666,Engagement reminder
16085,23,81591.0,32,8,129.38,39.2,2,17,0.699,180,3.9,Web,Electronics,Neutral,Returns,"The customer asked about returns, refunds, or the return process.",1035.06,1,0.5570055555555556,Cross-sell
12502,45,73608.0,69,6,52.86,28.22,0,8,0.549,178,3.1,Web,Electronics,Neutral,Features,The customer discussed missing features and requested improvements.,317.14,1,0.5570055555555556,Cross-sell
12449,61,53062.0,72,3,70.5,5.21,3,11,0.44,129,3.0,Mobile,Beauty,Neutral,Delivery,The customer mentioned delayed delivery and tracking concerns.,211.49,0,0.5569999999999999,Engagement reminder
10695,22,34844.0,22,5,118.7,1.7,3,11,0.581,167,4.5,Mobile,Home,Positive,Price,The customer said the price was high and asked for a better offer.,593.52,0,0.5569944444444446,Engagement reminder
14375,23,50538.0,31,7,87.01,11.85,1,11,0.156,147,4.1,Mobile,Beauty,Positive,Delivery,The customer mentioned delayed delivery and tracking concerns.,609.1,0,0.5569944444444445,Cross-sell
14924,52,57586.0,20,8,32.34,32.07,1,10,0.376,160,3.7,Mobile,Home,Neutral,Features,The customer discussed missing features and requested improvements.,258.69,0,0.5568833333333333,Cross-sell
14450,30,67713.0,61,3,103.54,31.7,0,11,0.558,172,2.7,Email,Beauty,Neutral,Price,The customer said the price was high and asked for a better offer.,310.63,0,0.5568722222222222,Engagement reminder
14894,51,87769.0,40,1,120.51,11.33,2,13,0.456,153,3.6,Web,Sports,Neutral,Support,The customer described a slow or unsatisfactory support experience.,120.51,1,0.5568555555555555,Engagement reminder
14262,30,22961.0,13,7,47.46,13.05,2,11,0.675,171,3.5,Email,Electronics,Neutral,Features,The customer discussed missing features and requested improvements.,332.24,0,0.5568055555555556,Cross-sell
15060,69,37593.0,22,4,168.55,28.83,2,8,0.539,152,3.1,Web,Beauty,Neutral,Delivery,The customer mentioned delayed delivery and tracking concerns.,674.21,0,0.5567833333333333,Engagement reminder
11284,52,102885.0,38,2,57.81,1.03,2,16,0.612,167,3.6,Mobile,Home,Neutral,Price,The customer said the price was high and asked for a better offer.,115.61,0,0.5567666666666667,Engagement reminder
14735,27,75492.0,34,8,62.84,34.21,1,8,0.552,169,3.3,Mobile,Apparel,Neutral,Returns,"The customer asked about returns, refunds, or the return process.",502.75,0,0.5566833333333334,Cross-sell
11233,21,61209.0,36,6,57.55,20.74,1,5,0.693,180,3.2,Web,Sports,Neutral,Returns,"The customer asked about returns, refunds, or the return process.",345.29,1,0.5566777777777778,Cross-sell
12965,18,42907.0,13,5,80.29,37.1,0,13,0.484,172,3.1,Mobile,Home,Neutral,Product Quality,The customer raised concerns about product quality and durability.,401.46,0,0.5566722222222222,Engagement reminder
14650,50,92993.0,60,7,64.81,12.25,2,7,0.5,167,4.2,Store,Home,Positive,Availability,The customer mentioned stock availability and product access.,453.7,0,0.5566666666666668,Cross-sell
13883,33,48108.0,43,6,136.66,27.91,1,13,0.416,150,2.9,Email,Beauty,Neutral,Price,The customer said the price was high and asked for a better offer.,819.99,0,0.5566611111111112,Cross-sell
12683,58,85751.0,37,9,78.24,30.2,1,11,0.439,174,4.2,Store,Electronics,Positive,Delivery,The customer mentioned delayed delivery and tracking concerns.,704.18,0,0.5566444444444445,Cross-sell
10258,65,92610.0,19,3,104.49,36.51,4,8,0.48,125,3.3,Mobile,Sports,Neutral,Returns,"The customer asked about returns, refunds, or the return process.",313.46,0,0.5566388888888889,Engagement reminder
14832,39,60471.0,19,5,129.12,29.38,1,6,0.501,161,3.1,Email,Electronics,Neutral,Price,The customer said the price was high and asked for a better offer.,645.59,0,0.5566055555555556,Engagement reminder
17470,53,92965.0,6,10,107.48,34.66,5,15,0.518,126,3.9,Store,Apparel,Neutral,Price,The customer said the price was high and asked for a better offer.,1074.85,0,0.5565388888888889,Cross-sell
16883,43,83204.0,51,5,62.55,4.63,1,8,0.55,162,2.9,Email,Apparel,Neutral,Price,The customer said the price was high and asked for a better offer.,312.76,0,0.5565277777777778,Engagement reminder
14874,18,68142.0,4,9,56.73,32.98,2,8,0.583,171,4.0,Email,Sports,Neutral,Support,The customer described a slow or unsatisfactory support experience.,510.61,1,0.5564555555555556,Cross-sell
17774,42,73602.0,45,6,126.54,2.47,4,6,0.772,163,4.0,Web,Beauty,Neutral,Returns,"The customer asked about returns, refunds, or the return process.",759.23,1,0.5564333333333333,Cross-sell
10524,55,63420.0,64,1,111.9,3.28,2,9,0.685,143,1.8,Mobile,Apparel,Negative,Support,The customer described a slow or unsatisfactory support experience.,111.9,1,0.5563333333333333,Engagement reminder
13273,19,38135.0,18,6,82.86,33.12,3,9,0.567,130,2.4,Email,Electronics,Negative,Features,The customer discussed missing features and requested improvements.,497.15,0,0.5563222222222223,Cross-sell
15798,56,85488.0,28,7,82.51,39.42,2,10,0.362,151,4.0,Email,Apparel,Neutral,Delivery,The customer mentioned delayed delivery and tracking concerns.,577.58,1,0.5562111111111112,Cross-sell
10429,40,60340.0,65,4,54.11,18.67,2,14,0.633,172,3.8,Email,Sports,Neutral,Delivery,The customer mentioned delayed delivery and tracking concerns.,216.43,0,0.5561777777777779,Engagement reminder
15959,66,63996.0,63,11,65.24,29.5,3,13,0.833,164,3.0,Web,Home,Neutral,Price,The customer said the price was high and asked for a better offer.,717.6,0,0.5561777777777778,Cross-sell
10391,25,89247.0,32,10,125.19,32.84,1,16,0.59,157,2.4,Web,Beauty,Negative,Product Quality,The customer raised concerns about product quality and durability.,1251.87,0,0.5561666666666667,Cross-sell
11589,61,70173.0,57,9,105.91,30.34,1,5,0.67,176,3.1,Mobile,Beauty,Neutral,Product Quality,The customer raised concerns about product quality and durability.,953.2,0,0.556138888888889,Cross-sell
14603,52,61250.0,38,6,92.83,14.19,0,6,0.416,169,3.3,Email,Apparel,Neutral,Support,The customer described a slow or unsatisfactory support experience.,556.98,0,0.5561055555555556,Cross-sell
11800,33,100813.0,34,14,104.91,13.18,3,4,0.516,154,4.1,Email,Apparel,Positive,Returns,"The customer asked about returns, refunds, or the return process.",1468.7,0,0.5561055555555555,Cross-sell
14607,44,74680.0,32,5,119.75,22.47,3,13,0.803,168,3.4,Web,Electronics,Neutral,Delivery,The customer mentioned delayed delivery and tracking concerns.,598.74,0,0.5560666666666667,Engagement reminder
12850,47,89434.0,34,6,90.3,7.89,2,7,0.24,145,4.3,Web,Sports,Positive,Support,The customer described a slow or unsatisfactory support experience.,541.79,0,0.5560277777777778,Cross-sell
12921,55,60310.0,21,7,83.04,6.32,2,6,0.697,176,3.7,Email,Sports,Neutral,Features,The customer discussed missing features and requested improvements.,581.29,1,0.5560166666666666,Cross-sell
17570,34,80743.0,26,5,99.7,6.06,0,9,0.375,172,3.7,Email,Sports,Neutral,Returns,"The customer asked about returns, refunds, or the return process.",498.52,0,0.5559722222222222,Engagement reminder
13780,68,65680.0,55,5,69.36,10.07,2,8,0.664,173,3.7,Mobile,Beauty,Neutral,Returns,"The customer asked about returns, refunds, or the return process.",346.81,0,0.55595,Engagement reminder
14651,27,47499.0,43,8,49.82,29.22,2,8,0.396,159,4.3,Email,Home,Positive,Delivery,The customer mentioned delayed delivery and tracking concerns.,398.54,0,0.5559388888888889,Cross-sell
17861,50,53210.0,4,6,103.68,4.03,2,6,0.664,178,4.0,Email,Sports,Neutral,Price,The customer said the price was high and asked for a better offer.,622.09,1,0.5558111111111111,Cross-sell
17756,62,45559.0,29,5,77.93,30.29,1,9,0.421,172,4.2,Mobile,Electronics,Positive,Features,The customer discussed missing features and requested improvements.,389.64,0,0.5558000000000001,Engagement reminder
14303,44,92535.0,71,4,113.2,11.49,3,12,0.433,143,3.9,Store,Sports,Neutral,Product Quality,The customer raised concerns about product quality and durability.,452.81,0,0.5557611111111112,Engagement reminder
14196,36,88598.0,66,8,130.89,6.73,1,10,0.458,177,4.3,Email,Electronics,Positive,Price,The customer said the price was high and asked for a better offer.,1047.08,0,0.5557611111111112,Cross-sell
14618,49,57770.0,71,8,90.01,36.99,3,13,0.729,173,4.1,Mobile,Apparel,Positive,Returns,"The customer asked about returns, refunds, or the return process.",720.08,0,0.5557277777777778,Cross-sell
10903,52,69103.0,10,5,96.12,26.58,0,14,0.445,163,2.8,Web,Apparel,Neutral,Features,The customer discussed missing features and requested improvements.,480.58,1,0.5557222222222222,Engagement reminder
14469,44,72616.0,57,4,173.59,0.48,2,7,0.602,169,3.8,Mobile,Electronics,Neutral,Support,The customer described a slow or unsatisfactory support experience.,694.38,0,0.5557111111111112,Engagement reminder
12980,43,64022.0,59,7,86.81,3.14,0,15,0.634,180,2.8,Web,Sports,Neutral,Product Quality,The customer raised concerns about product quality and durability.,607.65,0,0.5557,Cross-sell
12841,53,97773.0,26,7,106.04,25.05,1,14,0.616,176,3.4,Web,Sports,Neutral,Delivery,The customer mentioned delayed delivery and tracking concerns.,742.27,0,0.5556888888888889,Cross-sell
11773,38,58958.0,10,5,87.08,28.68,0,7,0.353,180,4.3,Web,Sports,Positive,Product Quality,The customer raised concerns about product quality and durability.,435.39,1,0.5556500000000001,Engagement reminder
12880,44,74545.0,7,4,82.66,15.79,2,7,0.731,162,2.7,Email,Sports,Neutral,Features,The customer discussed missing features and requested improvements.,330.65,1,0.5556055555555556,Engagement reminder
14557,56,88696.0,64,7,131.01,16.49,1,12,0.628,177,3.4,Store,Sports,Neutral,Features,The customer discussed missing features and requested improvements.,917.09,0,0.5555111111111111,Cross-sell
10021,50,60858.0,10,7,119.16,22.57,3,12,0.124,110,3.6,Web,Sports,Neutral,Support,The customer described a slow or unsatisfactory support experience.,834.14,0,0.5554777777777777,Cross-sell
15021,20,76815.0,7,9,83.35,8.67,2,11,0.676,162,3.0,Email,Home,Neutral,Returns,"The customer asked about returns, refunds, or the return process.",750.11,0,0.5553555555555555,Cross-sell
14151,60,56463.0,4,4,75.73,28.88,0,9,0.275,161,3.6,Email,Electronics,Neutral,Delivery,The customer mentioned delayed delivery and tracking concerns.,302.93,0,0.5552777777777778,Engagement reminder
11234,38,58914.0,43,6,104.05,6.75,3,6,0.563,173,5.0,Store,Beauty,Positive,Price,The customer said the price was high and asked for a better offer.,624.32,1,0.5551777777777778,Cross-sell
16589,43,101309.0,64,6,127.46,34.72,4,8,0.539,133,3.5,Email,Home,Neutral,Price,The customer said the price was high and asked for a better offer.,764.74,0,0.5551166666666667,Cross-sell
14799,33,75925.0,5,5,33.79,2.05,1,7,0.305,168,4.6,Web,Apparel,Positive,Availability,The customer mentioned stock availability and product access.,168.93,1,0.5551111111111112,Engagement reminder
16418,54,66072.0,71,8,78.72,27.45,2,8,0.687,173,3.6,Web,Sports,Neutral,Availability,The customer mentioned stock availability and product access.,629.77,1,0.5551,Cross-sell
14743,25,69931.0,27,5,148.25,15.4,2,9,0.699,169,3.3,Email,Beauty,Neutral,Delivery,The customer mentioned delayed delivery and tracking concerns.,741.25,0,0.5550611111111111,Engagement reminder
15306,54,38337.0,62,9,87.92,11.51,0,11,0.584,160,1.9,Store,Home,Negative,Availability,The customer mentioned stock availability and product access.,791.3,0,0.5550055555555555,Cross-sell
17108,58,32981.0,33,4,108.44,19.78,2,6,0.775,164,2.6,Email,Apparel,Neutral,Product Quality,The customer raised concerns about product quality and durability.,433.77,1,0.555,Engagement reminder
14079,44,100025.0,29,6,137.95,1.33,2,11,0.467,170,4.6,Store,Electronics,Positive,Delivery,The customer mentioned delayed delivery and tracking concerns.,827.68,0,0.5549333333333334,Cross-sell
13902,69,54603.0,43,6,104.15,2.3,1,8,0.608,180,3.7,Mobile,Apparel,Neutral,Product Quality,The customer raised concerns about product quality and durability.,624.9,1,0.5549277777777778,Cross-sell
11114,49,69732.0,4,3,47.27,39.49,4,11,0.468,140,4.3,Mobile,Home,Positive,Price,The customer said the price was high and asked for a better offer.,141.8,1,0.5548722222222222,Engagement reminder
11560,61,68923.0,12,6,71.04,35.66,1,12,0.635,179,3.5,Email,Apparel,Neutral,Product Quality,The customer raised concerns about product quality and durability.,426.25,1,0.5548055555555556,Cross-sell
11884,59,84039.0,71,6,142.47,7.89,3,13,0.511,131,2.8,Email,Electronics,Neutral,Features,The customer discussed missing features and requested improvements.,854.8,0,0.5547444444444444,Cross-sell
13251,42,71139.0,15,7,101.36,28.51,3,7,0.449,149,4.2,Web,Sports,Positive,Support,The customer described a slow or unsatisfactory support experience.,709.49,1,0.5546444444444445,Cross-sell
16806,43,49118.0,29,5,162.22,22.15,1,4,0.356,142,2.8,Mobile,Beauty,Neutral,Availability,The customer mentioned stock availability and product access.,811.11,1,0.5546333333333334,Engagement reminder
10207,69,96895.0,11,4,90.94,34.28,3,7,0.476,148,4.0,Store,Electronics,Positive,Delivery,The customer mentioned delayed delivery and tracking concerns.,363.75,0,0.5545222222222222,Engagement reminder
14425,47,18000.0,21,5,125.23,36.85,2,9,0.492,167,4.3,Web,Electronics,Positive,Returns,"The customer asked about returns, refunds, or the return process.",626.16,0,0.5545166666666668,Engagement reminder
10373,24,47195.0,67,4,108.16,8.04,1,9,0.388,160,3.7,Store,Sports,Neutral,Features,The customer discussed missing features and requested improvements.,432.65,1,0.5544833333333333,Engagement reminder
17524,55,59925.0,49,12,114.32,17.76,0,5,0.629,179,2.8,Email,Apparel,Neutral,Features,The customer discussed missing features and requested improvements.,1371.78,0,0.5544777777777777,Cross-sell
15828,67,93565.0,61,7,66.22,37.07,1,15,0.536,175,3.8,Email,Electronics,Neutral,Returns,"The customer asked about returns, refunds, or the return process.",463.55,0,0.5544666666666668,Cross-sell
11331,39,64543.0,59,5,67.35,36.34,1,9,0.634,172,3.1,Email,Electronics,Neutral,Support,The customer described a slow or unsatisfactory support experience.,336.77,0,0.55445,Engagement reminder
14037,46,66966.0,62,2,107.74,39.37,2,11,0.625,157,3.0,Mobile,Electronics,Neutral,Delivery,The customer mentioned delayed delivery and tracking concerns.,215.48,1,0.5544444444444445,Engagement reminder
16501,40,37965.0,36,4,75.02,16.27,3,10,0.575,140,3.0,Email,Home,Neutral,Product Quality,The customer raised concerns about product quality and durability.,300.06,1,0.5544444444444444,Engagement reminder
14262,60,61017.0,16,6,102.26,4.86,3,9,0.441,160,4.9,Web,Apparel,Positive,Support,The customer described a slow or unsatisfactory support experience.,613.55,0,0.5544388888888889,Cross-sell
15961,66,69565.0,42,3,109.37,39.73,2,19,0.555,176,4.5,Web,Electronics,Positive,Returns,"The customer asked about returns, refunds, or the return process.",328.11,0,0.5544166666666667,Engagement reminder
15540,26,72522.0,32,7,105.51,19.59,2,14,0.331,144,3.8,Email,Electronics,Neutral,Support,The customer described a slow or unsatisfactory support experience.,738.55,0,0.5543555555555557,Cross-sell
17100,48,93393.0,25,6,83.08,30.0,0,9,0.422,162,2.9,Mobile,Beauty,Neutral,Returns,"The customer asked about returns, refunds, or the return process.",498.5,1,0.5543500000000001,Cross-sell
11448,51,50510.0,65,8,98.14,11.03,1,14,0.586,171,3.3,Mobile,Beauty,Neutral,Returns,"The customer asked about returns, refunds, or the return process.",785.15,0,0.5543277777777778,Cross-sell
13330,45,66158.0,64,6,109.37,8.66,3,5,0.411,137,3.7,Web,Beauty,Neutral,Delivery,The customer mentioned delayed delivery and tracking concerns.,656.19,0,0.5543277777777778,Cross-sell
15706,43,63912.0,36,4,96.96,19.01,0,9,0.416,153,2.4,Mobile,Electronics,Negative,Returns,"The customer asked about returns, refunds, or the return process.",387.82,0,0.5543,Engagement reminder
16817,18,49998.0,7,3,74.87,12.53,2,9,0.507,175,4.7,Mobile,Sports,Positive,Features,The customer discussed missing features and requested improvements.,224.6,1,0.5542944444444444,Engagement reminder
12135,40,40572.0,11,11,61.95,35.93,4,6,0.848,152,3.0,Mobile,Electronics,Neutral,Features,The customer discussed missing features and requested improvements.,681.49,0,0.5542888888888888,Cross-sell
17008,53,83227.0,12,5,78.76,39.71,0,10,0.571,172,2.7,Email,Sports,Neutral,Delivery,The customer mentioned delayed delivery and tracking concerns.,393.79,0,0.5542722222222223,Engagement reminder
11309,58,104992.0,11,9,97.46,30.4,1,11,0.306,139,2.9,Web,Sports,Neutral,Support,The customer described a slow or unsatisfactory support experience.,877.1,0,0.5542166666666667,Cross-sell
15346,36,32189.0,51,10,119.43,23.98,3,13,0.666,148,3.0,Web,Apparel,Neutral,Product Quality,The customer raised concerns about product quality and durability.,1194.29,0,0.5540222222222222,Cross-sell
13207,62,83782.0,60,6,84.61,19.19,0,15,0.392,176,3.9,Email,Apparel,Neutral,Product Quality,The customer raised concerns about product quality and durability.,507.67,0,0.5539611111111111,Cross-sell
11653,20,42807.0,51,6,117.48,17.69,1,7,0.558,170,3.4,Web,Electronics,Neutral,Price,The customer said the price was high and asked for a better offer.,704.91,0,0.5539555555555555,Cross-sell
15762,24,56446.0,32,6,97.57,10.4,4,13,0.57,142,3.9,Mobile,Electronics,Neutral,Returns,"The customer asked about returns, refunds, or the return process.",585.43,1,0.5539166666666667,Cross-sell
11255,24,59213.0,35,6,97.67,26.75,2,10,0.677,180,4.1,Web,Apparel,Positive,Product Quality,The customer raised concerns about product quality and durability.,586.03,1,0.5539055555555557,Cross-sell
16255,64,78674.0,3,11,58.27,26.26,2,11,0.325,150,4.2,Mobile,Home,Positive,Features,The customer discussed missing features and requested improvements.,640.98,0,0.553888888888889,Cross-sell
14369,62,72577.0,15,5,88.57,23.29,3,12,0.382,119,2.8,Web,Beauty,Neutral,Delivery,The customer mentioned delayed delivery and tracking concerns.,442.84,1,0.5538777777777777,Engagement reminder
16160,51,96932.0,21,8,82.74,10.46,2,10,0.244,141,4.1,Web,Apparel,Positive,Price,The customer said the price was high and asked for a better offer.,661.92,0,0.553838888888889,Cross-sell
12473,61,71809.0,14,5,62.11,1.44,1,9,0.619,167,2.9,Email,Home,Neutral,Availability,The customer mentioned stock availability and product access.,310.55,1,0.553838888888889,Engagement reminder
15604,51,83452.0,42,4,91.34,15.13,0,10,0.592,172,2.6,Web,Electronics,Neutral,Delivery,The customer mentioned delayed delivery and tracking concerns.,365.36,0,0.5538222222222222,Engagement reminder
11839,47,45037.0,31,2,102.89,30.26,1,12,0.764,180,2.9,Email,Electronics,Neutral,Price,The customer said the price was high and asked for a better offer.,205.79,0,0.5537277777777778,Engagement reminder
13655,27,40498.0,38,4,137.29,8.75,2,11,0.735,175,3.5,Email,Home,Neutral,Returns,"The customer asked about returns, refunds, or the return process.",549.17,0,0.5536944444444444,Engagement reminder
13397,48,92032.0,36,6,116.13,9.18,0,16,0.188,144,3.1,Email,Apparel,Neutral,Returns,"The customer asked about returns, refunds, or the return process.",696.79,0,0.5536500000000001,Cross-sell
12150,49,59063.0,24,5,78.29,22.03,3,14,0.604,176,5.0,Mobile,Sports,Positive,Price,The customer said the price was high and asked for a better offer.,391.44,0,0.5536444444444445,Engagement reminder
10581,54,72705.0,28,7,48.41,33.96,4,8,0.544,153,4.7,Email,Apparel,Positive,Returns,"The customer asked about returns, refunds, or the return process.",338.87,0,0.5535611111111112,Cross-sell
16737,56,94213.0,41,7,43.69,14.98,0,8,0.679,178,2.5,Mobile,Electronics,Negative,Price,The customer said the price was high and asked for a better offer.,305.82,1,0.5535055555555556,Cross-sell
16406,24,72400.0,67,5,59.99,34.22,2,14,0.534,172,4.4,Store,Home,Positive,Support,The customer described a slow or unsatisfactory support experience.,299.95,1,0.5534777777777777,Engagement reminder
16745,49,39328.0,37,9,75.77,31.63,4,9,0.582,153,4.5,Store,Sports,Positive,Support,The customer described a slow or unsatisfactory support experience.,681.97,0,0.5534611111111112,Cross-sell
11482,42,51466.0,24,4,111.9,10.31,2,7,0.582,178,4.5,Mobile,Home,Positive,Returns,"The customer asked about returns, refunds, or the return process.",447.6,0,0.5534611111111112,Engagement reminder
12152,62,72703.0,38,4,72.01,13.54,2,11,0.628,172,3.9,Store,Electronics,Neutral,Delivery,The customer mentioned delayed delivery and tracking concerns.,288.06,0,0.5534277777777779,Engagement reminder
11976,55,68531.0,3,6,99.65,39.95,2,8,0.535,140,2.5,Store,Apparel,Negative,Product Quality,The customer raised concerns about product quality and durability.,597.9,0,0.5534166666666667,Cross-sell
14096,52,74311.0,53,5,102.27,20.14,3,13,0.376,125,3.2,Mobile,Sports,Neutral,Support,The customer described a slow or unsatisfactory support experience.,511.33,1,0.5534111111111111,Engagement reminder
12272,48,104728.0,27,8,33.29,29.11,2,9,0.488,156,3.7,Email,Electronics,Neutral,Availability,The customer mentioned stock availability and product access.,266.33,0,0.5533722222222223,Cross-sell
17413,41,63363.0,15,3,104.86,10.12,0,5,0.404,165,3.2,Web,Home,Neutral,Availability,The customer mentioned stock availability and product access.,314.57,1,0.5533666666666667,Engagement reminder
17752,57,76889.0,42,9,96.3,18.59,2,9,0.386,135,3.0,Web,Apparel,Neutral,Delivery,The customer mentioned delayed delivery and tracking concerns.,866.66,0,0.5533555555555556,Cross-sell
10678,36,26253.0,28,10,24.0,1.12,0,16,0.718,173,2.0,Email,Home,Negative,Price,The customer said the price was high and asked for a better offer.,240.03,0,0.5533444444444444,Cross-sell
17035,60,41023.0,32,8,93.72,27.6,3,8,0.544,162,4.5,Email,Electronics,Positive,Price,The customer said the price was high and asked for a better offer.,749.78,0,0.5532833333333333,Cross-sell
10851,31,55359.0,58,6,140.73,35.47,2,7,0.435,163,4.4,Store,Apparel,Positive,Price,The customer said the price was high and asked for a better offer.,844.38,0,0.5532777777777778,Cross-sell
12761,33,50468.0,65,6,122.11,2.44,2,7,0.408,142,3.3,Web,Home,Neutral,Availability,The customer mentioned stock availability and product access.,732.64,0,0.5532611111111112,Cross-sell
10226,46,79895.0,67,7,94.47,37.64,2,12,0.508,151,3.3,Web,Sports,Neutral,Returns,"The customer asked about returns, refunds, or the return process.",661.32,0,0.5532611111111112,Cross-sell
11835,50,51835.0,58,7,105.55,36.68,3,13,0.393,118,2.7,Mobile,Home,Neutral,Availability,The customer mentioned stock availability and product access.,738.84,0,0.5532055555555555,Cross-sell
16196,65,37101.0,36,11,99.72,23.59,0,6,0.433,154,2.4,Mobile,Home,Negative,Returns,"The customer asked about returns, refunds, or the return process.",1096.93,0,0.5531222222222222,Cross-sell
11530,21,41087.0,5,5,105.49,15.51,2,10,0.728,174,3.5,Mobile,Beauty,Neutral,Price,The customer said the price was high and asked for a better offer.,527.46,1,0.5528722222222223,Engagement reminder
13783,38,44544.0,8,7,64.16,27.96,3,17,0.692,165,3.9,Email,Apparel,Neutral,Price,The customer said the price was high and asked for a better offer.,449.13,1,0.5528500000000001,Cross-sell
14840,21,114010.0,4,9,67.51,17.1,3,10,0.781,173,3.9,Store,Home,Neutral,Returns,"The customer asked about returns, refunds, or the return process.",607.62,0,0.5528277777777778,Cross-sell
13257,55,91614.0,15,4,48.53,21.98,4,11,0.604,153,4.4,Web,Electronics,Positive,Delivery,The customer mentioned delayed delivery and tracking concerns.,194.1,1,0.5528111111111111,Engagement reminder
16637,21,18000.0,61,9,102.85,24.02,1,11,0.525,180,4.2,Email,Beauty,Positive,Price,The customer said the price was high and asked for a better offer.,925.67,1,0.5527777777777778,Cross-sell
16925,65,67823.0,43,5,86.76,12.8,2,11,0.675,154,2.6,Store,Home,Neutral,Returns,"The customer asked about returns, refunds, or the return process.",433.8,0,0.5527777777777778,Engagement reminder
13765,26,61589.0,2,8,65.25,33.5,0,12,0.546,164,2.4,Mobile,Home,Negative,Delivery,The customer mentioned delayed delivery and tracking concerns.,521.97,0,0.5527444444444445,Cross-sell
15208,37,49709.0,62,4,104.62,32.2,1,14,0.519,171,3.7,Email,Electronics,Neutral,Returns,"The customer asked about returns, refunds, or the return process.",418.47,0,0.5527277777777778,Engagement reminder
15380,50,60555.0,58,4,128.79,19.21,2,10,0.774,173,3.2,Email,Home,Neutral,Support,The customer described a slow or unsatisfactory support experience.,515.15,0,0.5527000000000001,Engagement reminder
10098,25,55522.0,29,2,55.29,16.17,3,11,0.797,171,3.7,Email,Home,Neutral,Product Quality,The customer raised concerns about product quality and durability.,110.57,0,0.5526833333333333,Engagement reminder
14308,68,72943.0,63,7,63.72,19.23,2,18,0.738,163,2.8,Web,Beauty,Neutral,Support,The customer described a slow or unsatisfactory support experience.,446.05,0,0.5526777777777778,Cross-sell
13557,44,56101.0,12,8,112.16,28.91,3,6,0.454,157,4.7,Web,Apparel,Positive,Support,The customer described a slow or unsatisfactory support experience.,897.25,0,0.5526722222222222,Cross-sell
11050,61,72351.0,34,9,82.35,22.8,1,13,0.453,165,3.7,Mobile,Home,Neutral,Availability,The customer mentioned stock availability and product access.,741.13,0,0.5525944444444445,Cross-sell
11252,44,76372.0,60,8,91.31,7.46,2,14,0.767,174,3.3,Web,Apparel,Neutral,Product Quality,The customer raised concerns about product quality and durability.,730.49,0,0.5525722222222222,Cross-sell
11695,36,36971.0,50,6,117.67,26.46,1,6,0.233,157,4.4,Email,Apparel,Positive,Price,The customer said the price was high and asked for a better offer.,706.01,0,0.5525666666666667,Cross-sell
15428,67,63499.0,29,3,64.5,0.87,1,7,0.313,149,3.5,Mobile,Electronics,Neutral,Delivery,The customer mentioned delayed delivery and tracking concerns.,193.51,0,0.5525388888888889,Engagement reminder
15829,67,93583.0,22,7,57.16,16.73,2,11,0.541,157,3.5,Email,Electronics,Neutral,Features,The customer discussed missing features and requested improvements.,400.14,0,0.5524944444444445,Cross-sell
17759,19,51312.0,37,5,67.25,8.82,3,10,0.414,128,3.2,Email,Electronics,Neutral,Delivery,The customer mentioned delayed delivery and tracking concerns.,336.27,0,0.5524777777777777,Engagement reminder
11468,62,59864.0,36,4,83.95,13.39,1,11,0.369,154,3.5,Mobile,Apparel,Neutral,Product Quality,The customer raised concerns about product quality and durability.,335.79,1,0.55245,Engagement reminder
17900,19,42014.0,61,8,74.76,16.79,1,10,0.56,156,2.6,Web,Home,Neutral,Availability,The customer mentioned stock availability and product access.,598.11,0,0.5524444444444444,Cross-sell
12563,69,74147.0,21,3,121.3,16.08,4,10,0.817,172,4.4,Web,Apparel,Positive,Returns,"The customer asked about returns, refunds, or the return process.",363.91,1,0.5524333333333333,Engagement reminder
10855,45,64731.0,69,7,155.41,23.12,2,9,0.572,153,3.1,Web,Home,Neutral,Returns,"The customer asked about returns, refunds, or the return process.",1087.87,1,0.5524055555555556,Cross-sell
10836,43,72407.0,66,3,62.03,3.02,3,13,0.709,168,4.0,Email,Home,Neutral,Support,The customer described a slow or unsatisfactory support experience.,186.09,0,0.5523666666666667,Engagement reminder
12505,46,75306.0,65,8,131.47,19.0,2,10,0.36,144,3.7,Mobile,Sports,Neutral,Product Quality,The customer raised concerns about product quality and durability.,1051.76,0,0.5523055555555556,Cross-sell
15750,21,75418.0,25,5,157.89,5.13,2,9,0.558,150,3.0,Email,Apparel,Neutral,Product Quality,The customer raised concerns about product quality and durability.,789.44,0,0.5522888888888889,Engagement reminder
10925,18,58915.0,59,7,136.96,26.02,5,12,0.688,136,3.7,Web,Electronics,Neutral,Returns,"The customer asked about returns, refunds, or the return process.",958.74,0,0.5522611111111111,Cross-sell
10341,52,112991.0,68,3,111.31,1.13,1,17,0.543,178,4.0,Web,Sports,Positive,Returns,"The customer asked about returns, refunds, or the return process.",333.94,1,0.5522333333333334,Engagement reminder
12883,57,99974.0,70,2,61.84,1.96,4,8,0.455,141,4.5,Web,Beauty,Positive,Features,The customer discussed missing features and requested improvements.,123.68,0,0.5521944444444444,Engagement reminder
16626,20,61951.0,31,9,112.31,29.12,4,9,0.667,128,2.6,Email,Apparel,Neutral,Features,The customer discussed missing features and requested improvements.,1010.78,0,0.5521555555555555,Cross-sell
12870,19,39037.0,13,6,41.26,34.55,2,9,0.6,179,4.5,Store,Beauty,Positive,Delivery,The customer mentioned delayed delivery and tracking concerns.,247.59,0,0.5520833333333335,Cross-sell
16285,50,85594.0,7,4,104.29,19.1,1,9,0.553,167,3.3,Store,Beauty,Neutral,Features,The customer discussed missing features and requested improvements.,417.14,0,0.552038888888889,Engagement reminder
12845,56,47122.0,11,7,84.55,21.58,1,8,0.538,169,3.5,Email,Home,Neutral,Support,The customer described a slow or unsatisfactory support experience.,591.84,0,0.5519833333333334,Cross-sell
17311,66,66337.0,64,5,75.94,5.06,2,10,0.57,156,3.3,Email,Home,Neutral,Availability,The customer mentioned stock availability and product access.,379.71,0,0.5519722222222223,Engagement reminder
17352,50,68812.0,65,6,113.32,20.36,3,8,0.467,146,4.0,Email,Beauty,Positive,Product Quality,The customer raised concerns about product quality and durability.,679.93,1,0.5518777777777778,Cross-sell
15952,21,60166.0,66,9,68.8,24.93,1,4,0.381,170,4.4,Web,Beauty,Positive,Delivery,The customer mentioned delayed delivery and tracking concerns.,619.16,0,0.5518555555555555,Cross-sell
15046,22,82098.0,72,3,116.9,20.4,3,11,0.638,158,3.8,Store,Home,Neutral,Product Quality,The customer raised concerns about product quality and durability.,350.69,0,0.5518444444444445,Engagement reminder
16703,28,82075.0,43,10,149.37,12.93,1,14,0.673,176,3.2,Email,Sports,Neutral,Returns,"The customer asked about returns, refunds, or the return process.",1493.68,0,0.5517888888888889,Cross-sell
13396,49,23095.0,63,5,114.03,39.19,2,6,0.471,147,3.3,Web,Sports,Neutral,Product Quality,The customer raised concerns about product quality and durability.,570.17,0,0.5517722222222222,Engagement reminder
15301,46,100345.0,37,3,102.51,3.41,3,9,0.578,161,4.3,Mobile,Apparel,Positive,Support,The customer described a slow or unsatisfactory support experience.,307.52,0,0.5517611111111111,Engagement reminder
11299,31,58504.0,29,8,52.71,39.82,3,8,0.608,162,4.2,Mobile,Beauty,Positive,Delivery,The customer mentioned delayed delivery and tracking concerns.,421.64,1,0.5517333333333334,Cross-sell
17452,58,73806.0,40,7,42.33,28.51,3,14,0.724,164,3.7,Email,Home,Neutral,Features,The customer discussed missing features and requested improvements.,296.29,0,0.5517277777777777,Cross-sell
14681,28,59050.0,67,9,66.03,21.05,3,8,0.561,151,3.8,Web,Electronics,Neutral,Product Quality,The customer raised concerns about product quality and durability.,594.27,0,0.551688888888889,Cross-sell
17086,53,67048.0,31,11,79.88,7.3,2,7,0.6,167,3.8,Mobile,Electronics,Neutral,Delivery,The customer mentioned delayed delivery and tracking concerns.,878.68,0,0.5516666666666669,Cross-sell
14984,53,73668.0,24,10,97.78,31.73,3,12,0.748,156,3.1,Web,Beauty,Neutral,Product Quality,The customer raised concerns about product quality and durability.,977.82,0,0.55165,Cross-sell
10404,22,57754.0,58,5,41.19,0.12,3,12,0.594,159,4.1,Web,Beauty,Positive,Availability,The customer mentioned stock availability and product access.,205.95,1,0.5516166666666668,Engagement reminder
11971,26,81802.0,49,4,37.36,39.81,0,13,0.315,168,3.9,Store,Apparel,Neutral,Price,The customer said the price was high and asked for a better offer.,149.45,0,0.5515833333333333,Engagement reminder
16117,19,91959.0,17,6,125.12,30.2,1,8,0.57,170,3.4,Web,Home,Neutral,Product Quality,The customer raised concerns about product quality and durability.,750.69,0,0.5515555555555556,Cross-sell
11385,34,74848.0,12,8,18.0,1.7,3,4,0.609,162,4.2,Mobile,Sports,Positive,Delivery,The customer mentioned delayed delivery and tracking concerns.,144.0,0,0.5515333333333334,Cross-sell
12050,55,93960.0,25,9,122.81,32.75,2,10,0.63,173,4.0,Email,Sports,Positive,Product Quality,The customer raised concerns about product quality and durability.,1105.28,0,0.5515,Cross-sell
15889,51,57547.0,11,8,92.85,15.65,2,7,0.667,178,4.1,Web,Sports,Positive,Features,The customer discussed missing features and requested improvements.,742.83,0,0.5514611111111112,Cross-sell
12511,49,53703.0,5,7,95.09,18.68,2,11,0.429,165,4.6,Web,Sports,Positive,Price,The customer said the price was high and asked for a better offer.,665.6,0,0.5514222222222223,Cross-sell
17608,29,71528.0,1,2,108.08,1.51,1,9,0.42,175,4.5,Web,Sports,Positive,Delivery,The customer mentioned delayed delivery and tracking concerns.,216.15,1,0.5514166666666668,Engagement reminder
13332,34,58449.0,65,3,122.29,20.09,3,7,0.709,149,2.9,Web,Apparel,Neutral,Availability,The customer mentioned stock availability and product access.,366.88,1,0.5513944444444445,Engagement reminder
10654,18,55019.0,49,7,42.07,36.76,0,10,0.396,160,3.0,Store,Apparel,Neutral,Product Quality,The customer raised concerns about product quality and durability.,294.49,0,0.5513555555555556,Cross-sell
17321,59,82939.0,71,2,123.76,29.82,2,7,0.219,141,4.3,Web,Home,Positive,Price,The customer said the price was high and asked for a better offer.,247.52,1,0.5513388888888889,Engagement reminder
11696,24,78097.0,52,4,85.62,10.86,3,10,0.179,135,4.9,Email,Electronics,Positive,Returns,"The customer asked about returns, refunds, or the return process.",342.47,1,0.5512833333333335,Engagement reminder
10016,33,96290.0,10,6,87.03,36.21,1,11,0.571,175,3.7,Store,Apparel,Neutral,Product Quality,The customer raised concerns about product quality and durability.,522.16,1,0.5512166666666667,Cross-sell
11006,68,57754.0,41,8,117.65,36.22,2,11,0.726,168,3.2,Web,Beauty,Neutral,Price,The customer said the price was high and asked for a better offer.,941.18,0,0.5511888888888888,Cross-sell
12675,25,58297.0,62,6,89.66,14.3,2,8,0.542,170,4.3,Web,Apparel,Positive,Product Quality,The customer raised concerns about product quality and durability.,537.95,1,0.5511833333333334,Cross-sell
13532,29,40718.0,22,3,95.23,37.34,3,10,0.733,173,4.2,Store,Beauty,Positive,Availability,The customer mentioned stock availability and product access.,285.69,1,0.5511777777777778,Engagement reminder
10521,62,50527.0,9,2,82.71,18.02,4,13,0.54,133,3.6,Email,Home,Neutral,Support,The customer described a slow or unsatisfactory support experience.,165.41,1,0.5511666666666667,Engagement reminder
17539,67,78325.0,55,5,85.34,11.39,3,12,0.562,166,4.7,Mobile,Beauty,Positive,Availability,The customer mentioned stock availability and product access.,426.71,0,0.5510722222222222,Engagement reminder
16614,54,75362.0,56,8,80.04,3.33,6,7,0.594,128,4.5,Email,Beauty,Positive,Product Quality,The customer raised concerns about product quality and durability.,640.34,1,0.5510611111111112,Cross-sell
11109,18,78472.0,33,6,106.38,26.86,1,10,0.651,172,3.1,Email,Sports,Neutral,Product Quality,The customer raised concerns about product quality and durability.,638.25,0,0.55105,Cross-sell
12847,65,64788.0,70,6,128.76,20.75,3,13,0.649,162,4.0,Web,Electronics,Neutral,Returns,"The customer asked about returns, refunds, or the return process.",772.54,1,0.5510333333333334,Cross-sell
16509,29,69693.0,62,5,113.16,18.72,1,18,0.654,179,3.5,Email,Sports,Neutral,Product Quality,The customer raised concerns about product quality and durability.,565.78,1,0.5510055555555555,Engagement reminder
17152,18,56255.0,65,8,100.47,8.64,2,15,0.614,146,2.5,Mobile,Apparel,Negative,Price,The customer said the price was high and asked for a better offer.,803.73,0,0.55095,Cross-sell
14020,63,21648.0,41,4,40.9,8.06,1,11,0.408,172,4.4,Email,Home,Positive,Delivery,The customer mentioned delayed delivery and tracking concerns.,163.6,0,0.5509000000000001,Engagement reminder
11557,64,83636.0,1,6,113.61,33.95,2,12,0.34,150,4.2,Web,Apparel,Positive,Price,The customer said the price was high and asked for a better offer.,681.68,0,0.550888888888889,Cross-sell
17295,42,72845.0,61,6,107.06,19.75,1,15,0.445,177,4.5,Web,Apparel,Positive,Support,The customer described a slow or unsatisfactory support experience.,642.36,0,0.5508611111111111,Cross-sell
16002,54,68106.0,16,6,120.69,28.85,2,12,0.5,161,4.0,Web,Sports,Positive,Product Quality,The customer raised concerns about product quality and durability.,724.15,0,0.5508333333333333,Cross-sell
10702,54,84355.0,37,6,71.73,12.7,3,12,0.455,136,3.5,Email,Electronics,Neutral,Returns,"The customer asked about returns, refunds, or the return process.",430.36,0,0.5508055555555555,Cross-sell
15356,65,37580.0,10,8,81.63,11.59,1,6,0.791,176,2.6,Web,Sports,Neutral,Features,The customer discussed missing features and requested improvements.,653.05,0,0.5506888888888889,Cross-sell
16371,64,58494.0,2,9,144.69,31.98,1,3,0.473,171,4.0,Store,Sports,Neutral,Delivery,The customer mentioned delayed delivery and tracking concerns.,1302.19,0,0.5506777777777778,Cross-sell
15373,55,58319.0,34,4,82.9,14.73,2,18,0.614,156,3.1,Email,Electronics,Neutral,Delivery,The customer mentioned delayed delivery and tracking concerns.,331.59,0,0.5506722222222222,Engagement reminder
10641,68,75967.0,4,5,139.21,16.59,3,10,0.821,152,2.5,Email,Electronics,Neutral,Product Quality,The customer raised concerns about product quality and durability.,696.03,1,0.550661111111111,Engagement reminder
10291,18,55978.0,49,4,128.21,2.79,2,11,0.369,166,5.0,Email,Sports,Positive,Support,The customer described a slow or unsatisfactory support experience.,512.83,0,0.5506444444444445,Engagement reminder
17777,41,57126.0,17,6,95.65,2.18,1,8,0.545,169,3.5,Mobile,Sports,Neutral,Returns,"The customer asked about returns, refunds, or the return process.",573.91,1,0.5505833333333334,Cross-sell
11422,51,111985.0,18,5,96.36,38.22,3,8,0.56,147,3.6,Mobile,Sports,Neutral,Support,The customer described a slow or unsatisfactory support experience.,481.79,0,0.5505,Engagement reminder
11615,50,77069.0,21,3,67.87,23.33,2,16,0.59,174,4.3,Store,Sports,Positive,Support,The customer described a slow or unsatisfactory support experience.,203.61,1,0.5504722222222224,Engagement reminder
10861,43,43665.0,1,6,90.3,3.19,2,9,0.597,178,4.5,Web,Beauty,Positive,Product Quality,The customer raised concerns about product quality and durability.,541.78,0,0.5504611111111112,Cross-sell
17349,22,61383.0,3,5,41.77,37.47,2,14,0.622,160,3.3,Web,Sports,Neutral,Price,The customer said the price was high and asked for a better offer.,208.87,0,0.5504611111111111,Engagement reminder
14118,59,63579.0,72,2,111.51,12.68,3,14,0.697,161,3.7,Mobile,Home,Neutral,Availability,The customer mentioned stock availability and product access.,223.03,1,0.5504611111111111,Engagement reminder
12321,59,37712.0,37,10,24.44,30.81,3,8,0.936,169,2.9,Web,Home,Neutral,Availability,The customer mentioned stock availability and product access.,244.39,0,0.5504388888888889,Cross-sell
12889,45,63030.0,47,6,90.52,39.75,4,5,0.568,120,2.7,Web,Beauty,Neutral,Delivery,The customer mentioned delayed delivery and tracking concerns.,543.1,1,0.5504277777777777,Cross-sell
17551,55,68771.0,40,8,88.67,17.12,2,12,0.55,167,4.1,Web,Sports,Positive,Delivery,The customer mentioned delayed delivery and tracking concerns.,709.36,0,0.5504166666666668,Cross-sell
11876,65,52105.0,71,5,106.39,17.04,2,10,0.639,175,4.1,Mobile,Apparel,Positive,Product Quality,The customer raised concerns about product quality and durability.,531.96,0,0.5503944444444445,Engagement reminder
10394,51,62649.0,16,4,107.85,5.07,1,15,0.605,176,3.6,Web,Home,Neutral,Returns,"The customer asked about returns, refunds, or the return process.",431.4,0,0.5503888888888889,Engagement reminder
10204,52,67079.0,24,4,93.1,16.5,1,10,0.362,171,4.6,Web,Home,Positive,Price,The customer said the price was high and asked for a better offer.,372.41,0,0.5503777777777779,Engagement reminder
10381,54,89389.0,63,5,112.59,33.01,3,8,0.669,150,3.2,Email,Beauty,Neutral,Returns,"The customer asked about returns, refunds, or the return process.",562.94,1,0.5503666666666667,Engagement reminder
10319,41,81560.0,41,4,34.48,11.6,2,15,0.633,166,3.6,Email,Electronics,Neutral,Features,The customer discussed missing features and requested improvements.,137.92,0,0.5503444444444445,Engagement reminder
11610,26,75688.0,31,2,133.89,20.98,3,10,0.233,131,4.4,Email,Apparel,Positive,Availability,The customer mentioned stock availability and product access.,267.79,0,0.5503444444444444,Engagement reminder
12163,24,116906.0,62,3,18.0,19.75,1,10,0.213,139,3.5,Mobile,Apparel,Neutral,Product Quality,The customer raised concerns about product quality and durability.,54.0,0,0.5503166666666668,Engagement reminder
15880,30,62274.0,21,10,109.25,0.75,1,11,0.67,170,2.9,Email,Apparel,Neutral,Returns,"The customer asked about returns, refunds, or the return process.",1092.49,0,0.5503055555555556,Cross-sell
12286,28,66321.0,39,4,98.37,35.91,3,5,0.448,125,2.9,Email,Home,Neutral,Price,The customer said the price was high and asked for a better offer.,393.46,0,0.5502611111111111,Engagement reminder
11258,42,100372.0,5,6,109.76,3.48,2,9,0.548,160,3.7,Email,Apparel,Neutral,Product Quality,The customer raised concerns about product quality and durability.,658.57,0,0.5502611111111111,Cross-sell
14029,37,49502.0,66,5,91.02,8.56,7,15,0.853,130,4.0,Web,Beauty,Neutral,Features,The customer discussed missing features and requested improvements.,455.08,1,0.5502333333333334,Engagement reminder
10354,56,38743.0,37,5,84.88,38.36,3,17,0.803,162,3.2,Mobile,Home,Neutral,Features,The customer discussed missing features and requested improvements.,424.41,0,0.5502333333333334,Engagement reminder
15074,33,85292.0,59,5,118.9,35.24,2,10,0.719,172,3.5,Email,Home,Neutral,Features,The customer discussed missing features and requested improvements.,594.51,0,0.5502277777777779,Engagement reminder
11714,42,55266.0,66,2,93.85,21.67,1,12,0.585,164,3.0,Web,Apparel,Neutral,Product Quality,The customer raised concerns about product quality and durability.,187.71,0,0.5502222222222223,Engagement reminder
17856,27,86599.0,31,8,31.64,26.08,1,8,0.383,161,3.9,Email,Home,Neutral,Product Quality,The customer raised concerns about product quality and durability.,253.12,0,0.5502055555555556,Cross-sell
16725,55,82581.0,30,5,84.25,15.51,3,11,0.674,147,3.0,Mobile,Home,Neutral,Price,The customer said the price was high and asked for a better offer.,421.27,1,0.5501999999999999,Engagement reminder
16902,21,86378.0,4,5,82.0,25.02,2,12,0.556,159,3.6,Mobile,Apparel,Neutral,Features,The customer discussed missing features and requested improvements.,410.02,0,0.5501888888888888,Engagement reminder
13018,19,83318.0,49,6,124.02,6.47,1,14,0.334,138,2.8,Email,Apparel,Neutral,Features,The customer discussed missing features and requested improvements.,744.14,0,0.5501444444444444,Cross-sell
10736,57,87175.0,53,4,89.25,32.07,5,11,0.533,143,5.0,Web,Home,Positive,Features,The customer discussed missing features and requested improvements.,356.99,1,0.5500666666666667,Engagement reminder
17809,48,63121.0,30,6,81.19,16.0,3,13,0.756,156,3.1,Email,Sports,Neutral,Features,The customer discussed missing features and requested improvements.,487.14,0,0.55005,Cross-sell
11648,41,48073.0,42,4,118.1,24.92,2,11,0.522,166,4.2,Mobile,Apparel,Positive,Delivery,The customer mentioned delayed delivery and tracking concerns.,472.41,0,0.5500444444444446,Engagement reminder
16984,69,51875.0,16,6,89.01,13.64,2,15,0.638,168,3.7,Mobile,Sports,Neutral,Delivery,The customer mentioned delayed delivery and tracking concerns.,534.08,1,0.5500388888888889,Cross-sell
13727,21,81706.0,22,2,77.58,21.47,1,13,0.618,177,3.6,Mobile,Home,Neutral,Product Quality,The customer raised concerns about product quality and durability.,155.15,0,0.5500111111111111,Engagement reminder
14945,68,71066.0,66,2,75.38,25.48,2,7,0.641,175,4.1,Web,Sports,Positive,Price,The customer said the price was high and asked for a better offer.,150.76,0,0.5499944444444445,Engagement reminder
15327,33,97526.0,69,4,160.13,9.79,1,9,0.387,168,4.3,Email,Home,Positive,Delivery,The customer mentioned delayed delivery and tracking concerns.,640.54,0,0.5499611111111111,Engagement reminder
11771,30,37933.0,45,6,133.9,9.95,1,14,0.435,174,4.4,Email,Electronics,Positive,Price,The customer said the price was high and asked for a better offer.,803.4,0,0.5499444444444445,Cross-sell
12679,25,94308.0,70,4,86.49,2.56,2,12,0.81,175,3.2,Email,Sports,Neutral,Support,The customer described a slow or unsatisfactory support experience.,345.94,0,0.5499444444444443,Engagement reminder
17127,63,80108.0,32,3,37.48,3.33,5,10,0.899,159,4.0,Email,Electronics,Positive,Returns,"The customer asked about returns, refunds, or the return process.",112.45,1,0.5499222222222222,Engagement reminder
10701,28,62280.0,19,6,73.18,21.79,4,7,0.538,139,4.0,Store,Apparel,Positive,Delivery,The customer mentioned delayed delivery and tracking concerns.,439.11,0,0.5499,Cross-sell
16375,31,60360.0,53,7,67.17,33.4,4,6,0.854,159,3.5,Email,Sports,Neutral,Features,The customer discussed missing features and requested improvements.,470.22,1,0.5498944444444445,Cross-sell
10183,36,83844.0,28,8,122.49,31.28,1,13,0.266,152,4.0,Mobile,Home,Positive,Delivery,The customer mentioned delayed delivery and tracking concerns.,979.96,0,0.5498555555555555,Cross-sell
10350,41,96171.0,53,7,60.94,35.35,2,7,0.553,140,2.5,Email,Beauty,Negative,Support,The customer described a slow or unsatisfactory support experience.,426.57,0,0.5498166666666666,Cross-sell
14732,46,85596.0,36,9,57.93,33.14,0,8,0.458,175,3.6,Email,Electronics,Neutral,Price,The customer said the price was high and asked for a better offer.,521.35,0,0.5497888888888889,Cross-sell
17724,53,64662.0,22,7,72.19,19.24,2,9,0.729,171,3.4,Store,Sports,Neutral,Product Quality,The customer raised concerns about product quality and durability.,505.33,0,0.5497555555555556,Cross-sell
17228,34,81965.0,23,5,98.53,29.23,1,10,0.37,163,4.1,Email,Sports,Positive,Product Quality,The customer raised concerns about product quality and durability.,492.63,0,0.5497500000000001,Engagement reminder
16399,18,88705.0,45,9,117.95,5.61,2,13,0.411,139,3.2,Web,Apparel,Neutral,Product Quality,The customer raised concerns about product quality and durability.,1061.55,0,0.5497444444444445,Cross-sell
11237,38,41364.0,26,8,70.69,28.6,1,9,0.677,167,2.7,Email,Beauty,Neutral,Availability,The customer mentioned stock availability and product access.,565.55,1,0.549738888888889,Cross-sell
11638,65,89016.0,28,5,63.57,3.92,1,10,0.367,161,4.0,Mobile,Sports,Positive,Delivery,The customer mentioned delayed delivery and tracking concerns.,317.83,0,0.5496555555555556,Engagement reminder
11821,63,73037.0,59,7,157.56,0.63,2,9,0.545,178,4.8,Web,Electronics,Positive,Features,The customer discussed missing features and requested improvements.,1102.9,0,0.549611111111111,Cross-sell
16781,18,51421.0,69,7,87.38,23.83,1,9,0.707,173,2.9,Web,Sports,Neutral,Returns,"The customer asked about returns, refunds, or the return process.",611.63,0,0.5495722222222222,Cross-sell
11887,33,54504.0,53,8,93.01,27.09,1,9,0.387,156,3.6,Store,Electronics,Neutral,Returns,"The customer asked about returns, refunds, or the return process.",744.11,0,0.5495444444444445,Cross-sell
15023,31,65722.0,12,10,73.78,30.93,5,14,0.208,73,2.6,Store,Sports,Neutral,Returns,"The customer asked about returns, refunds, or the return process.",737.76,0,0.5495111111111111,Cross-sell
10265,41,76663.0,55,2,121.16,1.96,1,12,0.449,170,4.1,Store,Beauty,Positive,Features,The customer discussed missing features and requested improvements.,242.33,1,0.5495055555555556,Engagement reminder
12217,47,44621.0,67,4,55.84,26.26,3,6,0.465,138,3.6,Mobile,Sports,Neutral,Support,The customer described a slow or unsatisfactory support experience.,223.35,0,0.5495,Engagement reminder
16431,26,68740.0,64,4,60.87,14.71,1,11,0.531,174,3.9,Email,Sports,Neutral,Delivery,The customer mentioned delayed delivery and tracking concerns.,243.49,1,0.5494944444444445,Engagement reminder
16728,59,82051.0,43,8,51.18,14.01,2,12,0.497,177,5.0,Web,Apparel,Positive,Returns,"The customer asked about returns, refunds, or the return process.",409.42,0,0.5494888888888889,Cross-sell
10875,51,73646.0,29,5,117.99,8.81,2,9,0.695,156,2.7,Mobile,Beauty,Neutral,Product Quality,The customer raised concerns about product quality and durability.,589.97,0,0.5494722222222223,Engagement reminder
13290,42,47035.0,31,8,98.75,10.03,3,12,0.436,132,3.4,Web,Sports,Neutral,Delivery,The customer mentioned delayed delivery and tracking concerns.,790.01,0,0.5494666666666667,Cross-sell
10276,56,33849.0,40,4,68.66,35.78,2,10,0.684,155,2.7,Email,Sports,Neutral,Features,The customer discussed missing features and requested improvements.,274.62,0,0.54945,Engagement reminder
12204,33,79167.0,31,9,59.57,34.65,2,7,0.816,177,3.3,Web,Electronics,Neutral,Product Quality,The customer raised concerns about product quality and durability.,536.17,0,0.5494388888888889,Cross-sell
11575,68,47750.0,41,3,93.32,35.39,5,11,0.917,157,3.8,Email,Apparel,Neutral,Features,The customer discussed missing features and requested improvements.,279.97,0,0.5493777777777779,Engagement reminder
12253,68,64868.0,8,11,92.49,30.78,4,7,0.59,108,1.9,Mobile,Home,Negative,Price,The customer said the price was high and asked for a better offer.,1017.37,0,0.5493611111111111,Cross-sell
10836,40,83470.0,42,3,90.13,30.65,1,7,0.348,176,5.0,Web,Beauty,Positive,Availability,The customer mentioned stock availability and product access.,270.39,1,0.5492888888888889,Engagement reminder
17928,57,81553.0,14,7,95.82,8.93,5,9,0.48,121,4.0,Mobile,Home,Positive,Price,The customer said the price was high and asked for a better offer.,670.77,0,0.5492777777777778,Cross-sell
11621,29,88310.0,31,3,70.06,4.85,2,7,0.542,159,3.7,Mobile,Electronics,Neutral,Price,The customer said the price was high and asked for a better offer.,210.18,1,0.5492388888888888,Engagement reminder
10033,26,52803.0,43,6,87.81,7.98,6,7,0.655,136,4.7,Web,Apparel,Positive,Product Quality,The customer raised concerns about product quality and durability.,526.87,0,0.5491388888888888,Cross-sell
10713,47,82873.0,13,5,139.56,2.14,2,8,0.551,153,3.3,Mobile,Home,Neutral,Product Quality,The customer raised concerns about product quality and durability.,697.79,0,0.5491055555555555,Engagement reminder
14160,32,45880.0,69,4,110.07,19.8,1,7,0.581,180,4.0,Mobile,Beauty,Neutral,Features,The customer discussed missing features and requested improvements.,440.28,0,0.5490777777777778,Engagement reminder
14400,38,71062.0,21,4,66.47,6.09,0,11,0.563,174,3.0,Web,Beauty,Neutral,Delivery,The customer mentioned delayed delivery and tracking concerns.,265.9,1,0.5490666666666667,Engagement reminder
11071,50,70765.0,67,4,92.28,24.12,0,8,0.471,164,2.9,Store,Sports,Neutral,Support,The customer described a slow or unsatisfactory support experience.,369.12,0,0.5489944444444445,Engagement reminder
14700,67,110089.0,42,6,84.49,37.77,2,8,0.612,177,4.4,Web,Sports,Positive,Features,The customer discussed missing features and requested improvements.,506.95,0,0.5489888888888889,Cross-sell
11612,23,76979.0,19,4,78.78,23.66,2,11,0.678,161,3.1,Web,Home,Neutral,Features,The customer discussed missing features and requested improvements.,315.14,1,0.5489833333333334,Engagement reminder
11808,38,53986.0,56,3,136.49,23.11,1,11,0.397,160,3.8,Email,Electronics,Neutral,Features,The customer discussed missing features and requested improvements.,409.46,1,0.5489333333333334,Engagement reminder
17200,19,63096.0,6,6,36.07,25.26,2,11,0.658,176,4.1,Store,Sports,Positive,Product Quality,The customer raised concerns about product quality and durability.,216.43,0,0.5488166666666667,Cross-sell
10879,45,89976.0,39,7,155.23,24.98,3,15,0.552,159,4.4,Email,Home,Positive,Product Quality,The customer raised concerns about product quality and durability.,1086.58,0,0.5487666666666666,Cross-sell
16471,34,29679.0,49,7,125.95,26.17,2,4,0.6,164,3.7,Mobile,Apparel,Neutral,Availability,The customer mentioned stock availability and product access.,881.68,0,0.54875,Cross-sell
12801,42,65408.0,39,6,86.41,30.81,2,9,0.51,139,2.7,Mobile,Electronics,Neutral,Price,The customer said the price was high and asked for a better offer.,518.44,1,0.5486944444444444,Cross-sell
15240,64,57523.0,69,4,66.77,38.27,1,10,0.438,172,4.3,Mobile,Beauty,Positive,Delivery,The customer mentioned delayed delivery and tracking concerns.,267.08,0,0.5486500000000001,Engagement reminder
17597,37,52412.0,19,3,109.02,20.21,2,12,0.438,146,3.5,Web,Sports,Neutral,Returns,"The customer asked about returns, refunds, or the return process.",327.07,0,0.54865,Engagement reminder
16124,64,72735.0,49,3,105.9,5.59,1,11,0.561,151,2.4,Web,Apparel,Negative,Product Quality,The customer raised concerns about product quality and durability.,317.7,0,0.5486333333333334,Engagement reminder
15927,59,48183.0,54,6,76.22,39.37,3,8,0.805,153,2.7,Email,Apparel,Neutral,Availability,The customer mentioned stock availability and product access.,457.33,0,0.5485833333333333,Cross-sell
16587,34,75077.0,29,8,154.48,14.52,4,10,0.921,156,3.0,Mobile,Home,Neutral,Returns,"The customer asked about returns, refunds, or the return process.",1235.87,1,0.5485777777777777,Cross-sell
14906,25,48970.0,54,9,99.64,34.65,2,11,0.653,167,3.6,Web,Beauty,Neutral,Price,The customer said the price was high and asked for a better offer.,896.8,0,0.5485666666666668,Cross-sell
10276,33,52282.0,10,8,138.86,9.98,0,13,0.278,165,4.0,Email,Beauty,Positive,Features,The customer discussed missing features and requested improvements.,1110.87,0,0.5485666666666666,Cross-sell
12287,23,78948.0,62,6,83.62,25.38,1,9,0.567,165,3.2,Email,Home,Neutral,Delivery,The customer mentioned delayed delivery and tracking concerns.,501.71,0,0.5485444444444445,Cross-sell
10874,34,69252.0,47,6,100.37,37.73,3,13,0.455,140,3.8,Web,Beauty,Neutral,Delivery,The customer mentioned delayed delivery and tracking concerns.,602.19,0,0.5484444444444444,Cross-sell
10670,20,59063.0,3,3,134.09,36.6,3,6,0.403,137,3.9,Email,Electronics,Neutral,Features,The customer discussed missing features and requested improvements.,402.26,0,0.5484277777777777,Engagement reminder
13668,56,71397.0,60,10,109.95,21.51,1,10,0.619,173,3.4,Email,Beauty,Neutral,Product Quality,The customer raised concerns about product quality and durability.,1099.49,0,0.5484222222222223,Cross-sell
15294,33,66523.0,54,4,106.42,26.69,3,12,0.31,105,2.5,Web,Beauty,Negative,Features,The customer discussed missing features and requested improvements.,425.7,0,0.5484166666666667,Engagement reminder
17976,28,80714.0,4,4,92.79,25.01,0,13,0.622,179,3.0,Email,Sports,Neutral,Returns,"The customer asked about returns, refunds, or the return process.",371.16,0,0.5483777777777777,Engagement reminder
10086,66,86026.0,4,6,68.68,26.66,1,14,0.504,166,3.6,Email,Beauty,Neutral,Delivery,The customer mentioned delayed delivery and tracking concerns.,412.07,0,0.5483666666666668,Cross-sell
12037,67,72076.0,12,9,68.65,34.39,1,13,0.28,139,3.2,Web,Apparel,Neutral,Price,The customer said the price was high and asked for a better offer.,617.88,0,0.5481666666666667,Cross-sell
17834,28,107361.0,8,7,89.11,22.96,2,15,0.761,163,2.8,Store,Sports,Neutral,Product Quality,The customer raised concerns about product quality and durability.,623.78,1,0.5480777777777778,Cross-sell
14482,36,54676.0,5,5,110.16,38.91,1,19,0.568,175,3.8,Web,Electronics,Neutral,Availability,The customer mentioned stock availability and product access.,550.8,1,0.5480666666666667,Engagement reminder
15728,61,50647.0,44,3,89.86,12.14,3,13,0.4,118,2.8,Web,Electronics,Neutral,Support,The customer described a slow or unsatisfactory support experience.,269.59,0,0.5480555555555555,Engagement reminder
17680,62,55497.0,36,10,74.51,19.74,3,12,0.708,171,4.3,Email,Beauty,Positive,Product Quality,The customer raised concerns about product quality and durability.,745.08,0,0.5479833333333334,Cross-sell
12938,67,81084.0,43,5,95.02,28.5,0,9,0.754,162,1.3,Email,Home,Negative,Features,The customer discussed missing features and requested improvements.,475.09,0,0.54795,Engagement reminder
16248,67,62978.0,71,6,98.06,8.59,3,14,0.711,178,4.7,Web,Beauty,Positive,Price,The customer said the price was high and asked for a better offer.,588.35,0,0.5479388888888889,Cross-sell
14657,65,36133.0,59,7,45.62,23.53,1,11,0.675,166,2.7,Email,Apparel,Neutral,Delivery,The customer mentioned delayed delivery and tracking concerns.,319.36,1,0.5479166666666667,Cross-sell
12945,58,74092.0,48,11,105.15,28.46,0,9,0.539,173,3.1,Email,Electronics,Neutral,Support,The customer described a slow or unsatisfactory support experience.,1156.65,0,0.5478944444444445,Cross-sell
13236,22,94164.0,62,5,112.58,2.53,1,16,0.73,176,3.0,Mobile,Beauty,Neutral,Returns,"The customer asked about returns, refunds, or the return process.",562.92,0,0.5478888888888889,Engagement reminder
15362,50,62717.0,1,7,111.25,17.51,1,8,0.66,168,2.9,Web,Home,Neutral,Support,The customer described a slow or unsatisfactory support experience.,778.77,0,0.5478611111111111,Cross-sell
12695,38,87259.0,40,8,116.58,32.95,2,8,0.695,162,3.1,Store,Home,Neutral,Returns,"The customer asked about returns, refunds, or the return process.",932.63,0,0.5478055555555555,Cross-sell
10530,57,85863.0,4,4,62.31,38.27,3,5,0.409,144,4.3,Email,Apparel,Positive,Support,The customer described a slow or unsatisfactory support experience.,249.22,1,0.5477833333333334,Engagement reminder
14056,33,89146.0,34,6,51.8,24.91,3,8,0.691,166,4.1,Mobile,Electronics,Positive,Product Quality,The customer raised concerns about product quality and durability.,310.78,0,0.5477722222222223,Cross-sell
15740,39,93222.0,51,4,62.23,16.85,3,9,0.696,158,3.6,Mobile,Sports,Neutral,Availability,The customer mentioned stock availability and product access.,248.91,1,0.5477444444444445,Engagement reminder
16400,59,48237.0,5,2,100.02,38.5,1,10,0.501,157,3.1,Web,Apparel,Neutral,Product Quality,The customer raised concerns about product quality and durability.,200.03,0,0.5477166666666667,Engagement reminder
13172,52,51932.0,5,6,111.18,20.2,5,11,0.742,154,4.6,Web,Apparel,Positive,Product Quality,The customer raised concerns about product quality and durability.,667.08,0,0.5477111111111111,Cross-sell
10664,65,82638.0,20,7,74.1,39.91,2,18,0.399,164,4.8,Web,Electronics,Positive,Delivery,The customer mentioned delayed delivery and tracking concerns.,518.72,0,0.5477000000000001,Cross-sell
15302,53,52669.0,58,7,107.96,21.6,2,12,0.611,151,2.9,Email,Sports,Neutral,Returns,"The customer asked about returns, refunds, or the return process.",755.71,1,0.5476611111111112,Cross-sell
17705,68,66390.0,64,3,114.51,18.69,4,8,0.746,155,3.9,Mobile,Apparel,Neutral,Availability,The customer mentioned stock availability and product access.,343.54,1,0.5476055555555556,Engagement reminder
11521,36,53320.0,43,4,129.75,2.23,1,15,0.615,179,3.8,Email,Apparel,Neutral,Support,The customer described a slow or unsatisfactory support experience.,518.99,0,0.5475555555555557,Engagement reminder
17120,57,82657.0,13,4,63.64,33.23,2,7,0.556,173,4.5,Mobile,Beauty,Positive,Returns,"The customer asked about returns, refunds, or the return process.",254.54,0,0.5475500000000001,Engagement reminder
12215,53,44209.0,61,7,64.76,1.19,3,6,0.554,135,3.0,Web,Sports,Neutral,Support,The customer described a slow or unsatisfactory support experience.,453.33,0,0.5475333333333333,Cross-sell
14978,53,104890.0,53,6,110.04,28.05,3,12,0.293,125,3.8,Mobile,Beauty,Neutral,Price,The customer said the price was high and asked for a better offer.,660.21,0,0.5475111111111112,Cross-sell
12014,60,59836.0,47,5,116.26,31.04,3,17,0.792,180,4.4,Web,Electronics,Positive,Returns,"The customer asked about returns, refunds, or the return process.",581.31,0,0.5474333333333333,Engagement reminder
16585,46,72291.0,55,7,90.06,6.72,1,9,0.759,175,2.8,Mobile,Beauty,Neutral,Features,The customer discussed missing features and requested improvements.,630.45,0,0.5473666666666667,Cross-sell
10663,24,58789.0,12,3,112.74,14.56,0,9,0.291,169,4.2,Email,Beauty,Positive,Availability,The customer mentioned stock availability and product access.,338.21,1,0.5473555555555556,Engagement reminder
11833,26,70417.0,33,10,138.06,19.86,2,9,0.48,161,4.2,Web,Electronics,Positive,Features,The customer discussed missing features and requested improvements.,1380.55,0,0.5473333333333333,Cross-sell
14335,62,45568.0,45,4,43.48,30.82,5,10,0.794,145,3.8,Web,Sports,Neutral,Returns,"The customer asked about returns, refunds, or the return process.",173.94,0,0.5473111111111112,Engagement reminder
16341,37,78030.0,33,5,94.13,5.24,3,12,0.151,129,4.8,Store,Apparel,Positive,Price,The customer said the price was high and asked for a better offer.,470.66,0,0.5473000000000001,Engagement reminder
13286,32,85563.0,58,8,80.2,38.76,1,15,0.492,156,3.1,Web,Sports,Neutral,Delivery,The customer mentioned delayed delivery and tracking concerns.,641.63,1,0.5472944444444445,Cross-sell
15257,22,66751.0,32,9,126.99,23.34,3,12,0.716,168,4.1,Store,Home,Positive,Features,The customer discussed missing features and requested improvements.,1142.93,1,0.5472166666666667,Cross-sell
11521,34,81760.0,30,8,131.37,36.21,3,9,0.886,163,2.9,Store,Home,Neutral,Price,The customer said the price was high and asked for a better offer.,1050.98,0,0.5471055555555555,Cross-sell
16153,62,48093.0,33,3,34.56,22.02,0,5,0.527,153,2.0,Mobile,Sports,Negative,Price,The customer said the price was high and asked for a better offer.,103.69,0,0.5471,Engagement reminder
10580,66,66213.0,2,1,90.19,38.51,3,8,0.768,176,4.3,Email,Sports,Positive,Price,The customer said the price was high and asked for a better offer.,90.19,1,0.5470944444444444,Engagement reminder
15638,50,71090.0,46,4,76.65,34.78,2,13,0.734,177,3.8,Web,Beauty,Neutral,Support,The customer described a slow or unsatisfactory support experience.,306.59,1,0.547088888888889,Engagement reminder
15262,45,85755.0,60,7,79.03,29.65,4,11,0.125,109,4.5,Email,Electronics,Positive,Price,The customer said the price was high and asked for a better offer.,553.21,0,0.5470833333333334,Cross-sell
12237,27,75399.0,38,7,56.98,4.72,2,11,0.607,174,4.3,Mobile,Apparel,Positive,Product Quality,The customer raised concerns about product quality and durability.,398.86,1,0.5470722222222223,Cross-sell
11354,57,68209.0,31,3,98.92,35.32,1,7,0.73,179,3.2,Mobile,Apparel,Neutral,Product Quality,The customer raised concerns about product quality and durability.,296.77,1,0.5470555555555555,Engagement reminder
15241,19,85390.0,50,6,106.89,1.1,1,8,0.467,157,3.3,Mobile,Beauty,Neutral,Delivery,The customer mentioned delayed delivery and tracking concerns.,641.32,0,0.5470166666666667,Cross-sell
14340,38,106377.0,19,8,71.09,5.28,1,8,0.545,164,3.3,Mobile,Beauty,Neutral,Delivery,The customer mentioned delayed delivery and tracking concerns.,568.73,0,0.5469722222222222,Cross-sell
14712,19,93485.0,30,5,134.27,15.54,2,7,0.605,167,3.9,Web,Electronics,Neutral,Support,The customer described a slow or unsatisfactory support experience.,671.36,1,0.5469166666666667,Engagement reminder
14991,31,58807.0,9,9,78.07,38.97,1,9,0.362,161,4.1,Mobile,Electronics,Positive,Delivery,The customer mentioned delayed delivery and tracking concerns.,702.59,0,0.5469055555555556,Cross-sell
11876,53,90071.0,3,9,99.0,27.8,0,7,0.503,171,3.2,Email,Home,Neutral,Delivery,The customer mentioned delayed delivery and tracking concerns.,890.97,1,0.5468999999999999,Cross-sell
17740,40,39965.0,72,8,48.9,11.72,0,10,0.544,173,3.1,Mobile,Sports,Neutral,Features,The customer discussed missing features and requested improvements.,391.22,0,0.5468944444444445,Cross-sell
12177,50,68953.0,23,3,46.2,29.98,1,12,0.345,151,3.6,Email,Sports,Neutral,Product Quality,The customer raised concerns about product quality and durability.,138.6,0,0.5468333333333334,Engagement reminder
16003,63,73605.0,2,5,101.15,19.68,3,14,0.618,132,2.5,Store,Home,Neutral,Support,The customer described a slow or unsatisfactory support experience.,505.77,0,0.5468166666666667,Engagement reminder
17641,52,93232.0,3,6,73.33,14.52,5,8,0.343,89,2.9,Email,Electronics,Neutral,Price,The customer said the price was high and asked for a better offer.,439.97,1,0.5468166666666667,Cross-sell
14968,28,51603.0,20,7,134.31,8.45,3,10,0.433,117,2.6,Web,Beauty,Neutral,Product Quality,The customer raised concerns about product quality and durability.,940.19,0,0.5467333333333333,Cross-sell
11486,47,65116.0,52,2,137.31,20.96,2,7,0.74,174,3.6,Web,Apparel,Neutral,Features,The customer discussed missing features and requested improvements.,274.62,0,0.5467222222222223,Engagement reminder
17281,55,75447.0,4,5,141.97,12.01,1,12,0.654,172,3.2,Email,Electronics,Neutral,Availability,The customer mentioned stock availability and product access.,709.86,1,0.5467,Engagement reminder
10621,35,66870.0,42,9,104.84,12.83,1,8,0.345,156,3.9,Web,Beauty,Neutral,Price,The customer said the price was high and asked for a better offer.,943.53,0,0.5466944444444445,Cross-sell
12070,67,78825.0,62,2,79.14,19.46,1,7,0.545,174,3.9,Web,Electronics,Neutral,Support,The customer described a slow or unsatisfactory support experience.,158.28,1,0.5466944444444445,Engagement reminder
12852,60,70026.0,48,3,67.2,29.82,3,15,0.686,160,3.8,Store,Apparel,Neutral,Product Quality,The customer raised concerns about product quality and durability.,201.59,0,0.5466888888888889,Engagement reminder
15955,68,69780.0,31,7,40.87,35.83,2,10,0.623,155,3.1,Web,Sports,Neutral,Support,The customer described a slow or unsatisfactory support experience.,286.11,0,0.5466500000000001,Cross-sell
14449,64,75338.0,65,5,58.54,4.6,2,9,0.405,132,2.9,Email,Home,Neutral,Price,The customer said the price was high and asked for a better offer.,292.68,0,0.5466388888888889,Engagement reminder
11452,52,50594.0,44,6,109.04,6.09,4,10,0.746,163,4.4,Store,Electronics,Positive,Product Quality,The customer raised concerns about product quality and durability.,654.21,0,0.5466333333333333,Cross-sell
15756,18,65996.0,55,10,89.9,8.43,2,15,0.751,180,3.9,Web,Apparel,Neutral,Delivery,The customer mentioned delayed delivery and tracking concerns.,899.0,0,0.5466055555555556,Cross-sell
15407,36,66065.0,67,3,73.04,33.54,2,11,0.759,179,3.8,Mobile,Sports,Neutral,Features,The customer discussed missing features and requested improvements.,219.11,1,0.5465333333333334,Engagement reminder
17694,18,85628.0,37,2,103.42,18.97,1,8,0.453,169,4.1,Web,Sports,Positive,Delivery,The customer mentioned delayed delivery and tracking concerns.,206.84,0,0.5464833333333334,Engagement reminder
13181,52,42334.0,38,6,94.52,33.64,2,13,0.443,137,3.0,Mobile,Electronics,Neutral,Product Quality,The customer raised concerns about product quality and durability.,567.1,0,0.5464,Cross-sell
12458,59,45670.0,35,6,66.17,21.17,3,11,0.459,131,3.3,Store,Apparel,Neutral,Returns,"The customer asked about returns, refunds, or the return process.",397.04,1,0.5463944444444444,Cross-sell
12470,42,71056.0,4,8,77.71,35.53,1,13,0.475,149,2.8,Mobile,Beauty,Neutral,Availability,The customer mentioned stock availability and product access.,621.7,1,0.5463888888888889,Cross-sell
10055,20,48336.0,28,7,73.31,39.79,2,13,0.35,159,4.8,Mobile,Sports,Positive,Features,The customer discussed missing features and requested improvements.,513.14,0,0.5463888888888888,Cross-sell
14873,25,63137.0,3,6,96.74,26.4,0,7,0.353,164,3.6,Email,Electronics,Neutral,Support,The customer described a slow or unsatisfactory support experience.,580.46,0,0.5463444444444445,Cross-sell
17516,43,48896.0,45,5,108.35,22.81,2,7,0.456,155,4.0,Mobile,Electronics,Neutral,Product Quality,The customer raised concerns about product quality and durability.,541.77,0,0.5463,Engagement reminder
15784,59,44232.0,18,14,93.9,39.11,2,10,0.438,150,3.8,Web,Electronics,Neutral,Availability,The customer mentioned stock availability and product access.,1314.63,0,0.546288888888889,Cross-sell
17874,51,63909.0,45,9,70.78,1.54,2,11,0.663,177,4.2,Mobile,Home,Positive,Product Quality,The customer raised concerns about product quality and durability.,636.98,0,0.5462888888888889,Cross-sell
10379,35,59441.0,58,4,70.58,34.94,0,10,0.468,176,3.7,Store,Apparel,Neutral,Delivery,The customer mentioned delayed delivery and tracking concerns.,282.33,1,0.5462611111111111,Engagement reminder
11068,39,87794.0,17,3,120.11,26.31,0,9,0.473,168,3.2,Store,Apparel,Neutral,Product Quality,The customer raised concerns about product quality and durability.,360.32,0,0.5462333333333333,Engagement reminder
10210,57,73531.0,16,7,139.88,6.9,2,12,0.558,154,3.4,Web,Home,Neutral,Delivery,The customer mentioned delayed delivery and tracking concerns.,979.18,0,0.5461777777777778,Cross-sell
13085,29,87665.0,40,9,144.93,19.72,0,14,0.488,171,3.3,Store,Apparel,Neutral,Availability,The customer mentioned stock availability and product access.,1304.36,0,0.54615,Cross-sell
14381,48,35539.0,42,3,105.69,29.35,2,8,0.87,177,3.1,Web,Electronics,Neutral,Delivery,The customer mentioned delayed delivery and tracking concerns.,317.07,0,0.546138888888889,Engagement reminder
12842,62,58857.0,64,8,77.86,0.34,3,11,0.758,178,4.5,Store,Electronics,Positive,Availability,The customer mentioned stock availability and product access.,622.87,0,0.546038888888889,Cross-sell
14661,48,60291.0,7,6,137.34,27.2,3,11,0.586,149,3.7,Mobile,Electronics,Neutral,Availability,The customer mentioned stock availability and product access.,824.05,1,0.5459944444444444,Cross-sell
10710,22,95477.0,46,7,32.31,12.97,0,8,0.289,153,3.3,Web,Beauty,Neutral,Price,The customer said the price was high and asked for a better offer.,226.17,0,0.54595,Cross-sell
10868,62,73909.0,53,6,129.26,20.53,1,8,0.571,176,3.9,Mobile,Electronics,Neutral,Returns,"The customer asked about returns, refunds, or the return process.",775.55,0,0.545938888888889,Cross-sell
14246,28,54840.0,28,6,115.19,5.16,3,15,0.346,124,3.5,Web,Electronics,Neutral,Delivery,The customer mentioned delayed delivery and tracking concerns.,691.16,0,0.5459388888888889,Cross-sell
15136,30,58664.0,3,7,55.13,14.88,1,12,0.362,142,3.0,Mobile,Apparel,Neutral,Features,The customer discussed missing features and requested improvements.,385.91,0,0.5459333333333334,Cross-sell
17934,48,57980.0,1,4,147.03,10.45,2,10,0.512,170,4.6,Store,Sports,Positive,Delivery,The customer mentioned delayed delivery and tracking concerns.,588.12,0,0.5459333333333334,Engagement reminder
11225,26,88134.0,72,8,83.31,18.78,1,11,0.553,171,3.7,Web,Beauty,Neutral,Support,The customer described a slow or unsatisfactory support experience.,666.44,0,0.5459277777777778,Cross-sell
17523,41,78495.0,13,5,116.46,17.25,2,13,0.779,167,3.0,Web,Home,Neutral,Availability,The customer mentioned stock availability and product access.,582.28,0,0.5458666666666667,Engagement reminder
13514,26,101903.0,7,7,80.18,26.59,8,18,0.7,95,3.6,Email,Electronics,Neutral,Availability,The customer mentioned stock availability and product access.,561.29,1,0.5458333333333334,Cross-sell
16496,47,43700.0,23,6,64.19,5.56,2,18,0.471,146,3.4,Store,Beauty,Neutral,Availability,The customer mentioned stock availability and product access.,385.14,0,0.5458000000000001,Cross-sell
16988,49,54148.0,20,4,104.85,34.35,1,5,0.503,158,3.2,Web,Sports,Neutral,Product Quality,The customer raised concerns about product quality and durability.,419.39,0,0.5457888888888889,Engagement reminder
14917,63,72603.0,33,7,105.45,28.99,2,17,0.46,145,3.4,Mobile,Sports,Neutral,Price,The customer said the price was high and asked for a better offer.,738.16,0,0.5457777777777777,Cross-sell
12378,42,49994.0,41,9,135.18,7.89,4,9,0.526,131,3.7,Store,Beauty,Neutral,Product Quality,The customer raised concerns about product quality and durability.,1216.58,1,0.5457722222222222,Cross-sell
16347,45,72364.0,10,4,62.29,38.68,1,10,0.536,166,3.5,Web,Home,Neutral,Support,The customer described a slow or unsatisfactory support experience.,249.18,0,0.5457166666666667,Engagement reminder
15961,32,77946.0,71,6,91.44,37.76,0,14,0.477,158,2.6,Email,Sports,Neutral,Features,The customer discussed missing features and requested improvements.,548.62,0,0.5457111111111111,Cross-sell
13080,40,78432.0,42,7,35.05,1.71,1,10,0.414,155,3.5,Email,Beauty,Neutral,Features,The customer discussed missing features and requested improvements.,245.35,0,0.5456722222222223,Cross-sell
10896,52,51931.0,54,7,45.55,13.31,1,13,0.619,170,3.3,Web,Home,Neutral,Returns,"The customer asked about returns, refunds, or the return process.",318.83,0,0.5455055555555556,Cross-sell
16755,61,58525.0,71,4,100.09,17.77,2,3,0.374,154,4.4,Email,Home,Positive,Price,The customer said the price was high and asked for a better offer.,400.37,0,0.5454777777777777,Engagement reminder
10327,44,97352.0,13,3,116.82,1.64,2,7,0.499,145,3.2,Mobile,Electronics,Neutral,Availability,The customer mentioned stock availability and product access.,350.45,0,0.5454777777777777,Engagement reminder
10607,37,35667.0,60,6,59.62,37.15,2,9,0.638,171,4.0,Mobile,Home,Positive,Returns,"The customer asked about returns, refunds, or the return process.",357.73,0,0.5454555555555556,Cross-sell
14800,66,70483.0,55,9,69.42,26.69,0,10,0.559,172,3.0,Mobile,Electronics,Neutral,Features,The customer discussed missing features and requested improvements.,624.75,0,0.5454222222222223,Cross-sell
13094,63,91417.0,6,7,92.26,10.43,1,13,0.45,175,4.5,Mobile,Beauty,Positive,Price,The customer said the price was high and asked for a better offer.,645.84,1,0.5454166666666668,Cross-sell
17722,26,65918.0,18,7,114.34,29.49,3,7,0.475,132,3.3,Email,Beauty,Neutral,Delivery,The customer mentioned delayed delivery and tracking concerns.,800.36,0,0.5454166666666667,Cross-sell
16996,65,66055.0,18,11,114.77,11.26,1,10,0.587,162,3.0,Mobile,Sports,Neutral,Product Quality,The customer raised concerns about product quality and durability.,1262.46,0,0.5453777777777779,Cross-sell
11038,48,90508.0,34,6,63.78,23.26,0,9,0.611,180,3.2,Email,Electronics,Neutral,Availability,The customer mentioned stock availability and product access.,382.7,0,0.5453,Cross-sell
10855,29,87589.0,66,5,106.27,17.66,0,11,0.634,177,2.9,Mobile,Beauty,Neutral,Delivery,The customer mentioned delayed delivery and tracking concerns.,531.37,0,0.5452833333333333,Engagement reminder
17502,43,46686.0,70,4,85.18,15.29,0,13,0.589,178,3.2,Store,Beauty,Neutral,Features,The customer discussed missing features and requested improvements.,340.73,0,0.5452555555555556,Engagement reminder
13745,39,73965.0,4,9,121.28,3.76,2,7,0.676,176,4.1,Email,Sports,Positive,Returns,"The customer asked about returns, refunds, or the return process.",1091.55,0,0.5452166666666667,Cross-sell
15754,55,72760.0,69,3,116.73,39.21,1,9,0.392,141,2.8,Email,Sports,Neutral,Price,The customer said the price was high and asked for a better offer.,350.18,0,0.5452111111111111,Engagement reminder
17855,44,90992.0,46,8,86.47,8.33,3,5,0.656,160,4.0,Email,Beauty,Positive,Delivery,The customer mentioned delayed delivery and tracking concerns.,691.8,0,0.5451888888888888,Cross-sell
17897,32,64042.0,35,7,87.26,15.59,0,10,0.646,178,2.9,Web,Sports,Neutral,Support,The customer described a slow or unsatisfactory support experience.,610.81,1,0.5451055555555556,Cross-sell
11225,39,49129.0,64,4,91.96,0.55,1,10,0.333,166,4.6,Mobile,Sports,Positive,Delivery,The customer mentioned delayed delivery and tracking concerns.,367.84,0,0.5450666666666667,Engagement reminder
10028,60,68615.0,13,10,141.22,36.95,1,13,0.497,174,4.2,Web,Beauty,Positive,Availability,The customer mentioned stock availability and product access.,1412.17,0,0.5450444444444446,Cross-sell
10075,67,104649.0,33,5,73.17,5.04,1,10,0.595,171,3.5,Store,Electronics,Neutral,Product Quality,The customer raised concerns about product quality and durability.,365.84,0,0.5450277777777778,Engagement reminder
11626,23,60330.0,59,8,41.11,22.77,1,11,0.477,157,3.3,Email,Home,Neutral,Features,The customer discussed missing features and requested improvements.,328.84,0,0.5450166666666667,Cross-sell
17486,47,65003.0,2,9,116.12,8.38,1,8,0.328,152,3.8,Web,Beauty,Neutral,Availability,The customer mentioned stock availability and product access.,1045.09,0,0.5449555555555556,Cross-sell
15709,32,57278.0,29,7,68.76,9.96,3,14,0.635,158,4.0,Store,Electronics,Positive,Delivery,The customer mentioned delayed delivery and tracking concerns.,481.32,0,0.5449444444444445,Cross-sell
15606,34,63166.0,15,6,146.93,5.61,3,5,0.635,158,4.0,Email,Apparel,Positive,Availability,The customer mentioned stock availability and product access.,881.57,1,0.5449444444444445,Cross-sell
13417,47,56454.0,42,3,103.6,28.98,2,13,0.733,154,2.5,Mobile,Electronics,Neutral,Returns,"The customer asked about returns, refunds, or the return process.",310.79,0,0.5449277777777778,Engagement reminder
12124,58,68167.0,62,10,74.8,12.34,2,6,0.365,131,3.1,Web,Sports,Neutral,Product Quality,The customer raised concerns about product quality and durability.,747.95,0,0.5449166666666667,Cross-sell
17173,66,70486.0,30,5,130.51,30.44,1,6,0.629,174,3.5,Mobile,Sports,Neutral,Delivery,The customer mentioned delayed delivery and tracking concerns.,652.57,1,0.5448944444444445,Engagement reminder
10390,69,67394.0,21,8,115.47,4.87,1,12,0.436,160,3.7,Web,Home,Neutral,Returns,"The customer asked about returns, refunds, or the return process.",923.75,1,0.5448833333333334,Cross-sell
13317,41,54025.0,11,6,53.09,1.77,2,11,0.532,173,4.7,Email,Sports,Positive,Support,The customer described a slow or unsatisfactory support experience.,318.54,0,0.5448500000000001,Cross-sell
10702,35,42477.0,8,6,92.7,6.49,3,6,0.914,178,3.7,Web,Beauty,Neutral,Returns,"The customer asked about returns, refunds, or the return process.",556.21,1,0.5448388888888889,Cross-sell
12094,29,67679.0,69,4,92.04,24.82,1,13,0.428,166,4.1,Mobile,Sports,Positive,Price,The customer said the price was high and asked for a better offer.,368.17,0,0.5448166666666668,Engagement reminder
17274,49,64704.0,66,6,18.0,7.58,2,9,0.594,160,3.6,Email,Apparel,Neutral,Support,The customer described a slow or unsatisfactory support experience.,108.0,1,0.5448111111111111,Cross-sell
15455,67,54870.0,15,6,64.88,11.25,2,6,0.615,145,2.6,Store,Beauty,Neutral,Price,The customer said the price was high and asked for a better offer.,389.3,0,0.5447777777777778,Cross-sell
16624,26,49987.0,61,5,109.29,9.55,0,10,0.415,152,2.6,Email,Beauty,Neutral,Delivery,The customer mentioned delayed delivery and tracking concerns.,546.46,0,0.5447777777777778,Engagement reminder
10372,61,47637.0,54,8,96.75,20.24,2,10,0.736,166,3.2,Email,Apparel,Neutral,Product Quality,The customer raised concerns about product quality and durability.,773.99,1,0.5447444444444445,Cross-sell
12504,38,88563.0,54,7,48.13,23.99,2,11,0.718,161,3.0,Mobile,Home,Neutral,Returns,"The customer asked about returns, refunds, or the return process.",336.9,0,0.5447333333333333,Cross-sell
16583,51,83485.0,28,3,134.74,30.01,2,9,0.321,159,5.0,Store,Home,Positive,Features,The customer discussed missing features and requested improvements.,404.22,0,0.5446888888888889,Engagement reminder
10709,50,57490.0,39,5,95.91,31.75,2,11,0.512,161,4.1,Web,Electronics,Positive,Delivery,The customer mentioned delayed delivery and tracking concerns.,479.57,1,0.5446833333333334,Engagement reminder
17197,55,45576.0,24,5,120.61,13.65,2,6,0.617,162,3.6,Mobile,Sports,Neutral,Delivery,The customer mentioned delayed delivery and tracking concerns.,603.07,0,0.5446555555555556,Engagement reminder
15937,57,70054.0,2,5,157.22,29.27,1,11,0.683,172,3.1,Mobile,Beauty,Neutral,Features,The customer discussed missing features and requested improvements.,786.09,1,0.5446500000000001,Engagement reminder
16149,33,92382.0,28,11,74.69,31.64,1,12,0.486,161,3.5,Email,Electronics,Neutral,Support,The customer described a slow or unsatisfactory support experience.,821.56,0,0.5446055555555556,Cross-sell
14762,21,41873.0,41,6,100.8,27.84,0,7,0.393,155,2.9,Web,Apparel,Neutral,Price,The customer said the price was high and asked for a better offer.,604.8,0,0.5445944444444445,Cross-sell
13127,18,69009.0,2,6,125.01,12.01,2,8,0.484,150,3.6,Web,Apparel,Neutral,Availability,The customer mentioned stock availability and product access.,750.07,0,0.544588888888889,Cross-sell
13538,49,96978.0,44,4,104.26,5.45,2,7,0.658,169,3.8,Mobile,Beauty,Neutral,Delivery,The customer mentioned delayed delivery and tracking concerns.,417.05,0,0.5445111111111112,Engagement reminder
15871,50,67407.0,9,7,70.7,11.39,4,18,0.576,145,4.3,Email,Beauty,Positive,Availability,The customer mentioned stock availability and product access.,494.89,0,0.5443833333333333,Cross-sell
11954,36,22532.0,22,8,23.89,4.67,2,7,0.765,160,2.7,Mobile,Beauty,Neutral,Price,The customer said the price was high and asked for a better offer.,191.11,0,0.5443611111111111,Cross-sell
12823,32,86958.0,33,11,137.4,9.51,2,14,0.518,158,3.9,Store,Electronics,Neutral,Delivery,The customer mentioned delayed delivery and tracking concerns.,1511.44,0,0.5443166666666668,Cross-sell
13504,56,90734.0,41,9,85.07,2.66,1,11,0.573,167,3.4,Mobile,Electronics,Neutral,Availability,The customer mentioned stock availability and product access.,765.6,0,0.544288888888889,Cross-sell
15842,22,72923.0,15,7,50.1,25.18,2,10,0.448,123,2.2,Store,Beauty,Negative,Delivery,The customer mentioned delayed delivery and tracking concerns.,350.68,0,0.5442888888888889,Cross-sell
12468,28,71032.0,48,3,82.84,3.72,1,5,0.301,156,4.2,Web,Electronics,Positive,Features,The customer discussed missing features and requested improvements.,248.51,1,0.5442444444444445,Engagement reminder
10649,22,33986.0,35,7,60.05,5.72,1,11,0.538,179,4.3,Web,Apparel,Positive,Features,The customer discussed missing features and requested improvements.,420.38,1,0.5442055555555556,Cross-sell
15597,20,63528.0,3,6,134.4,1.46,2,10,0.391,160,4.7,Mobile,Apparel,Positive,Delivery,The customer mentioned delayed delivery and tracking concerns.,806.4,0,0.5441611111111111,Cross-sell
12080,27,45911.0,58,9,104.88,27.37,0,8,0.385,149,2.6,Store,Home,Neutral,Delivery,The customer mentioned delayed delivery and tracking concerns.,943.92,0,0.5441111111111111,Cross-sell
11266,42,74453.0,54,9,122.42,3.05,2,12,0.496,139,2.9,Web,Beauty,Neutral,Product Quality,The customer raised concerns about product quality and durability.,1101.75,1,0.5439944444444444,Cross-sell
12433,19,29866.0,65,9,141.45,7.63,2,9,0.915,175,2.8,Web,Electronics,Neutral,Features,The customer discussed missing features and requested improvements.,1273.04,0,0.5439444444444445,Cross-sell
17053,55,49232.0,35,6,121.99,9.06,1,12,0.247,124,2.6,Mobile,Apparel,Neutral,Features,The customer discussed missing features and requested improvements.,731.92,0,0.5439333333333334,Cross-sell
13048,35,79863.0,3,7,66.22,18.48,1,9,0.497,160,3.4,Web,Home,Neutral,Features,The customer discussed missing features and requested improvements.,463.51,0,0.5439333333333334,Cross-sell
10263,29,91679.0,53,4,85.48,22.02,3,10,0.488,146,4.1,Store,Home,Positive,Delivery,The customer mentioned delayed delivery and tracking concerns.,341.92,0,0.5439277777777779,Engagement reminder
11867,29,48930.0,44,2,135.65,18.3,1,8,0.254,128,2.8,Web,Beauty,Neutral,Product Quality,The customer raised concerns about product quality and durability.,271.3,0,0.5439222222222222,Engagement reminder
12589,37,69215.0,60,7,88.86,7.02,3,11,0.741,162,3.7,Email,Apparel,Neutral,Product Quality,The customer raised concerns about product quality and durability.,622.05,0,0.5438833333333334,Cross-sell
13836,50,38562.0,41,8,79.26,14.65,3,14,0.61,162,4.4,Email,Home,Positive,Availability,The customer mentioned stock availability and product access.,634.1,0,0.5438333333333334,Cross-sell
10901,60,38783.0,61,8,89.53,21.98,1,14,0.501,162,3.5,Mobile,Beauty,Neutral,Support,The customer described a slow or unsatisfactory support experience.,716.21,1,0.5438277777777778,Cross-sell
12504,59,112446.0,48,3,64.16,39.23,2,11,0.413,150,4.0,Email,Home,Neutral,Features,The customer discussed missing features and requested improvements.,192.49,0,0.543788888888889,Engagement reminder
16130,21,64100.0,27,6,69.03,29.01,0,16,0.518,176,3.5,Web,Apparel,Neutral,Availability,The customer mentioned stock availability and product access.,414.19,1,0.5437611111111111,Cross-sell
14660,44,80908.0,58,4,82.8,19.16,3,11,0.573,162,4.6,Store,Beauty,Positive,Delivery,The customer mentioned delayed delivery and tracking concerns.,331.21,0,0.5437333333333334,Engagement reminder
15278,60,67196.0,66,7,95.39,28.92,1,11,0.446,157,3.5,Email,Home,Neutral,Delivery,The customer mentioned delayed delivery and tracking concerns.,667.73,0,0.5437166666666667,Cross-sell
12782,51,84971.0,48,12,84.0,14.54,3,4,0.503,127,2.9,Email,Electronics,Neutral,Availability,The customer mentioned stock availability and product access.,1007.98,0,0.5437055555555556,Cross-sell
11137,42,78332.0,49,6,35.79,24.32,2,6,0.653,153,2.9,Email,Electronics,Neutral,Price,The customer said the price was high and asked for a better offer.,214.72,1,0.5437055555555556,Cross-sell
17471,37,71211.0,54,5,86.75,9.84,1,9,0.501,167,3.8,Web,Home,Neutral,Price,The customer said the price was high and asked for a better offer.,433.73,1,0.543688888888889,Engagement reminder
16416,48,86233.0,70,9,150.87,17.4,0,11,0.324,172,4.3,Web,Sports,Positive,Product Quality,The customer raised concerns about product quality and durability.,1357.84,0,0.5436722222222222,Cross-sell
12748,64,47373.0,49,9,108.98,11.2,2,5,0.758,159,2.7,Mobile,Home,Neutral,Delivery,The customer mentioned delayed delivery and tracking concerns.,980.86,0,0.5435388888888888,Cross-sell
15500,58,82774.0,58,6,41.74,35.15,2,8,0.27,137,4.0,Web,Beauty,Positive,Returns,"The customer asked about returns, refunds, or the return process.",250.42,0,0.5435,Cross-sell
14135,52,59548.0,36,4,83.92,2.47,2,9,0.427,141,3.4,Store,Electronics,Neutral,Returns,"The customer asked about returns, refunds, or the return process.",335.67,0,0.5434888888888889,Engagement reminder
12821,65,40942.0,29,7,92.59,9.4,2,12,0.559,163,4.0,Store,Beauty,Positive,Features,The customer discussed missing features and requested improvements.,648.13,0,0.5434777777777778,Cross-sell
11201,51,70107.0,18,4,64.88,29.4,3,6,0.555,167,5.0,Mobile,Apparel,Positive,Features,The customer discussed missing features and requested improvements.,259.52,0,0.5434444444444445,Engagement reminder
15931,24,56171.0,36,6,71.67,5.89,3,12,0.328,128,3.9,Mobile,Electronics,Neutral,Product Quality,The customer raised concerns about product quality and durability.,430.02,0,0.5434277777777777,Cross-sell
17882,53,30268.0,54,3,118.48,3.84,1,9,0.701,168,2.8,Email,Apparel,Neutral,Product Quality,The customer raised concerns about product quality and durability.,355.44,0,0.5434111111111112,Engagement reminder
14266,24,43395.0,49,7,52.42,1.77,1,8,0.601,159,2.8,Email,Electronics,Neutral,Price,The customer said the price was high and asked for a better offer.,366.96,0,0.5434111111111112,Cross-sell
10246,55,78635.0,57,6,106.75,3.0,2,10,0.724,166,3.3,Email,Apparel,Neutral,Returns,"The customer asked about returns, refunds, or the return process.",640.49,0,0.5433944444444445,Cross-sell
10983,32,70481.0,69,9,144.63,3.06,1,8,0.44,158,3.6,Mobile,Electronics,Neutral,Support,The customer described a slow or unsatisfactory support experience.,1301.71,0,0.5433888888888889,Cross-sell
14434,32,93806.0,70,4,98.6,31.77,1,13,0.313,155,4.1,Web,Home,Positive,Delivery,The customer mentioned delayed delivery and tracking concerns.,394.39,1,0.5433722222222224,Engagement reminder
17753,59,40332.0,17,6,56.13,24.49,3,11,0.495,116,2.3,Store,Sports,Negative,Price,The customer said the price was high and asked for a better offer.,336.75,0,0.5433611111111112,Cross-sell
14241,24,73366.0,19,5,129.18,24.74,1,15,0.543,174,4.0,Mobile,Home,Positive,Delivery,The customer mentioned delayed delivery and tracking concerns.,645.91,1,0.5433444444444445,Engagement reminder
11972,53,45211.0,30,4,116.24,30.48,2,7,0.509,150,3.5,Email,Beauty,Neutral,Support,The customer described a slow or unsatisfactory support experience.,464.97,1,0.5433388888888889,Engagement reminder
15526,67,43815.0,11,5,66.81,10.79,1,11,0.535,180,4.4,Mobile,Apparel,Positive,Returns,"The customer asked about returns, refunds, or the return process.",334.06,0,0.5432777777777777,Engagement reminder
17721,51,71000.0,49,6,67.51,2.85,1,10,0.261,130,2.9,Mobile,Home,Neutral,Delivery,The customer mentioned delayed delivery and tracking concerns.,405.07,0,0.5432166666666667,Cross-sell
12715,22,67686.0,61,4,117.8,16.82,2,7,0.718,162,3.1,Store,Sports,Neutral,Features,The customer discussed missing features and requested improvements.,471.2,1,0.5432055555555556,Engagement reminder
11818,57,77112.0,40,10,83.19,33.82,0,11,0.343,160,3.5,Web,Beauty,Neutral,Delivery,The customer mentioned delayed delivery and tracking concerns.,831.94,1,0.5432055555555556,Cross-sell
13034,68,80407.0,19,4,84.18,0.12,3,11,0.369,140,4.4,Web,Beauty,Positive,Product Quality,The customer raised concerns about product quality and durability.,336.7,0,0.5431444444444444,Engagement reminder
12936,67,79156.0,45,4,59.43,38.86,3,7,0.876,162,3.0,Store,Apparel,Neutral,Features,The customer discussed missing features and requested improvements.,237.72,1,0.5431333333333334,Engagement reminder
15429,41,52903.0,67,8,29.43,21.5,3,10,0.375,127,3.6,Web,Home,Neutral,Availability,The customer mentioned stock availability and product access.,235.43,0,0.5430555555555556,Cross-sell
15759,60,56966.0,11,4,90.3,29.49,1,11,0.73,162,2.3,Web,Beauty,Negative,Availability,The customer mentioned stock availability and product access.,361.22,0,0.5430277777777779,Engagement reminder
17061,37,78190.0,53,7,74.17,5.82,0,14,0.555,179,3.5,Email,Home,Neutral,Price,The customer said the price was high and asked for a better offer.,519.21,0,0.5430277777777778,Cross-sell
10888,35,85299.0,44,6,83.83,39.27,1,9,0.33,153,3.9,Store,Apparel,Neutral,Product Quality,The customer raised concerns about product quality and durability.,502.98,0,0.5430277777777778,Cross-sell
15750,66,59153.0,2,9,82.26,29.97,0,11,0.419,160,3.1,Mobile,Electronics,Neutral,Delivery,The customer mentioned delayed delivery and tracking concerns.,740.37,0,0.5430055555555556,Cross-sell
10459,44,39303.0,8,9,84.96,10.23,4,11,0.301,123,4.5,Web,Apparel,Positive,Product Quality,The customer raised concerns about product quality and durability.,764.6,0,0.5429944444444446,Cross-sell
15775,22,52195.0,59,9,92.1,10.85,3,12,0.592,160,4.4,Mobile,Sports,Positive,Availability,The customer mentioned stock availability and product access.,828.93,0,0.5429888888888889,Cross-sell
11233,30,54078.0,16,3,99.94,1.46,3,15,0.42,131,3.6,Email,Sports,Neutral,Support,The customer described a slow or unsatisfactory support experience.,299.81,0,0.5429444444444445,Engagement reminder
14441,19,74044.0,28,4,52.45,6.51,1,6,0.582,152,2.5,Mobile,Apparel,Neutral,Product Quality,The customer raised concerns about product quality and durability.,209.78,1,0.5429055555555555,Engagement reminder
12391,58,97980.0,44,5,63.25,1.92,1,10,0.317,118,1.9,Store,Apparel,Negative,Support,The customer described a slow or unsatisfactory support experience.,316.25,1,0.54285,Engagement reminder
12728,45,49952.0,13,7,66.54,16.9,1,15,0.514,161,3.4,Mobile,Beauty,Neutral,Features,The customer discussed missing features and requested improvements.,465.77,0,0.5427555555555557,Cross-sell
17585,59,42287.0,65,4,114.21,2.37,1,7,0.378,169,4.6,Web,Electronics,Positive,Delivery,The customer mentioned delayed delivery and tracking concerns.,456.82,0,0.5427333333333334,Engagement reminder
15630,60,74359.0,70,9,90.98,37.12,0,11,0.628,177,3.0,Mobile,Electronics,Neutral,Support,The customer described a slow or unsatisfactory support experience.,818.86,1,0.5427333333333333,Cross-sell
11945,60,74417.0,9,5,132.49,39.11,3,9,0.683,163,4.1,Store,Apparel,Positive,Availability,The customer mentioned stock availability and product access.,662.45,0,0.5427055555555556,Engagement reminder
12939,32,58327.0,66,5,94.5,24.27,0,7,0.699,180,2.8,Store,Apparel,Neutral,Delivery,The customer mentioned delayed delivery and tracking concerns.,472.5,0,0.5427000000000001,Engagement reminder
13067,52,77265.0,28,2,66.13,8.62,2,10,0.736,160,2.9,Mobile,Apparel,Neutral,Availability,The customer mentioned stock availability and product access.,132.26,1,0.5426611111111111,Engagement reminder
16912,33,80748.0,7,4,36.04,35.23,2,12,0.539,176,4.9,Email,Electronics,Positive,Availability,The customer mentioned stock availability and product access.,144.18,0,0.5426166666666666,Engagement reminder
11845,22,56691.0,4,7,84.17,37.8,1,11,0.412,172,4.6,Email,Home,Positive,Availability,The customer mentioned stock availability and product access.,589.19,1,0.5426000000000001,Cross-sell
11226,43,68334.0,28,8,94.2,14.92,1,9,0.67,180,3.7,Email,Apparel,Neutral,Availability,The customer mentioned stock availability and product access.,753.56,0,0.5425277777777778,Cross-sell
16109,35,57322.0,28,10,97.94,23.89,0,4,0.668,167,2.2,Web,Beauty,Negative,Delivery,The customer mentioned delayed delivery and tracking concerns.,979.42,0,0.5425111111111112,Cross-sell
13581,65,64817.0,21,2,92.93,13.36,5,5,0.425,113,4.0,Store,Apparel,Positive,Price,The customer said the price was high and asked for a better offer.,185.86,1,0.5425,Engagement reminder
10984,39,68310.0,32,7,77.7,36.57,2,7,0.72,150,2.4,Email,Beauty,Negative,Product Quality,The customer raised concerns about product quality and durability.,543.92,0,0.5423888888888889,Cross-sell
15860,53,86596.0,33,6,77.12,2.44,0,13,0.502,179,3.8,Email,Electronics,Neutral,Availability,The customer mentioned stock availability and product access.,462.72,0,0.5423777777777778,Cross-sell
15872,45,55206.0,9,6,124.66,9.05,4,11,0.918,158,3.3,Mobile,Home,Neutral,Product Quality,The customer raised concerns about product quality and durability.,747.95,1,0.5423722222222223,Cross-sell
11142,59,35355.0,22,4,129.01,24.24,1,6,0.593,173,3.7,Store,Sports,Neutral,Support,The customer described a slow or unsatisfactory support experience.,516.03,0,0.5423722222222223,Engagement reminder
17242,51,104751.0,49,2,124.35,5.93,2,17,0.323,148,4.4,Mobile,Home,Positive,Delivery,The customer mentioned delayed delivery and tracking concerns.,248.69,0,0.5423444444444445,Engagement reminder
17951,66,75543.0,34,10,117.4,14.19,1,10,0.433,167,4.2,Mobile,Sports,Positive,Delivery,The customer mentioned delayed delivery and tracking concerns.,1173.99,0,0.542288888888889,Cross-sell
13507,33,26349.0,70,3,59.74,25.25,2,12,0.695,173,3.9,Web,Sports,Neutral,Price,The customer said the price was high and asked for a better offer.,179.21,0,0.5422500000000001,Engagement reminder
11227,19,64241.0,3,4,83.61,6.13,2,10,0.653,154,3.0,Email,Home,Neutral,Product Quality,The customer raised concerns about product quality and durability.,334.46,0,0.5421777777777778,Engagement reminder
13197,42,74264.0,59,4,138.07,19.09,1,15,0.519,173,4.1,Mobile,Beauty,Positive,Product Quality,The customer raised concerns about product quality and durability.,552.28,1,0.5421722222222224,Engagement reminder
15655,34,92601.0,59,8,87.09,37.34,1,12,0.549,174,4.0,Web,Beauty,Positive,Product Quality,The customer raised concerns about product quality and durability.,696.7,1,0.5421444444444444,Cross-sell
17035,67,112068.0,56,9,106.28,39.56,3,11,0.574,158,4.4,Web,Sports,Positive,Product Quality,The customer raised concerns about product quality and durability.,956.55,0,0.5421444444444444,Cross-sell
10135,29,66956.0,3,9,87.56,34.85,3,12,0.572,146,3.7,Mobile,Electronics,Neutral,Product Quality,The customer raised concerns about product quality and durability.,788.05,0,0.5421277777777778,Cross-sell
16493,51,18000.0,36,10,124.62,8.65,5,7,0.811,156,4.5,Email,Apparel,Positive,Delivery,The customer mentioned delayed delivery and tracking concerns.,1246.19,0,0.5421055555555556,Cross-sell
16946,46,61377.0,54,11,102.33,38.86,2,10,0.63,162,3.6,Store,Sports,Neutral,Returns,"The customer asked about returns, refunds, or the return process.",1125.59,0,0.5420555555555556,Cross-sell
12868,63,87969.0,21,5,57.99,3.7,3,6,0.805,172,4.0,Mobile,Electronics,Neutral,Price,The customer said the price was high and asked for a better offer.,289.94,1,0.5420555555555555,Engagement reminder
16451,46,29751.0,69,6,76.16,6.24,3,14,0.78,163,3.6,Mobile,Home,Neutral,Price,The customer said the price was high and asked for a better offer.,456.93,1,0.5420555555555555,Cross-sell
10353,59,85672.0,60,4,99.09,4.37,2,7,0.39,164,5.0,Web,Home,Positive,Product Quality,The customer raised concerns about product quality and durability.,396.36,0,0.542,Engagement reminder
11848,37,49469.0,49,6,110.9,6.37,3,12,0.781,158,3.3,Store,Beauty,Neutral,Price,The customer said the price was high and asked for a better offer.,665.4,1,0.5419944444444444,Cross-sell
14456,18,79942.0,72,8,157.04,23.53,2,7,0.613,152,3.1,Mobile,Sports,Neutral,Availability,The customer mentioned stock availability and product access.,1256.34,0,0.5419833333333334,Cross-sell
12217,34,96205.0,48,6,79.15,6.54,2,6,0.495,165,4.5,Mobile,Home,Positive,Delivery,The customer mentioned delayed delivery and tracking concerns.,474.88,1,0.5419722222222223,Cross-sell
13121,53,59298.0,9,4,107.91,39.67,1,14,0.595,173,3.7,Email,Home,Neutral,Product Quality,The customer raised concerns about product quality and durability.,431.62,0,0.5419722222222223,Engagement reminder
15273,31,54550.0,63,10,90.87,38.8,1,11,0.27,137,3.3,Store,Electronics,Neutral,Product Quality,The customer raised concerns about product quality and durability.,908.73,0,0.5419722222222222,Cross-sell
16669,46,93109.0,2,8,78.51,26.66,0,13,0.461,165,3.2,Email,Apparel,Neutral,Product Quality,The customer raised concerns about product quality and durability.,628.07,0,0.5419666666666667,Cross-sell
13508,20,88141.0,48,8,102.69,12.29,1,8,0.496,159,3.4,Web,Home,Neutral,Delivery,The customer mentioned delayed delivery and tracking concerns.,821.49,0,0.5419111111111111,Cross-sell
17450,18,66654.0,5,5,73.98,17.41,1,8,0.326,169,4.9,Store,Electronics,Positive,Product Quality,The customer raised concerns about product quality and durability.,369.88,0,0.5418833333333334,Engagement reminder
15605,41,100189.0,49,5,82.7,9.23,2,7,0.767,154,2.4,Store,Apparel,Negative,Support,The customer described a slow or unsatisfactory support experience.,413.5,0,0.5418777777777778,Engagement reminder
16194,24,79742.0,7,9,155.54,10.93,2,9,0.633,174,4.3,Email,Apparel,Positive,Availability,The customer mentioned stock availability and product access.,1399.85,0,0.5418722222222223,Cross-sell
12477,53,69571.0,70,8,75.03,19.92,0,13,0.565,176,3.3,Store,Apparel,Neutral,Support,The customer described a slow or unsatisfactory support experience.,600.25,0,0.5418611111111111,Cross-sell
10425,59,96491.0,56,9,102.36,14.73,1,10,0.595,178,4.0,Mobile,Beauty,Positive,Delivery,The customer mentioned delayed delivery and tracking concerns.,921.2,0,0.5418333333333334,Cross-sell
15209,67,67806.0,1,3,110.81,17.7,1,6,0.559,168,3.6,Mobile,Sports,Neutral,Features,The customer discussed missing features and requested improvements.,332.44,1,0.5418111111111111,Engagement reminder
14690,24,85305.0,60,4,123.82,10.8,2,16,0.666,155,3.0,Web,Sports,Neutral,Product Quality,The customer raised concerns about product quality and durability.,495.28,0,0.5418,Engagement reminder
14432,41,85617.0,5,6,100.93,0.63,1,9,0.496,164,3.7,Email,Beauty,Neutral,Delivery,The customer mentioned delayed delivery and tracking concerns.,605.58,0,0.5417722222222222,Cross-sell
10439,50,68579.0,51,9,130.87,21.04,1,14,0.358,160,4.2,Web,Sports,Positive,Returns,"The customer asked about returns, refunds, or the return process.",1177.79,0,0.5417333333333334,Cross-sell
16485,63,78848.0,24,2,144.72,0.68,2,6,0.322,151,4.6,Email,Sports,Positive,Support,The customer described a slow or unsatisfactory support experience.,289.44,0,0.5417111111111111,Engagement reminder
11701,38,24877.0,61,8,125.89,31.31,1,11,0.768,180,3.2,Email,Home,Neutral,Delivery,The customer mentioned delayed delivery and tracking concerns.,1007.15,1,0.5416777777777778,Cross-sell
11965,45,73086.0,19,7,61.5,20.49,0,13,0.375,174,4.2,Email,Sports,Positive,Availability,The customer mentioned stock availability and product access.,430.52,0,0.5416666666666667,Cross-sell
11790,37,61458.0,10,4,102.45,25.9,1,9,0.453,155,3.4,Web,Sports,Neutral,Returns,"The customer asked about returns, refunds, or the return process.",409.81,0,0.5416222222222222,Engagement reminder
11229,53,107340.0,33,6,88.25,0.01,3,12,0.59,144,3.5,Email,Electronics,Neutral,Returns,"The customer asked about returns, refunds, or the return process.",529.51,1,0.5415833333333334,Cross-sell
12118,66,97592.0,43,2,136.73,12.16,3,20,0.572,139,3.3,Store,Apparel,Neutral,Availability,The customer mentioned stock availability and product access.,273.46,1,0.5415722222222222,Engagement reminder
16516,56,61995.0,3,5,126.46,12.2,2,9,0.634,179,4.6,Store,Electronics,Positive,Price,The customer said the price was high and asked for a better offer.,632.32,0,0.5415333333333334,Engagement reminder
12835,64,85528.0,72,4,47.62,7.77,3,12,0.675,155,3.7,Mobile,Electronics,Neutral,Availability,The customer mentioned stock availability and product access.,190.48,1,0.5415277777777778,Engagement reminder
11301,29,41820.0,48,7,100.91,36.92,0,10,0.616,172,2.8,Email,Home,Neutral,Availability,The customer mentioned stock availability and product access.,706.38,0,0.5415222222222222,Cross-sell
11111,20,66146.0,62,6,68.69,8.74,2,14,0.442,133,2.9,Store,Beauty,Neutral,Product Quality,The customer raised concerns about product quality and durability.,412.17,0,0.5414611111111112,Cross-sell
16383,57,93808.0,20,7,111.55,11.34,0,9,0.617,167,2.5,Mobile,Apparel,Neutral,Features,The customer discussed missing features and requested improvements.,780.82,0,0.5414611111111112,Cross-sell
10765,20,66495.0,71,6,84.46,11.33,1,10,0.374,136,2.7,Web,Sports,Neutral,Support,The customer described a slow or unsatisfactory support experience.,506.76,1,0.54145,Cross-sell
14995,37,58163.0,2,5,81.41,17.31,1,6,0.447,151,3.2,Mobile,Sports,Neutral,Price,The customer said the price was high and asked for a better offer.,407.04,0,0.5414333333333333,Engagement reminder
14621,57,97687.0,54,7,119.48,13.65,1,16,0.691,178,3.5,Web,Electronics,Neutral,Product Quality,The customer raised concerns about product quality and durability.,836.35,0,0.5413833333333334,Cross-sell
11631,21,66734.0,7,6,81.11,1.03,1,8,0.666,169,3.1,Mobile,Sports,Neutral,Features,The customer discussed missing features and requested improvements.,486.66,1,0.5413833333333334,Cross-sell
12916,20,56834.0,9,7,32.21,32.0,2,10,0.858,167,2.7,Web,Electronics,Neutral,Returns,"The customer asked about returns, refunds, or the return process.",225.44,0,0.5413166666666667,Cross-sell
16535,58,77123.0,30,7,124.17,16.09,3,12,0.599,170,5.0,Email,Beauty,Positive,Availability,The customer mentioned stock availability and product access.,869.22,0,0.5413111111111111,Cross-sell
12364,47,61489.0,36,5,97.52,9.16,3,14,0.765,136,2.1,Web,Home,Negative,Delivery,The customer mentioned delayed delivery and tracking concerns.,487.59,0,0.5413055555555555,Engagement reminder
15681,25,95257.0,5,5,118.64,12.67,1,12,0.413,158,3.8,Mobile,Home,Neutral,Price,The customer said the price was high and asked for a better offer.,593.22,0,0.5412888888888889,Engagement reminder
16011,25,103739.0,20,6,103.13,39.97,0,14,0.393,167,3.7,Email,Sports,Neutral,Returns,"The customer asked about returns, refunds, or the return process.",618.75,0,0.5412611111111112,Cross-sell
17520,27,111503.0,22,7,73.87,1.8,3,8,0.748,153,3.2,Email,Apparel,Neutral,Features,The customer discussed missing features and requested improvements.,517.11,0,0.5412333333333333,Cross-sell
13164,55,46394.0,23,3,66.87,36.16,3,12,0.758,164,3.8,Email,Apparel,Neutral,Delivery,The customer mentioned delayed delivery and tracking concerns.,200.61,0,0.5411777777777778,Engagement reminder
16509,45,70473.0,53,5,28.07,19.51,5,9,0.54,116,3.6,Email,Home,Neutral,Delivery,The customer mentioned delayed delivery and tracking concerns.,140.37,0,0.5411666666666667,Engagement reminder
11146,44,73149.0,52,8,90.06,18.47,2,9,0.445,150,3.9,Web,Sports,Neutral,Price,The customer said the price was high and asked for a better offer.,720.52,0,0.541138888888889,Cross-sell
13316,20,30837.0,34,9,81.53,11.82,0,10,0.407,180,4.4,Email,Electronics,Positive,Product Quality,The customer raised concerns about product quality and durability.,733.79,0,0.5411,Cross-sell
15311,21,88690.0,6,3,119.21,17.69,1,9,0.723,174,3.1,Email,Sports,Neutral,Price,The customer said the price was high and asked for a better offer.,357.63,1,0.5410944444444445,Engagement reminder
11776,45,75991.0,50,3,105.73,19.52,0,8,0.43,177,4.1,Store,Sports,Positive,Support,The customer described a slow or unsatisfactory support experience.,317.18,0,0.5410833333333334,Engagement reminder
14073,31,57746.0,41,7,23.62,18.1,1,8,0.521,171,4.0,Web,Home,Neutral,Returns,"The customer asked about returns, refunds, or the return process.",165.31,0,0.5410777777777778,Cross-sell
10297,67,58560.0,50,7,126.38,16.4,0,7,0.592,173,3.0,Email,Electronics,Neutral,Support,The customer described a slow or unsatisfactory support experience.,884.68,0,0.5410444444444444,Cross-sell
15203,32,101278.0,9,6,109.51,27.75,2,5,0.488,142,3.2,Email,Apparel,Neutral,Product Quality,The customer raised concerns about product quality and durability.,657.09,0,0.5410111111111111,Cross-sell
11673,45,51051.0,18,9,85.43,0.71,1,3,0.295,154,4.2,Email,Apparel,Positive,Product Quality,The customer raised concerns about product quality and durability.,768.91,1,0.541,Cross-sell
14659,19,38505.0,42,10,80.73,2.58,2,10,0.652,150,2.8,Mobile,Beauty,Neutral,Delivery,The customer mentioned delayed delivery and tracking concerns.,807.29,0,0.540988888888889,Cross-sell
17689,30,64170.0,65,8,54.53,28.05,3,8,0.391,141,4.4,Web,Apparel,Positive,Delivery,The customer mentioned delayed delivery and tracking concerns.,436.26,1,0.5409666666666666,Cross-sell
16447,34,74215.0,30,8,117.73,21.8,2,10,0.664,173,4.1,Email,Beauty,Positive,Delivery,The customer mentioned delayed delivery and tracking concerns.,941.8,0,0.5409500000000002,Cross-sell
10883,25,65716.0,2,7,99.08,22.16,2,6,0.455,144,3.5,Mobile,Beauty,Neutral,Support,The customer described a slow or unsatisfactory support experience.,693.59,0,0.5408055555555557,Cross-sell
16946,54,77011.0,29,9,73.46,30.15,3,9,0.562,158,4.5,Email,Apparel,Positive,Support,The customer described a slow or unsatisfactory support experience.,661.1,0,0.5407944444444445,Cross-sell
15428,32,78712.0,23,4,106.44,18.46,2,8,0.276,111,2.5,Web,Beauty,Negative,Returns,"The customer asked about returns, refunds, or the return process.",425.75,0,0.5407722222222223,Engagement reminder
13974,22,97069.0,51,8,104.79,23.53,3,5,0.581,158,4.4,Store,Home,Positive,Product Quality,The customer raised concerns about product quality and durability.,838.34,0,0.5407444444444445,Cross-sell
15883,62,63752.0,37,3,111.07,10.71,3,13,0.448,146,4.4,Mobile,Sports,Positive,Support,The customer described a slow or unsatisfactory support experience.,333.2,0,0.5406777777777778,Engagement reminder
12934,50,61578.0,71,6,81.29,7.77,1,12,0.521,159,3.3,Web,Sports,Neutral,Product Quality,The customer raised concerns about product quality and durability.,487.72,1,0.5406611111111111,Cross-sell
14055,23,73311.0,59,4,76.79,38.56,1,8,0.485,149,2.9,Mobile,Home,Neutral,Price,The customer said the price was high and asked for a better offer.,307.15,0,0.5406388888888889,Engagement reminder
11768,24,90470.0,13,5,115.49,11.51,2,10,0.697,164,3.4,Email,Apparel,Neutral,Product Quality,The customer raised concerns about product quality and durability.,577.43,1,0.5406,Engagement reminder
15137,48,57730.0,64,6,78.29,0.05,1,5,0.563,156,2.9,Web,Apparel,Neutral,Delivery,The customer mentioned delayed delivery and tracking concerns.,469.74,0,0.5405944444444445,Cross-sell
13638,32,73330.0,7,5,70.07,38.19,4,10,0.884,171,4.3,Mobile,Electronics,Positive,Price,The customer said the price was high and asked for a better offer.,350.34,1,0.5405611111111112,Engagement reminder
11072,35,54433.0,52,7,80.19,24.87,1,5,0.25,143,3.8,Mobile,Sports,Neutral,Features,The customer discussed missing features and requested improvements.,561.35,0,0.5405555555555556,Cross-sell
11659,27,80442.0,49,5,123.65,20.63,0,5,0.335,153,3.2,Email,Electronics,Neutral,Availability,The customer mentioned stock availability and product access.,618.23,0,0.5405,Engagement reminder
14001,32,41999.0,1,5,106.29,23.05,0,10,0.408,168,3.7,Mobile,Sports,Neutral,Price,The customer said the price was high and asked for a better offer.,531.43,0,0.5404833333333333,Engagement reminder
11184,32,30324.0,26,7,118.06,0.3,4,7,0.654,130,3.1,Mobile,Beauty,Neutral,Returns,"The customer asked about returns, refunds, or the return process.",826.45,0,0.54045,Cross-sell
13332,24,59617.0,11,4,122.09,1.62,3,11,0.786,178,4.5,Web,Electronics,Positive,Price,The customer said the price was high and asked for a better offer.,488.37,0,0.5404388888888889,Engagement reminder
14640,62,76265.0,62,3,71.87,37.93,1,8,0.677,151,2.0,Web,Beauty,Negative,Features,The customer discussed missing features and requested improvements.,215.62,0,0.5404333333333333,Engagement reminder
15176,68,61607.0,20,6,132.12,28.84,2,14,0.592,146,2.9,Mobile,Sports,Neutral,Product Quality,The customer raised concerns about product quality and durability.,792.72,0,0.54035,Cross-sell
16074,34,63820.0,44,7,48.91,14.48,0,15,0.327,164,3.9,Mobile,Electronics,Neutral,Price,The customer said the price was high and asked for a better offer.,342.4,1,0.5402944444444445,Cross-sell
12191,44,83312.0,63,4,54.35,35.71,5,9,0.827,160,4.7,Mobile,Beauty,Positive,Price,The customer said the price was high and asked for a better offer.,217.41,1,0.5402944444444444,Engagement reminder
12846,50,63801.0,30,5,59.66,8.22,1,12,0.643,158,2.6,Mobile,Sports,Neutral,Features,The customer discussed missing features and requested improvements.,298.29,0,0.5402888888888889,Engagement reminder
15715,66,44306.0,8,5,79.06,27.53,3,13,0.55,155,4.4,Email,Home,Positive,Availability,The customer mentioned stock availability and product access.,395.29,0,0.5402777777777777,Engagement reminder
12484,37,97375.0,25,6,153.18,25.99,3,12,0.282,141,5.0,Web,Apparel,Positive,Support,The customer described a slow or unsatisfactory support experience.,919.11,0,0.5402666666666667,Cross-sell
15034,38,82118.0,60,7,124.57,27.49,3,10,0.498,152,4.5,Mobile,Sports,Positive,Support,The customer described a slow or unsatisfactory support experience.,871.99,0,0.5402611111111112,Cross-sell
14272,37,51260.0,50,6,112.01,25.22,2,15,0.689,153,2.8,Store,Electronics,Neutral,Returns,"The customer asked about returns, refunds, or the return process.",672.04,0,0.5402555555555556,Cross-sell
10887,63,76908.0,12,7,79.58,27.03,2,12,0.612,168,4.1,Web,Sports,Positive,Availability,The customer mentioned stock availability and product access.,557.05,1,0.5402388888888889,Cross-sell
15753,28,73669.0,8,8,48.02,34.2,2,12,0.228,125,3.6,Email,Home,Neutral,Support,The customer described a slow or unsatisfactory support experience.,384.14,0,0.5402333333333333,Cross-sell
14388,34,95558.0,71,7,92.67,23.6,1,18,0.81,173,2.6,Web,Electronics,Neutral,Delivery,The customer mentioned delayed delivery and tracking concerns.,648.7,0,0.5402222222222223,Cross-sell
15175,22,61704.0,59,7,57.78,8.82,0,17,0.458,169,3.5,Email,Home,Neutral,Delivery,The customer mentioned delayed delivery and tracking concerns.,404.49,0,0.5402055555555556,Cross-sell
11951,32,71523.0,58,3,101.65,19.58,4,5,0.802,155,3.8,Mobile,Beauty,Neutral,Price,The customer said the price was high and asked for a better offer.,304.94,1,0.5401555555555556,Engagement reminder
10602,45,64628.0,37,3,95.79,19.42,2,11,0.577,126,1.8,Web,Electronics,Negative,Delivery,The customer mentioned delayed delivery and tracking concerns.,287.36,1,0.5401555555555555,Engagement reminder
17505,45,60037.0,34,4,45.4,6.96,0,11,0.6,175,3.1,Email,Beauty,Neutral,Price,The customer said the price was high and asked for a better offer.,181.62,1,0.540138888888889,Engagement reminder
17419,69,98115.0,29,7,106.33,2.46,1,12,0.446,152,3.3,Mobile,Beauty,Neutral,Price,The customer said the price was high and asked for a better offer.,744.31,0,0.5401055555555556,Cross-sell
14850,66,88464.0,56,4,101.88,28.51,2,12,0.429,116,2.0,Web,Beauty,Negative,Support,The customer described a slow or unsatisfactory support experience.,407.53,0,0.5400333333333334,Engagement reminder
15512,20,59205.0,34,7,116.18,28.46,2,11,0.525,155,3.8,Mobile,Home,Neutral,Support,The customer described a slow or unsatisfactory support experience.,813.28,1,0.54,Cross-sell
12789,44,85233.0,50,3,128.73,20.54,2,9,0.441,139,3.3,Mobile,Apparel,Neutral,Returns,"The customer asked about returns, refunds, or the return process.",386.19,0,0.5399944444444444,Engagement reminder
16891,28,41596.0,17,7,116.22,11.95,1,11,0.498,160,3.5,Email,Apparel,Neutral,Availability,The customer mentioned stock availability and product access.,813.54,0,0.5399833333333334,Cross-sell
12367,64,24091.0,4,6,105.96,19.51,1,6,0.569,163,3.3,Email,Sports,Neutral,Returns,"The customer asked about returns, refunds, or the return process.",635.79,0,0.53995,Cross-sell
17686,44,100412.0,72,8,81.65,17.31,1,9,0.597,179,4.1,Web,Home,Positive,Returns,"The customer asked about returns, refunds, or the return process.",653.21,0,0.5399055555555556,Cross-sell
10574,21,80985.0,33,7,113.45,14.97,1,7,0.47,149,3.0,Web,Electronics,Neutral,Returns,"The customer asked about returns, refunds, or the return process.",794.14,0,0.5398888888888889,Cross-sell
16609,31,68222.0,60,4,69.53,12.41,2,9,0.757,164,3.1,Email,Apparel,Neutral,Product Quality,The customer raised concerns about product quality and durability.,278.11,1,0.53985,Engagement reminder
17996,44,32753.0,11,8,89.13,15.15,3,12,0.787,166,3.8,Web,Electronics,Neutral,Availability,The customer mentioned stock availability and product access.,713.05,0,0.5398222222222223,Cross-sell
10091,50,47070.0,41,7,116.76,25.97,1,5,0.67,172,3.3,Mobile,Home,Neutral,Product Quality,The customer raised concerns about product quality and durability.,817.34,0,0.5397500000000001,Cross-sell
16292,25,71541.0,68,6,119.13,33.72,2,8,0.607,169,4.2,Email,Apparel,Positive,Product Quality,The customer raised concerns about product quality and durability.,714.76,0,0.5397111111111111,Cross-sell
13627,68,68799.0,66,3,93.54,27.94,1,11,0.692,179,3.6,Web,Beauty,Neutral,Price,The customer said the price was high and asked for a better offer.,280.61,0,0.5396555555555556,Engagement reminder
14572,53,62570.0,1,7,84.13,12.17,2,9,0.54,141,2.9,Store,Apparel,Neutral,Features,The customer discussed missing features and requested improvements.,588.93,0,0.5396388888888889,Cross-sell
10819,29,53927.0,25,7,33.62,38.35,4,5,0.763,158,4.2,Store,Sports,Positive,Delivery,The customer mentioned delayed delivery and tracking concerns.,235.35,0,0.5396222222222222,Cross-sell
13257,31,65253.0,15,3,125.7,25.88,0,11,0.329,147,2.9,Email,Beauty,Neutral,Product Quality,The customer raised concerns about product quality and durability.,377.1,0,0.5396166666666666,Engagement reminder
10808,48,59283.0,45,8,58.39,28.07,2,16,0.502,146,3.4,Email,Electronics,Neutral,Product Quality,The customer raised concerns about product quality and durability.,467.1,1,0.5396000000000001,Cross-sell
16189,40,59189.0,26,5,87.05,29.77,2,8,0.623,167,4.0,Email,Sports,Positive,Features,The customer discussed missing features and requested improvements.,435.27,1,0.5395666666666667,Engagement reminder
11855,20,84986.0,23,4,46.13,22.52,1,17,0.694,169,3.0,Mobile,Home,Neutral,Price,The customer said the price was high and asked for a better offer.,184.52,0,0.5395333333333334,Engagement reminder
13970,60,57618.0,13,5,104.52,15.54,1,17,0.431,174,4.7,Mobile,Beauty,Positive,Support,The customer described a slow or unsatisfactory support experience.,522.62,0,0.5394944444444445,Engagement reminder
14815,48,60895.0,11,9,57.71,9.1,4,15,0.688,163,4.9,Mobile,Sports,Positive,Product Quality,The customer raised concerns about product quality and durability.,519.41,0,0.5394833333333334,Cross-sell
13246,43,82794.0,3,6,55.55,5.48,1,6,0.588,178,4.1,Mobile,Sports,Positive,Returns,"The customer asked about returns, refunds, or the return process.",333.27,0,0.5394833333333334,Cross-sell
11540,25,38797.0,39,5,53.9,7.27,3,13,0.795,175,4.3,Web,Beauty,Positive,Price,The customer said the price was high and asked for a better offer.,269.48,0,0.5394722222222222,Engagement reminder
13970,44,52316.0,19,5,78.31,19.05,2,7,0.727,151,2.5,Mobile,Home,Neutral,Price,The customer said the price was high and asked for a better offer.,391.54,1,0.5394611111111112,Engagement reminder
15621,27,88266.0,22,13,116.24,37.17,2,13,0.802,178,3.7,Web,Sports,Neutral,Price,The customer said the price was high and asked for a better offer.,1511.07,1,0.5394611111111111,Cross-sell
14666,25,47270.0,67,8,135.65,24.72,1,6,0.555,148,2.5,Web,Home,Neutral,Availability,The customer mentioned stock availability and product access.,1085.16,0,0.5394166666666667,Cross-sell
13242,40,81969.0,59,7,132.74,37.91,1,17,0.346,141,3.2,Mobile,Home,Neutral,Product Quality,The customer raised concerns about product quality and durability.,929.18,0,0.5394111111111112,Cross-sell
15814,67,48966.0,9,7,56.53,35.4,3,14,0.671,152,3.6,Email,Home,Neutral,Support,The customer described a slow or unsatisfactory support experience.,395.73,0,0.5394111111111111,Cross-sell
17852,40,68768.0,35,7,84.63,5.23,3,10,0.565,161,4.7,Web,Beauty,Positive,Support,The customer described a slow or unsatisfactory support experience.,592.39,0,0.5393611111111112,Cross-sell
14852,41,85518.0,50,11,125.72,25.97,0,7,0.256,169,4.6,Email,Sports,Positive,Returns,"The customer asked about returns, refunds, or the return process.",1382.91,0,0.5393555555555556,Cross-sell
12731,32,88057.0,7,9,86.02,10.98,1,13,0.722,163,2.5,Email,Home,Neutral,Availability,The customer mentioned stock availability and product access.,774.18,0,0.53935,Cross-sell
12097,61,66340.0,61,8,154.75,35.09,3,13,0.729,169,4.3,Web,Sports,Positive,Product Quality,The customer raised concerns about product quality and durability.,1237.98,0,0.5393388888888889,Cross-sell
12157,63,52676.0,16,5,135.55,15.94,2,10,0.825,180,3.7,Email,Home,Neutral,Product Quality,The customer raised concerns about product quality and durability.,677.74,0,0.5393055555555556,Engagement reminder
13578,64,55539.0,7,6,94.57,28.32,1,14,0.23,144,4.0,Web,Sports,Positive,Price,The customer said the price was high and asked for a better offer.,567.45,1,0.5392777777777779,Cross-sell
13920,46,74206.0,7,4,135.06,27.48,1,5,0.646,173,3.5,Web,Beauty,Neutral,Price,The customer said the price was high and asked for a better offer.,540.23,0,0.5392722222222223,Engagement reminder
12331,26,92913.0,22,6,82.06,12.78,2,8,0.603,160,3.7,Mobile,Beauty,Neutral,Product Quality,The customer raised concerns about product quality and durability.,492.38,0,0.5392611111111111,Cross-sell
14507,67,58294.0,50,7,58.83,2.51,1,9,0.392,167,4.5,Mobile,Electronics,Positive,Price,The customer said the price was high and asked for a better offer.,411.83,0,0.539238888888889,Cross-sell
17147,54,123489.0,7,4,144.1,13.36,2,12,0.542,141,2.9,Web,Beauty,Neutral,Product Quality,The customer raised concerns about product quality and durability.,576.41,1,0.5392388888888889,Engagement reminder
11598,54,76330.0,59,3,141.35,27.96,3,10,0.708,162,4.0,Mobile,Home,Positive,Returns,"The customer asked about returns, refunds, or the return process.",424.05,0,0.5392333333333333,Engagement reminder
10168,33,65857.0,45,3,68.95,13.95,2,10,0.856,176,3.3,Email,Sports,Neutral,Product Quality,The customer raised concerns about product quality and durability.,206.85,1,0.5392166666666667,Engagement reminder
12772,30,84401.0,18,7,75.65,5.85,1,7,0.438,161,3.9,Web,Sports,Neutral,Delivery,The customer mentioned delayed delivery and tracking concerns.,529.53,0,0.5392055555555556,Cross-sell
14910,24,68230.0,34,4,98.72,15.83,1,11,0.737,171,2.9,Web,Electronics,Neutral,Delivery,The customer mentioned delayed delivery and tracking concerns.,394.9,1,0.5391277777777778,Engagement reminder
11901,39,74083.0,11,9,80.08,4.48,2,5,0.744,176,3.9,Store,Electronics,Neutral,Price,The customer said the price was high and asked for a better offer.,720.73,1,0.5391166666666667,Cross-sell
14402,27,80790.0,43,7,62.61,38.18,3,10,0.531,119,2.4,Email,Apparel,Negative,Delivery,The customer mentioned delayed delivery and tracking concerns.,438.27,0,0.5390777777777778,Cross-sell
17163,67,52748.0,32,8,112.77,8.04,3,9,0.609,153,4.0,Email,Apparel,Neutral,Price,The customer said the price was high and asked for a better offer.,902.15,0,0.5390333333333334,Cross-sell
10680,34,91087.0,14,6,99.11,33.06,0,10,0.441,172,3.8,Email,Sports,Neutral,Features,The customer discussed missing features and requested improvements.,594.66,1,0.5390222222222223,Cross-sell
15191,58,61242.0,6,2,135.65,32.13,1,14,0.573,168,3.6,Web,Beauty,Neutral,Returns,"The customer asked about returns, refunds, or the return process.",271.3,0,0.5390111111111112,Engagement reminder
13424,26,69696.0,4,6,138.65,38.35,1,8,0.389,143,3.1,Email,Beauty,Neutral,Product Quality,The customer raised concerns about product quality and durability.,831.9,1,0.5390055555555556,Cross-sell
16014,63,57491.0,46,2,81.35,0.49,2,13,0.817,169,3.1,Email,Sports,Neutral,Product Quality,The customer raised concerns about product quality and durability.,162.7,1,0.5389611111111111,Engagement reminder
13016,64,99106.0,62,6,30.99,8.81,1,7,0.765,165,2.4,Email,Sports,Negative,Features,The customer discussed missing features and requested improvements.,185.92,1,0.5389444444444444,Cross-sell
13931,61,57096.0,23,8,89.01,16.89,3,19,0.756,178,4.7,Email,Home,Positive,Price,The customer said the price was high and asked for a better offer.,712.1,0,0.5389388888888889,Cross-sell
10238,20,72396.0,37,10,129.63,13.99,0,8,0.318,144,2.8,Web,Electronics,Neutral,Product Quality,The customer raised concerns about product quality and durability.,1296.33,0,0.5389,Cross-sell
13335,51,83715.0,52,4,61.88,20.46,2,6,0.648,147,2.7,Email,Apparel,Neutral,Features,The customer discussed missing features and requested improvements.,247.51,0,0.5388722222222222,Engagement reminder
17764,18,83096.0,20,6,55.09,18.62,1,8,0.696,152,2.0,Web,Home,Negative,Price,The customer said the price was high and asked for a better offer.,330.54,1,0.5388555555555556,Cross-sell
17715,44,51215.0,65,4,96.88,38.09,4,12,0.851,174,4.7,Email,Home,Positive,Price,The customer said the price was high and asked for a better offer.,387.53,1,0.5388277777777778,Engagement reminder
11593,49,60986.0,35,4,61.37,7.27,1,13,0.472,147,2.9,Email,Sports,Neutral,Support,The customer described a slow or unsatisfactory support experience.,245.47,0,0.5387944444444445,Engagement reminder
10418,63,39519.0,37,5,60.89,6.12,1,12,0.563,167,3.6,Mobile,Electronics,Neutral,Returns,"The customer asked about returns, refunds, or the return process.",304.47,1,0.538788888888889,Engagement reminder
12247,61,85760.0,9,11,92.95,22.33,1,14,0.67,180,3.8,Email,Sports,Neutral,Delivery,The customer mentioned delayed delivery and tracking concerns.,1022.5,1,0.5387777777777778,Cross-sell
13507,50,63105.0,65,9,116.93,11.27,1,9,0.645,171,3.4,Email,Home,Neutral,Features,The customer discussed missing features and requested improvements.,1052.41,1,0.5387777777777778,Cross-sell
11771,29,79929.0,46,5,78.5,11.48,0,11,0.577,174,3.2,Web,Home,Neutral,Support,The customer described a slow or unsatisfactory support experience.,392.52,0,0.5387666666666667,Engagement reminder
17425,46,99848.0,63,5,52.31,21.18,0,13,0.514,170,3.3,Web,Apparel,Neutral,Support,The customer described a slow or unsatisfactory support experience.,261.53,0,0.5387277777777778,Engagement reminder
16358,56,108093.0,39,5,76.29,5.51,1,11,0.612,168,3.4,Web,Sports,Neutral,Availability,The customer mentioned stock availability and product access.,381.45,0,0.5387111111111111,Engagement reminder
13207,31,52792.0,69,7,107.45,39.36,1,10,0.651,158,2.6,Web,Electronics,Neutral,Product Quality,The customer raised concerns about product quality and durability.,752.15,0,0.5386888888888889,Cross-sell
16131,43,84963.0,20,4,19.25,34.02,2,11,0.595,159,3.7,Email,Home,Neutral,Features,The customer discussed missing features and requested improvements.,77.0,0,0.5386388888888889,Engagement reminder
13133,68,44535.0,12,8,84.72,2.34,0,7,0.436,168,3.6,Email,Home,Neutral,Delivery,The customer mentioned delayed delivery and tracking concerns.,677.75,0,0.5386333333333334,Cross-sell
14709,56,115910.0,15,6,64.44,0.91,2,9,0.609,167,4.1,Web,Electronics,Positive,Support,The customer described a slow or unsatisfactory support experience.,386.66,0,0.5386166666666669,Cross-sell
17691,26,30756.0,52,3,115.49,39.94,0,5,0.604,178,3.3,Mobile,Apparel,Neutral,Price,The customer said the price was high and asked for a better offer.,346.47,1,0.5385055555555556,Engagement reminder
12502,68,51213.0,5,7,61.19,39.38,4,7,0.584,138,4.0,Web,Sports,Neutral,Returns,"The customer asked about returns, refunds, or the return process.",428.3,0,0.5384777777777778,Cross-sell
13494,69,64942.0,47,4,79.08,0.21,3,11,0.709,155,3.6,Email,Apparel,Neutral,Product Quality,The customer raised concerns about product quality and durability.,316.34,0,0.5384777777777778,Engagement reminder
16266,34,78110.0,58,6,77.98,38.95,2,6,0.484,154,4.0,Email,Sports,Neutral,Features,The customer discussed missing features and requested improvements.,467.9,0,0.5384777777777777,Cross-sell
12313,27,47353.0,25,5,74.78,22.13,0,9,0.366,165,3.8,Email,Electronics,Neutral,Product Quality,The customer raised concerns about product quality and durability.,373.9,0,0.5384666666666668,Engagement reminder
17515,45,53842.0,44,9,94.4,30.8,0,13,0.241,147,3.4,Mobile,Beauty,Neutral,Support,The customer described a slow or unsatisfactory support experience.,849.59,0,0.5384666666666666,Cross-sell
10412,56,88953.0,47,6,36.99,4.56,3,11,0.469,103,1.8,Mobile,Beauty,Negative,Product Quality,The customer raised concerns about product quality and durability.,221.94,0,0.5384222222222222,Cross-sell
14631,44,39067.0,32,6,41.11,23.64,3,12,0.515,124,2.8,Mobile,Beauty,Neutral,Returns,"The customer asked about returns, refunds, or the return process.",246.67,0,0.5383888888888889,Cross-sell
12405,32,58338.0,4,10,68.76,11.83,1,10,0.531,169,3.9,Email,Home,Neutral,Returns,"The customer asked about returns, refunds, or the return process.",687.6,0,0.5383833333333333,Cross-sell
10769,25,57019.0,41,5,110.92,32.46,2,8,0.347,145,4.2,Email,Beauty,Positive,Availability,The customer mentioned stock availability and product access.,554.62,0,0.5383777777777778,Engagement reminder
11889,35,75219.0,34,6,71.51,18.18,0,8,0.688,172,2.5,Mobile,Home,Neutral,Product Quality,The customer raised concerns about product quality and durability.,429.08,1,0.5383722222222223,Cross-sell
10611,55,60305.0,53,9,147.73,1.33,4,11,0.488,131,4.1,Mobile,Electronics,Positive,Availability,The customer mentioned stock availability and product access.,1329.53,0,0.5383722222222223,Cross-sell
11213,34,66183.0,6,1,101.71,25.9,1,9,0.748,175,3.1,Web,Beauty,Neutral,Availability,The customer mentioned stock availability and product access.,101.71,0,0.5383166666666667,Engagement reminder
12718,67,75938.0,57,2,53.67,30.04,1,9,0.392,175,5.0,Email,Apparel,Positive,Price,The customer said the price was high and asked for a better offer.,107.33,1,0.5382666666666667,Engagement reminder
14284,19,90121.0,58,3,91.67,19.41,1,11,0.613,151,2.4,Web,Electronics,Negative,Features,The customer discussed missing features and requested improvements.,275.0,1,0.5382333333333335,Engagement reminder
15098,69,62333.0,9,6,145.96,34.05,2,11,0.393,144,3.9,Web,Beauty,Neutral,Support,The customer described a slow or unsatisfactory support experience.,875.79,0,0.5382055555555556,Cross-sell
13617,33,98391.0,42,5,80.12,23.21,4,4,0.468,119,3.5,Store,Apparel,Neutral,Delivery,The customer mentioned delayed delivery and tracking concerns.,400.61,1,0.5382055555555555,Engagement reminder
12167,68,98889.0,20,6,58.62,37.34,2,19,0.29,133,3.8,Web,Apparel,Neutral,Availability,The customer mentioned stock availability and product access.,351.69,1,0.5381111111111112,Cross-sell
15501,66,96112.0,67,10,112.98,11.49,2,15,0.681,180,4.5,Web,Beauty,Positive,Returns,"The customer asked about returns, refunds, or the return process.",1129.82,1,0.5381055555555556,Cross-sell
15161,49,63174.0,12,6,79.84,15.72,1,14,0.806,170,2.5,Web,Beauty,Neutral,Returns,"The customer asked about returns, refunds, or the return process.",479.02,1,0.5381055555555556,Cross-sell
13724,20,102957.0,67,7,92.79,35.17,1,11,0.697,172,3.2,Web,Sports,Neutral,Product Quality,The customer raised concerns about product quality and durability.,649.54,0,0.5381,Cross-sell
11089,63,59658.0,14,5,71.93,33.32,0,10,0.543,174,3.4,Web,Electronics,Neutral,Features,The customer discussed missing features and requested improvements.,359.65,0,0.5380666666666667,Engagement reminder
16319,46,114112.0,45,3,42.57,38.68,4,11,0.493,133,4.2,Web,Electronics,Positive,Availability,The customer mentioned stock availability and product access.,127.72,1,0.5380666666666667,Engagement reminder
16261,49,86684.0,7,8,84.29,28.21,2,8,0.655,154,3.1,Email,Home,Neutral,Support,The customer described a slow or unsatisfactory support experience.,674.35,1,0.5380277777777778,Cross-sell
16005,40,73920.0,40,5,87.19,22.3,5,7,0.571,141,5.0,Email,Home,Positive,Features,The customer discussed missing features and requested improvements.,435.94,1,0.5380222222222223,Engagement reminder
12509,50,62504.0,54,6,82.3,20.76,2,7,0.503,142,3.2,Web,Apparel,Neutral,Returns,"The customer asked about returns, refunds, or the return process.",493.83,1,0.5380111111111111,Cross-sell
10558,27,78787.0,55,5,128.95,8.81,3,7,0.728,170,4.4,Mobile,Sports,Positive,Features,The customer discussed missing features and requested improvements.,644.75,0,0.538011111111111,Engagement reminder
12628,18,41581.0,15,5,47.23,21.66,3,5,0.29,112,3.3,Mobile,Sports,Neutral,Returns,"The customer asked about returns, refunds, or the return process.",236.14,0,0.5379722222222222,Engagement reminder
15216,55,29825.0,71,8,59.37,5.56,3,12,0.497,134,3.5,Mobile,Electronics,Neutral,Product Quality,The customer raised concerns about product quality and durability.,474.93,1,0.5379611111111111,Cross-sell
17775,56,47299.0,23,5,79.53,25.6,4,13,0.564,141,4.3,Mobile,Apparel,Positive,Price,The customer said the price was high and asked for a better offer.,397.64,0,0.5378944444444445,Engagement reminder
14402,62,72011.0,48,5,79.67,4.64,0,10,0.355,157,3.4,Web,Home,Neutral,Price,The customer said the price was high and asked for a better offer.,398.34,1,0.5378888888888889,Engagement reminder
12600,32,59585.0,23,6,110.57,18.77,0,5,0.437,161,3.2,Mobile,Home,Neutral,Returns,"The customer asked about returns, refunds, or the return process.",663.4,1,0.5378777777777778,Cross-sell
11217,65,93630.0,31,5,89.74,6.94,0,13,0.353,172,4.3,Web,Beauty,Positive,Price,The customer said the price was high and asked for a better offer.,448.68,1,0.5378722222222222,Engagement reminder
11438,18,84547.0,67,8,70.11,37.01,2,8,0.526,144,3.2,Mobile,Apparel,Neutral,Product Quality,The customer raised concerns about product quality and durability.,560.9,0,0.5378555555555556,Cross-sell
12672,51,77100.0,30,3,120.73,32.47,1,7,0.501,161,3.6,Email,Apparel,Neutral,Price,The customer said the price was high and asked for a better offer.,362.19,1,0.5378555555555556,Engagement reminder
10156,45,65651.0,54,8,54.72,36.87,2,11,0.551,153,3.6,Mobile,Home,Neutral,Returns,"The customer asked about returns, refunds, or the return process.",437.75,0,0.5378555555555555,Cross-sell
10116,39,70680.0,3,6,95.01,32.26,1,7,0.542,163,3.5,Store,Home,Neutral,Returns,"The customer asked about returns, refunds, or the return process.",570.04,0,0.53785,Cross-sell
12634,29,31415.0,66,5,124.58,7.9,3,10,0.842,165,3.5,Store,Beauty,Neutral,Availability,The customer mentioned stock availability and product access.,622.89,0,0.53785,Engagement reminder
14341,25,83148.0,61,4,144.83,35.74,1,8,0.729,168,2.8,Web,Electronics,Neutral,Availability,The customer mentioned stock availability and product access.,579.31,1,0.5378111111111111,Engagement reminder
13683,45,108589.0,34,11,77.84,35.07,4,15,0.495,128,3.9,Email,Electronics,Neutral,Price,The customer said the price was high and asked for a better offer.,856.2,0,0.5378055555555555,Cross-sell
12043,69,73062.0,8,4,75.38,9.41,1,13,0.491,155,3.3,Web,Apparel,Neutral,Features,The customer discussed missing features and requested improvements.,301.53,0,0.5377722222222223,Engagement reminder
15237,56,51721.0,44,6,105.13,9.59,2,11,0.814,180,3.8,Store,Sports,Neutral,Support,The customer described a slow or unsatisfactory support experience.,630.77,0,0.5377555555555557,Cross-sell
15496,61,32905.0,14,5,51.25,19.59,6,9,0.996,143,3.6,Mobile,Electronics,Neutral,Availability,The customer mentioned stock availability and product access.,256.23,0,0.5377444444444445,Engagement reminder
10656,35,54320.0,63,5,78.38,12.32,0,11,0.187,157,4.3,Mobile,Electronics,Positive,Availability,The customer mentioned stock availability and product access.,391.9,0,0.5377388888888889,Engagement reminder
11864,34,102261.0,25,4,95.66,35.43,5,12,0.828,164,5.0,Store,Sports,Positive,Returns,"The customer asked about returns, refunds, or the return process.",382.64,1,0.5377333333333334,Engagement reminder
14977,58,70900.0,50,4,145.73,14.19,2,16,0.428,152,4.2,Mobile,Electronics,Positive,Price,The customer said the price was high and asked for a better offer.,582.92,0,0.5377333333333334,Engagement reminder
12458,37,96209.0,50,14,104.76,39.21,2,11,0.733,144,2.1,Email,Electronics,Negative,Delivery,The customer mentioned delayed delivery and tracking concerns.,1466.57,0,0.5377055555555557,Cross-sell
10644,46,60324.0,25,8,62.95,35.97,3,9,0.832,164,3.5,Email,Home,Neutral,Delivery,The customer mentioned delayed delivery and tracking concerns.,503.57,1,0.5376277777777778,Cross-sell
17116,38,104827.0,12,7,79.79,1.72,2,9,0.655,169,4.0,Web,Apparel,Neutral,Support,The customer described a slow or unsatisfactory support experience.,558.51,0,0.537611111111111,Cross-sell
13837,69,54114.0,46,6,58.5,33.55,3,13,0.685,144,3.1,Mobile,Electronics,Neutral,Delivery,The customer mentioned delayed delivery and tracking concerns.,350.98,1,0.5375833333333334,Cross-sell
13429,58,57074.0,63,9,65.59,23.41,1,7,0.763,176,3.1,Web,Electronics,Neutral,Returns,"The customer asked about returns, refunds, or the return process.",590.28,0,0.5375388888888889,Cross-sell
13705,52,66754.0,10,6,91.31,2.42,3,13,0.42,137,4.1,Email,Home,Positive,Features,The customer discussed missing features and requested improvements.,547.86,0,0.5375277777777778,Cross-sell
11472,38,60452.0,38,7,115.89,30.47,1,17,0.411,173,4.8,Email,Sports,Positive,Features,The customer discussed missing features and requested improvements.,811.24,0,0.5375222222222222,Cross-sell
17639,60,77540.0,25,4,113.12,24.49,2,11,0.843,169,3.0,Mobile,Sports,Neutral,Price,The customer said the price was high and asked for a better offer.,452.49,0,0.537511111111111,Engagement reminder
16384,59,57522.0,21,4,101.79,26.55,3,10,0.434,145,4.5,Web,Beauty,Positive,Returns,"The customer asked about returns, refunds, or the return process.",407.15,1,0.5375055555555557,Engagement reminder
14959,51,85848.0,15,6,98.69,14.39,1,11,0.789,180,3.2,Email,Electronics,Neutral,Features,The customer discussed missing features and requested improvements.,592.15,0,0.5374777777777778,Cross-sell
17869,41,62925.0,68,5,66.04,35.95,4,10,0.639,156,4.8,Email,Sports,Positive,Price,The customer said the price was high and asked for a better offer.,330.19,0,0.5374777777777777,Engagement reminder
16420,52,42908.0,63,9,87.91,29.6,1,14,0.455,155,3.5,Store,Sports,Neutral,Price,The customer said the price was high and asked for a better offer.,791.17,0,0.5374722222222222,Cross-sell
11162,27,73905.0,64,4,108.95,17.6,3,9,0.171,96,3.0,Email,Electronics,Neutral,Delivery,The customer mentioned delayed delivery and tracking concerns.,435.8,0,0.5374666666666666,Engagement reminder
11104,54,57753.0,61,9,88.15,28.38,2,17,0.619,164,3.9,Store,Beauty,Neutral,Returns,"The customer asked about returns, refunds, or the return process.",793.37,0,0.53745,Cross-sell
10815,30,76838.0,12,2,91.7,3.7,1,10,0.126,149,4.9,Email,Sports,Positive,Delivery,The customer mentioned delayed delivery and tracking concerns.,183.4,1,0.5374388888888889,Engagement reminder
12364,41,58866.0,16,6,166.56,5.41,5,9,0.742,146,4.4,Email,Sports,Positive,Availability,The customer mentioned stock availability and product access.,999.34,0,0.5374333333333333,Cross-sell
17468,42,75843.0,33,8,78.05,13.1,2,13,0.458,136,3.1,Web,Beauty,Neutral,Delivery,The customer mentioned delayed delivery and tracking concerns.,624.39,0,0.5374277777777777,Cross-sell
12238,25,44970.0,41,6,98.03,38.95,1,10,0.581,168,3.6,Email,Apparel,Neutral,Features,The customer discussed missing features and requested improvements.,588.16,0,0.5374111111111112,Cross-sell
16799,54,72583.0,42,5,94.09,3.66,0,9,0.422,178,4.3,Store,Beauty,Positive,Price,The customer said the price was high and asked for a better offer.,470.43,0,0.5374055555555556,Engagement reminder
14903,62,47240.0,32,7,127.33,14.63,1,10,0.62,158,2.8,Email,Electronics,Neutral,Delivery,The customer mentioned delayed delivery and tracking concerns.,891.31,1,0.5373888888888889,Cross-sell
12988,56,80692.0,15,3,107.3,16.61,1,7,0.586,160,3.1,Mobile,Home,Neutral,Delivery,The customer mentioned delayed delivery and tracking concerns.,321.89,1,0.5373833333333334,Engagement reminder
11017,59,63528.0,25,3,113.13,26.84,3,11,0.643,157,4.1,Email,Home,Positive,Support,The customer described a slow or unsatisfactory support experience.,339.38,0,0.5373722222222223,Engagement reminder
12741,36,52467.0,4,2,79.38,7.62,2,11,0.414,132,3.1,Email,Apparel,Neutral,Price,The customer said the price was high and asked for a better offer.,158.75,1,0.5373388888888889,Engagement reminder
17055,25,54446.0,49,9,96.11,15.13,1,7,0.587,155,2.8,Email,Electronics,Neutral,Support,The customer described a slow or unsatisfactory support experience.,864.98,0,0.5373222222222223,Cross-sell
12839,39,94511.0,72,8,106.16,6.76,3,8,0.269,125,4.2,Web,Home,Positive,Product Quality,The customer raised concerns about product quality and durability.,849.32,0,0.5373111111111111,Cross-sell
13377,53,87015.0,49,9,76.99,10.43,2,14,0.626,173,4.4,Mobile,Home,Positive,Returns,"The customer asked about returns, refunds, or the return process.",692.91,1,0.5373,Cross-sell
10478,58,60220.0,25,4,112.27,16.98,0,12,0.333,148,3.0,Web,Sports,Neutral,Price,The customer said the price was high and asked for a better offer.,449.09,0,0.5372888888888889,Engagement reminder
15374,25,80834.0,15,5,105.2,20.93,2,10,0.608,141,2.6,Mobile,Apparel,Neutral,Returns,"The customer asked about returns, refunds, or the return process.",526.02,0,0.5372888888888889,Engagement reminder
14439,69,89235.0,66,6,144.72,26.73,1,7,0.661,165,3.0,Mobile,Electronics,Neutral,Support,The customer described a slow or unsatisfactory support experience.,868.32,1,0.5372444444444444,Cross-sell
13451,56,49907.0,57,6,73.57,36.45,1,8,0.566,175,4.1,Mobile,Apparel,Positive,Support,The customer described a slow or unsatisfactory support experience.,441.43,0,0.5372166666666668,Cross-sell
11403,25,61539.0,41,3,49.09,28.73,4,10,0.548,146,4.7,Email,Beauty,Positive,Price,The customer said the price was high and asked for a better offer.,147.26,0,0.5372055555555556,Engagement reminder
10757,63,67121.0,15,6,79.04,18.95,0,8,0.596,175,3.2,Web,Electronics,Neutral,Price,The customer said the price was high and asked for a better offer.,474.26,0,0.5371888888888889,Cross-sell
14628,37,91917.0,62,6,124.46,33.15,1,12,0.552,172,4.0,Web,Sports,Positive,Returns,"The customer asked about returns, refunds, or the return process.",746.76,0,0.5371,Cross-sell
14627,55,49980.0,10,7,75.72,1.41,4,7,0.593,123,3.1,Email,Home,Neutral,Support,The customer described a slow or unsatisfactory support experience.,530.01,0,0.5370944444444445,Cross-sell
15564,64,68744.0,50,5,110.27,0.51,3,8,0.467,141,4.1,Mobile,Beauty,Positive,Delivery,The customer mentioned delayed delivery and tracking concerns.,551.36,1,0.5370166666666667,Engagement reminder
15121,65,51970.0,19,12,101.54,29.03,1,8,0.374,161,4.3,Mobile,Electronics,Positive,Support,The customer described a slow or unsatisfactory support experience.,1218.49,0,0.5370055555555556,Cross-sell
16364,39,79259.0,37,9,95.16,12.45,2,11,0.661,176,4.4,Email,Home,Positive,Support,The customer described a slow or unsatisfactory support experience.,856.44,0,0.5369666666666666,Cross-sell
15710,28,93292.0,3,7,99.35,21.53,0,8,0.493,142,1.8,Mobile,Home,Negative,Product Quality,The customer raised concerns about product quality and durability.,695.43,1,0.5369555555555556,Cross-sell
11209,46,57460.0,34,3,116.07,22.19,0,10,0.283,145,3.1,Web,Home,Neutral,Price,The customer said the price was high and asked for a better offer.,348.2,0,0.5368722222222223,Engagement reminder
16485,18,75940.0,27,4,117.59,7.47,0,6,0.433,172,3.9,Store,Sports,Neutral,Product Quality,The customer raised concerns about product quality and durability.,470.37,0,0.5368722222222222,Engagement reminder
14333,51,60400.0,69,6,124.96,27.29,2,7,0.749,167,3.4,Mobile,Apparel,Neutral,Price,The customer said the price was high and asked for a better offer.,749.75,0,0.5368666666666668,Cross-sell
16197,39,92923.0,45,7,90.88,8.97,3,11,0.204,124,4.5,Email,Home,Positive,Product Quality,The customer raised concerns about product quality and durability.,636.18,0,0.5368388888888889,Cross-sell
13190,22,81374.0,16,10,28.27,6.55,3,16,0.6,136,3.1,Web,Beauty,Neutral,Returns,"The customer asked about returns, refunds, or the return process.",282.74,1,0.5368055555555555,Cross-sell
12249,60,72863.0,13,11,141.92,27.36,1,8,0.36,136,2.9,Mobile,Electronics,Neutral,Delivery,The customer mentioned delayed delivery and tracking concerns.,1561.11,0,0.5367500000000001,Cross-sell
12907,23,57404.0,59,5,37.31,13.75,1,12,0.767,176,3.1,Email,Apparel,Neutral,Price,The customer said the price was high and asked for a better offer.,186.57,0,0.536738888888889,Engagement reminder
14996,30,68518.0,42,6,73.92,39.5,2,11,0.424,136,3.3,Mobile,Home,Neutral,Support,The customer described a slow or unsatisfactory support experience.,443.52,0,0.5367277777777778,Cross-sell
15315,51,65540.0,70,5,107.94,35.02,3,10,0.488,136,3.7,Mobile,Beauty,Neutral,Features,The customer discussed missing features and requested improvements.,539.7,1,0.5367055555555555,Engagement reminder
14231,51,48366.0,57,4,124.59,21.15,1,10,0.527,151,2.9,Web,Sports,Neutral,Price,The customer said the price was high and asked for a better offer.,498.34,0,0.5366833333333334,Engagement reminder
11653,34,68416.0,56,6,78.47,38.44,3,10,0.602,153,4.1,Web,Home,Positive,Product Quality,The customer raised concerns about product quality and durability.,470.8,0,0.5366833333333334,Cross-sell
11714,57,68961.0,70,5,148.37,32.39,1,12,0.575,157,3.0,Email,Home,Neutral,Price,The customer said the price was high and asked for a better offer.,741.84,0,0.5366666666666667,Engagement reminder
10235,28,55991.0,19,7,107.7,39.79,0,13,0.655,175,2.9,Mobile,Apparel,Neutral,Product Quality,The customer raised concerns about product quality and durability.,753.91,1,0.5366388888888889,Cross-sell
17075,66,84337.0,51,6,95.7,8.42,0,6,0.719,174,2.5,Email,Beauty,Negative,Delivery,The customer mentioned delayed delivery and tracking concerns.,574.18,0,0.5366166666666667,Cross-sell
14903,48,70211.0,31,8,101.84,32.9,1,6,0.274,140,3.6,Email,Apparel,Neutral,Price,The customer said the price was high and asked for a better offer.,814.74,0,0.5365888888888889,Cross-sell
12153,64,40489.0,38,4,96.73,24.63,2,14,0.597,165,4.1,Mobile,Sports,Positive,Price,The customer said the price was high and asked for a better offer.,386.92,1,0.5365722222222223,Engagement reminder
10873,64,73649.0,17,4,109.0,15.82,2,8,0.793,159,2.7,Web,Sports,Neutral,Features,The customer discussed missing features and requested improvements.,436.01,0,0.5365388888888889,Engagement reminder
16783,24,82873.0,51,5,77.24,1.99,1,10,0.484,169,4.2,Web,Apparel,Positive,Availability,The customer mentioned stock availability and product access.,386.19,1,0.5365333333333334,Engagement reminder
12409,54,54432.0,36,5,126.87,30.31,1,11,0.425,162,4.1,Mobile,Beauty,Positive,Product Quality,The customer raised concerns about product quality and durability.,634.36,0,0.5365277777777778,Engagement reminder
14970,47,40221.0,2,5,104.22,31.36,2,7,0.673,160,3.4,Web,Sports,Neutral,Returns,"The customer asked about returns, refunds, or the return process.",521.11,0,0.5365111111111112,Engagement reminder
11507,19,57612.0,20,10,44.2,8.04,2,7,0.671,175,4.3,Email,Electronics,Positive,Features,The customer discussed missing features and requested improvements.,442.03,0,0.5364944444444444,Cross-sell
17887,44,79010.0,70,5,85.26,33.72,3,7,0.644,155,4.0,Mobile,Home,Positive,Availability,The customer mentioned stock availability and product access.,426.29,0,0.5364777777777778,Engagement reminder
11230,60,113275.0,50,4,109.01,24.9,1,12,0.279,164,5.0,Web,Home,Positive,Availability,The customer mentioned stock availability and product access.,436.05,0,0.5364222222222222,Engagement reminder
14628,49,36617.0,56,4,106.72,15.22,1,9,0.579,164,3.4,Email,Home,Neutral,Availability,The customer mentioned stock availability and product access.,426.88,0,0.5364222222222222,Engagement reminder
15145,28,71126.0,35,5,92.57,32.52,1,11,0.468,154,3.4,Web,Sports,Neutral,Features,The customer discussed missing features and requested improvements.,462.87,0,0.5364,Engagement reminder
15893,53,87611.0,45,8,131.15,16.52,3,6,0.525,151,4.4,Store,Sports,Positive,Price,The customer said the price was high and asked for a better offer.,1049.2,1,0.5363888888888889,Cross-sell
11940,63,87903.0,67,8,95.03,13.91,2,9,0.58,160,3.9,Store,Apparel,Neutral,Support,The customer described a slow or unsatisfactory support experience.,760.24,0,0.5363611111111111,Cross-sell
13475,35,60341.0,12,4,73.6,14.82,3,17,0.728,149,3.2,Mobile,Beauty,Neutral,Price,The customer said the price was high and asked for a better offer.,294.4,0,0.5363444444444444,Engagement reminder
13213,24,81786.0,8,6,81.22,34.3,1,7,0.508,166,3.9,Web,Home,Neutral,Features,The customer discussed missing features and requested improvements.,487.31,0,0.5363166666666667,Cross-sell
16955,30,85120.0,48,5,72.52,10.03,1,8,0.749,159,2.2,Store,Electronics,Negative,Features,The customer discussed missing features and requested improvements.,362.62,0,0.5363111111111112,Engagement reminder
14239,22,81412.0,56,5,128.51,22.31,2,17,0.621,167,4.1,Store,Sports,Positive,Features,The customer discussed missing features and requested improvements.,642.55,0,0.5362166666666668,Engagement reminder
16060,30,75771.0,43,6,119.13,6.06,1,13,0.312,150,4.0,Email,Electronics,Positive,Features,The customer discussed missing features and requested improvements.,714.78,0,0.5362111111111112,Cross-sell
12398,22,66946.0,13,2,126.73,35.01,1,8,0.486,169,4.2,Web,Home,Positive,Price,The customer said the price was high and asked for a better offer.,253.47,1,0.5361333333333334,Engagement reminder
12080,65,91546.0,49,6,101.55,31.56,4,8,0.518,131,4.0,Store,Sports,Positive,Availability,The customer mentioned stock availability and product access.,609.32,1,0.5361222222222222,Cross-sell
11110,57,99008.0,8,4,118.86,14.78,2,12,0.455,152,4.1,Web,Electronics,Positive,Returns,"The customer asked about returns, refunds, or the return process.",475.46,0,0.5360833333333334,Engagement reminder
10340,61,61601.0,5,5,89.84,36.85,1,11,0.519,150,2.9,Web,Sports,Neutral,Price,The customer said the price was high and asked for a better offer.,449.21,1,0.5360611111111112,Engagement reminder
14691,51,41649.0,38,4,95.01,18.48,0,14,0.41,178,4.4,Mobile,Beauty,Positive,Features,The customer discussed missing features and requested improvements.,380.05,0,0.5360555555555556,Engagement reminder
16029,33,93101.0,1,9,96.94,16.04,3,5,0.518,135,3.5,Store,Beauty,Neutral,Features,The customer discussed missing features and requested improvements.,872.49,0,0.5359833333333334,Cross-sell
10956,42,83058.0,5,5,145.25,32.35,0,13,0.609,152,1.8,Web,Apparel,Negative,Availability,The customer mentioned stock availability and product access.,726.24,0,0.5359777777777778,Engagement reminder
13424,41,54971.0,6,11,117.55,35.8,2,7,0.739,164,3.3,Web,Home,Neutral,Support,The customer described a slow or unsatisfactory support experience.,1293.09,0,0.53595,Cross-sell
12987,39,71288.0,29,2,96.11,37.86,5,14,0.52,127,4.5,Email,Beauty,Positive,Price,The customer said the price was high and asked for a better offer.,192.23,1,0.5358611111111112,Engagement reminder
13728,58,59269.0,27,6,67.38,39.94,0,11,0.652,171,2.7,Store,Beauty,Neutral,Price,The customer said the price was high and asked for a better offer.,404.3,0,0.5358499999999999,Cross-sell
13765,66,54845.0,61,5,100.92,35.41,3,12,0.793,158,3.4,Mobile,Home,Neutral,Features,The customer discussed missing features and requested improvements.,504.59,0,0.5358444444444445,Engagement reminder
10842,69,28113.0,41,6,101.52,23.43,4,7,0.382,122,4.2,Web,Apparel,Positive,Price,The customer said the price was high and asked for a better offer.,609.14,0,0.5358222222222223,Cross-sell
15846,54,40416.0,11,4,95.1,11.42,3,10,0.767,159,3.6,Email,Apparel,Neutral,Features,The customer discussed missing features and requested improvements.,380.38,0,0.5357666666666666,Engagement reminder
15141,40,42040.0,52,5,139.2,33.69,2,11,0.558,151,3.5,Mobile,Electronics,Neutral,Product Quality,The customer raised concerns about product quality and durability.,696.02,0,0.5357611111111111,Engagement reminder
12041,28,112157.0,63,7,82.59,12.87,3,14,0.633,152,3.9,Web,Beauty,Neutral,Support,The customer described a slow or unsatisfactory support experience.,578.13,0,0.5357611111111111,Cross-sell
14115,54,39730.0,5,7,88.36,7.85,2,10,0.411,158,4.7,Email,Apparel,Positive,Features,The customer discussed missing features and requested improvements.,618.52,0,0.5357166666666667,Cross-sell
13271,69,73702.0,48,5,104.05,2.61,2,8,0.566,177,5.0,Email,Sports,Positive,Delivery,The customer mentioned delayed delivery and tracking concerns.,520.25,0,0.5356888888888889,Engagement reminder
16077,68,96016.0,44,6,79.08,23.3,5,15,0.673,139,4.4,Store,Beauty,Positive,Availability,The customer mentioned stock availability and product access.,474.46,0,0.5356777777777778,Cross-sell
11617,44,58478.0,25,6,145.18,22.64,1,9,0.66,176,3.7,Mobile,Apparel,Neutral,Product Quality,The customer raised concerns about product quality and durability.,871.09,1,0.5356388888888889,Cross-sell
14768,32,67112.0,25,3,67.14,4.87,2,9,0.285,123,3.3,Store,Electronics,Neutral,Product Quality,The customer raised concerns about product quality and durability.,201.41,0,0.5356388888888889,Engagement reminder
17632,29,68100.0,26,7,90.15,32.0,1,6,0.474,139,2.5,Mobile,Apparel,Negative,Product Quality,The customer raised concerns about product quality and durability.,631.04,0,0.5356166666666667,Cross-sell
13091,22,24789.0,8,5,86.87,4.96,2,10,0.65,171,4.2,Mobile,Home,Positive,Product Quality,The customer raised concerns about product quality and durability.,434.33,1,0.5355555555555556,Engagement reminder
12600,34,76701.0,50,7,106.62,21.13,0,11,0.564,168,3.0,Email,Apparel,Neutral,Delivery,The customer mentioned delayed delivery and tracking concerns.,746.35,0,0.5355333333333333,Cross-sell
13416,20,54689.0,50,10,42.06,27.7,4,5,0.678,162,5.0,Email,Apparel,Positive,Support,The customer described a slow or unsatisfactory support experience.,420.61,0,0.5355111111111112,Cross-sell
15185,22,66227.0,32,5,18.0,35.83,1,11,0.769,179,3.3,Mobile,Apparel,Neutral,Product Quality,The customer raised concerns about product quality and durability.,90.0,0,0.5355055555555556,Engagement reminder
11999,56,55362.0,23,5,92.44,21.17,0,11,0.608,177,3.3,Store,Home,Neutral,Availability,The customer mentioned stock availability and product access.,462.2,0,0.5354833333333333,Engagement reminder
11923,24,84485.0,32,4,45.83,16.19,2,9,0.674,136,2.0,Web,Apparel,Negative,Price,The customer said the price was high and asked for a better offer.,183.3,0,0.5354777777777777,Engagement reminder
10283,55,67885.0,24,3,124.94,18.44,6,12,0.54,106,3.9,Email,Electronics,Neutral,Features,The customer discussed missing features and requested improvements.,374.81,1,0.5354722222222222,Engagement reminder
11907,66,76450.0,13,2,79.46,2.12,2,6,0.49,165,4.7,Email,Electronics,Positive,Product Quality,The customer raised concerns about product quality and durability.,158.92,0,0.5354722222222222,Engagement reminder
12497,58,76297.0,30,7,39.65,8.04,2,8,0.638,153,3.2,Web,Apparel,Neutral,Product Quality,The customer raised concerns about product quality and durability.,277.55,0,0.5354555555555556,Cross-sell
12055,49,33604.0,65,8,84.07,9.8,1,10,0.534,173,4.2,Store,Home,Positive,Delivery,The customer mentioned delayed delivery and tracking concerns.,672.56,0,0.5354222222222222,Cross-sell
10496,55,79133.0,72,8,82.31,9.45,1,14,0.355,140,3.2,Mobile,Sports,Neutral,Product Quality,The customer raised concerns about product quality and durability.,658.46,1,0.5353888888888889,Cross-sell
16863,53,53869.0,26,10,114.49,2.91,2,10,0.674,168,3.9,Mobile,Sports,Neutral,Features,The customer discussed missing features and requested improvements.,1144.87,0,0.5353388888888888,Cross-sell
15263,19,79005.0,52,9,44.41,9.69,2,14,0.563,158,3.9,Mobile,Beauty,Neutral,Features,The customer discussed missing features and requested improvements.,399.69,0,0.5353166666666668,Cross-sell
15196,61,54489.0,24,6,104.11,15.95,4,7,0.568,125,3.4,Mobile,Home,Neutral,Product Quality,The customer raised concerns about product quality and durability.,624.67,0,0.5352888888888889,Cross-sell
17195,30,55730.0,65,7,51.17,31.21,3,13,0.643,151,3.8,Email,Apparel,Neutral,Support,The customer described a slow or unsatisfactory support experience.,358.2,0,0.5352888888888889,Cross-sell
17164,49,70646.0,40,7,107.36,5.88,1,12,0.466,155,3.5,Web,Beauty,Neutral,Availability,The customer mentioned stock availability and product access.,751.5,0,0.5352722222222223,Cross-sell
17378,62,82809.0,17,7,57.68,7.28,2,10,0.639,153,3.2,Mobile,Beauty,Neutral,Delivery,The customer mentioned delayed delivery and tracking concerns.,403.78,0,0.5352555555555555,Cross-sell
14464,28,96521.0,13,3,63.67,27.37,0,9,0.419,143,2.3,Web,Apparel,Negative,Features,The customer discussed missing features and requested improvements.,191.0,0,0.5352277777777779,Engagement reminder
11519,48,83325.0,7,6,65.79,34.92,2,10,0.569,145,3.1,Web,Beauty,Neutral,Delivery,The customer mentioned delayed delivery and tracking concerns.,394.72,0,0.5352277777777777,Cross-sell
17557,45,66595.0,30,6,52.85,28.94,4,9,0.86,158,3.8,Web,Apparel,Neutral,Features,The customer discussed missing features and requested improvements.,317.11,0,0.5352222222222223,Cross-sell
13706,55,53136.0,66,2,53.09,6.16,3,7,0.613,155,4.2,Mobile,Home,Positive,Features,The customer discussed missing features and requested improvements.,106.17,1,0.5351777777777779,Engagement reminder
17126,52,46229.0,17,5,121.88,36.4,2,11,0.513,145,3.4,Email,Sports,Neutral,Features,The customer discussed missing features and requested improvements.,609.42,0,0.5351777777777778,Engagement reminder
13855,59,62227.0,48,4,112.63,28.58,0,10,0.404,172,4.1,Email,Apparel,Positive,Returns,"The customer asked about returns, refunds, or the return process.",450.53,1,0.5351722222222223,Engagement reminder
11406,19,87327.0,22,6,93.27,17.13,3,11,0.411,125,3.5,Store,Sports,Neutral,Support,The customer described a slow or unsatisfactory support experience.,559.62,0,0.5351611111111111,Cross-sell
11853,33,33541.0,67,3,111.41,25.89,1,10,0.374,150,3.7,Email,Apparel,Neutral,Features,The customer discussed missing features and requested improvements.,334.22,0,0.5350611111111111,Engagement reminder
16618,40,73142.0,37,6,85.98,5.88,2,13,0.79,180,4.0,Web,Electronics,Neutral,Support,The customer described a slow or unsatisfactory support experience.,515.88,0,0.5350555555555556,Cross-sell
14424,25,101999.0,56,9,77.11,6.47,1,16,0.465,143,2.8,Email,Beauty,Neutral,Delivery,The customer mentioned delayed delivery and tracking concerns.,693.99,0,0.5350555555555555,Cross-sell
15184,50,35632.0,1,6,90.34,38.67,1,12,0.768,177,3.2,Email,Beauty,Neutral,Returns,"The customer asked about returns, refunds, or the return process.",542.02,0,0.5350111111111111,Cross-sell
15713,24,88693.0,26,18,97.21,24.75,5,13,0.78,123,2.9,Web,Apparel,Neutral,Price,The customer said the price was high and asked for a better offer.,1749.8,0,0.5349722222222223,Cross-sell
10136,38,88309.0,57,5,85.02,25.28,2,8,0.686,179,4.5,Email,Electronics,Positive,Price,The customer said the price was high and asked for a better offer.,425.1,0,0.5348833333333334,Engagement reminder
10834,18,97958.0,34,6,114.71,32.83,2,10,0.182,137,4.7,Web,Home,Positive,Delivery,The customer mentioned delayed delivery and tracking concerns.,688.29,0,0.53485,Cross-sell
11405,65,59388.0,10,9,103.89,30.0,0,13,0.353,174,4.5,Store,Electronics,Positive,Price,The customer said the price was high and asked for a better offer.,935.03,0,0.5348166666666667,Cross-sell
14163,61,78766.0,65,4,76.83,20.84,1,9,0.294,114,2.0,Web,Apparel,Negative,Price,The customer said the price was high and asked for a better offer.,307.34,0,0.5348111111111111,Engagement reminder
10121,37,82422.0,49,4,59.69,2.89,1,12,0.419,159,4.0,Email,Electronics,Positive,Product Quality,The customer raised concerns about product quality and durability.,238.78,0,0.5348111111111111,Engagement reminder
14596,66,79335.0,18,4,43.46,35.1,2,6,0.526,173,5.0,Email,Home,Positive,Product Quality,The customer raised concerns about product quality and durability.,173.83,0,0.5348,Engagement reminder
11352,24,92259.0,40,8,121.12,8.5,1,12,0.554,161,3.4,Mobile,Sports,Neutral,Returns,"The customer asked about returns, refunds, or the return process.",968.99,1,0.5347555555555557,Cross-sell
12595,52,58054.0,47,3,84.56,25.77,1,13,0.468,160,3.8,Mobile,Beauty,Neutral,Price,The customer said the price was high and asked for a better offer.,253.68,1,0.5347333333333334,Engagement reminder
17359,31,60547.0,25,4,50.15,32.87,5,21,0.332,118,5.0,Web,Home,Positive,Support,The customer described a slow or unsatisfactory support experience.,200.62,0,0.5347111111111111,Engagement reminder
17230,64,65698.0,55,10,18.0,29.51,1,6,0.687,178,3.7,Mobile,Sports,Neutral,Availability,The customer mentioned stock availability and product access.,180.0,0,0.5346833333333334,Cross-sell
12858,32,63245.0,1,7,110.81,37.25,1,10,0.653,180,4.0,Web,Sports,Positive,Availability,The customer mentioned stock availability and product access.,775.65,0,0.5346777777777778,Cross-sell
13648,20,89732.0,20,7,76.48,3.68,0,6,0.499,155,2.6,Mobile,Beauty,Neutral,Delivery,The customer mentioned delayed delivery and tracking concerns.,535.35,0,0.5346444444444445,Cross-sell
10008,62,90337.0,43,4,109.73,38.42,1,7,0.438,164,4.2,Email,Home,Positive,Features,The customer discussed missing features and requested improvements.,438.93,1,0.5346222222222223,Engagement reminder
10584,36,103980.0,71,6,90.78,11.3,3,13,0.586,127,2.7,Email,Sports,Neutral,Features,The customer discussed missing features and requested improvements.,544.68,0,0.5346055555555556,Cross-sell
14612,56,68784.0,7,12,136.07,35.08,3,8,0.541,128,3.0,Email,Electronics,Neutral,Returns,"The customer asked about returns, refunds, or the return process.",1632.79,0,0.5345777777777777,Cross-sell
13474,45,62386.0,16,5,61.73,29.3,1,12,0.614,168,3.5,Mobile,Apparel,Neutral,Product Quality,The customer raised concerns about product quality and durability.,308.66,0,0.5345611111111112,Engagement reminder
12644,59,68940.0,56,5,80.81,30.56,3,7,0.394,135,4.2,Email,Electronics,Positive,Availability,The customer mentioned stock availability and product access.,404.04,0,0.5345333333333334,Engagement reminder
14418,47,76391.0,38,9,114.81,2.65,1,9,0.217,139,3.9,Mobile,Sports,Neutral,Availability,The customer mentioned stock availability and product access.,1033.32,0,0.5345166666666668,Cross-sell
13619,69,93569.0,13,6,59.14,12.51,0,8,0.592,165,2.7,Mobile,Apparel,Neutral,Support,The customer described a slow or unsatisfactory support experience.,354.82,1,0.5345166666666668,Cross-sell
17324,58,73379.0,20,8,145.76,16.64,2,13,0.631,157,3.5,Mobile,Sports,Neutral,Availability,The customer mentioned stock availability and product access.,1166.06,0,0.5344944444444445,Cross-sell
13706,43,62004.0,35,5,66.99,4.35,1,4,0.454,162,4.0,Mobile,Sports,Neutral,Availability,The customer mentioned stock availability and product access.,334.93,0,0.5344777777777778,Engagement reminder
11417,58,65469.0,26,6,64.79,10.4,2,16,0.27,138,4.3,Mobile,Sports,Positive,Support,The customer described a slow or unsatisfactory support experience.,388.77,0,0.5344722222222222,Cross-sell
12369,42,38387.0,23,8,150.63,24.95,2,11,0.827,178,3.7,Store,Beauty,Neutral,Returns,"The customer asked about returns, refunds, or the return process.",1205.06,0,0.5344611111111112,Cross-sell
10273,35,81450.0,23,3,130.42,30.1,1,9,0.516,149,2.9,Web,Beauty,Neutral,Price,The customer said the price was high and asked for a better offer.,391.25,0,0.5344388888888889,Engagement reminder
17863,47,63146.0,38,4,126.66,15.62,3,18,0.335,106,2.8,Email,Sports,Neutral,Product Quality,The customer raised concerns about product quality and durability.,506.64,1,0.5343888888888889,Engagement reminder
14174,64,71808.0,44,3,89.96,10.88,2,13,0.456,153,4.2,Email,Sports,Positive,Product Quality,The customer raised concerns about product quality and durability.,269.89,0,0.5343555555555556,Engagement reminder
14247,37,66249.0,22,3,132.9,35.66,1,7,0.513,174,4.4,Email,Home,Positive,Availability,The customer mentioned stock availability and product access.,398.7,0,0.5343444444444445,Engagement reminder
11510,51,86756.0,70,4,118.56,17.07,2,16,0.42,143,3.8,Store,Home,Neutral,Returns,"The customer asked about returns, refunds, or the return process.",474.25,1,0.5343333333333333,Engagement reminder
10330,62,60372.0,48,7,112.65,11.74,2,9,0.593,140,2.7,Web,Home,Neutral,Support,The customer described a slow or unsatisfactory support experience.,788.52,0,0.5343166666666668,Cross-sell
12955,18,59061.0,65,6,128.04,32.27,0,15,0.591,180,3.6,Store,Home,Neutral,Support,The customer described a slow or unsatisfactory support experience.,768.22,0,0.5343,Cross-sell
17076,51,52997.0,8,4,112.27,0.46,3,12,0.782,158,3.5,Web,Electronics,Neutral,Product Quality,The customer raised concerns about product quality and durability.,449.07,1,0.5342944444444445,Engagement reminder
15633,23,65149.0,17,11,157.45,31.28,2,10,0.605,163,4.0,Web,Beauty,Neutral,Features,The customer discussed missing features and requested improvements.,1731.99,0,0.5342777777777779,Cross-sell
15091,23,99580.0,41,5,55.66,31.83,3,10,0.662,159,4.2,Web,Apparel,Positive,Returns,"The customer asked about returns, refunds, or the return process.",278.28,1,0.5342666666666667,Engagement reminder
16692,36,81229.0,36,6,104.16,23.93,2,8,0.303,124,3.3,Store,Apparel,Neutral,Support,The customer described a slow or unsatisfactory support experience.,624.94,0,0.5342611111111112,Cross-sell
14670,61,85561.0,63,5,119.32,8.72,2,7,0.667,150,2.9,Web,Electronics,Neutral,Returns,"The customer asked about returns, refunds, or the return process.",596.58,0,0.5342388888888889,Engagement reminder
11716,68,60156.0,19,6,71.93,14.09,1,12,0.556,166,3.7,Mobile,Home,Neutral,Price,The customer said the price was high and asked for a better offer.,431.59,0,0.5342166666666667,Cross-sell
10405,66,53389.0,26,8,51.39,11.08,0,14,0.347,158,3.6,Web,Sports,Neutral,Price,The customer said the price was high and asked for a better offer.,411.11,0,0.5342111111111112,Cross-sell
10190,43,70834.0,12,8,110.46,13.92,3,6,0.584,157,4.5,Web,Apparel,Positive,Features,The customer discussed missing features and requested improvements.,883.67,0,0.5341722222222223,Cross-sell
14370,64,60070.0,29,7,61.18,26.35,0,14,0.484,172,3.7,Email,Beauty,Neutral,Product Quality,The customer raised concerns about product quality and durability.,428.29,1,0.5341722222222223,Cross-sell
14774,40,103443.0,33,5,109.66,29.47,1,11,0.578,173,4.0,Email,Apparel,Neutral,Features,The customer discussed missing features and requested improvements.,548.31,1,0.5341222222222223,Engagement reminder
10289,39,84367.0,52,4,118.41,11.06,3,13,0.317,111,3.2,Email,Apparel,Neutral,Product Quality,The customer raised concerns about product quality and durability.,473.64,0,0.5341,Engagement reminder
17586,26,40336.0,29,3,80.36,7.28,3,13,0.524,133,3.4,Email,Electronics,Neutral,Availability,The customer mentioned stock availability and product access.,241.08,1,0.5340888888888888,Engagement reminder
16653,58,52747.0,39,4,78.69,21.57,0,5,0.54,177,3.7,Web,Home,Neutral,Returns,"The customer asked about returns, refunds, or the return process.",314.78,1,0.5340833333333332,Engagement reminder
14660,61,73110.0,51,5,45.75,16.3,2,13,0.775,163,3.1,Web,Apparel,Neutral,Returns,"The customer asked about returns, refunds, or the return process.",228.73,0,0.5340277777777778,Engagement reminder
13375,26,57416.0,2,3,114.35,20.92,0,7,0.589,178,3.5,Web,Sports,Neutral,Price,The customer said the price was high and asked for a better offer.,343.06,0,0.5340055555555556,Engagement reminder
15373,44,91719.0,26,9,114.73,38.82,1,10,0.308,125,2.6,Mobile,Home,Neutral,Price,The customer said the price was high and asked for a better offer.,1032.55,1,0.5339555555555555,Cross-sell
17701,43,59562.0,8,7,50.19,0.23,4,9,0.649,130,3.3,Mobile,Electronics,Neutral,Product Quality,The customer raised concerns about product quality and durability.,351.3,0,0.53395,Cross-sell
17796,52,64734.0,66,7,62.15,15.6,2,9,0.729,147,2.4,Mobile,Home,Negative,Delivery,The customer mentioned delayed delivery and tracking concerns.,435.07,0,0.5339222222222223,Cross-sell
13784,26,71477.0,22,5,120.74,31.04,0,11,0.429,172,4.0,Email,Electronics,Neutral,Price,The customer said the price was high and asked for a better offer.,603.69,1,0.5339222222222222,Engagement reminder
11868,65,102176.0,14,5,38.89,30.73,1,5,0.47,175,4.7,Mobile,Sports,Positive,Product Quality,The customer raised concerns about product quality and durability.,194.47,1,0.5339166666666667,Engagement reminder
13873,18,100661.0,2,4,138.99,13.01,4,10,0.802,164,4.5,Mobile,Sports,Positive,Product Quality,The customer raised concerns about product quality and durability.,555.95,0,0.5339055555555556,Engagement reminder
17643,24,64832.0,62,4,65.9,28.42,1,11,0.302,143,3.7,Mobile,Home,Neutral,Product Quality,The customer raised concerns about product quality and durability.,263.59,0,0.5339055555555555,Engagement reminder
10477,22,62797.0,54,7,89.8,15.7,2,13,0.734,166,3.5,Email,Beauty,Neutral,Returns,"The customer asked about returns, refunds, or the return process.",628.58,0,0.5338944444444446,Cross-sell
11010,30,78392.0,55,4,117.61,17.79,1,5,0.464,166,4.2,Mobile,Home,Positive,Delivery,The customer mentioned delayed delivery and tracking concerns.,470.46,0,0.5338666666666667,Engagement reminder
14998,34,108761.0,71,7,84.55,24.29,3,6,0.628,149,3.8,Store,Apparel,Neutral,Returns,"The customer asked about returns, refunds, or the return process.",591.88,0,0.5338444444444445,Cross-sell
13201,53,56130.0,42,5,86.06,21.73,2,11,0.628,148,3.0,Email,Apparel,Neutral,Features,The customer discussed missing features and requested improvements.,430.32,0,0.5338444444444445,Engagement reminder
13829,49,93231.0,30,7,82.22,20.31,2,8,0.506,164,4.6,Mobile,Electronics,Positive,Price,The customer said the price was high and asked for a better offer.,575.52,0,0.5338,Cross-sell
10818,29,52038.0,26,3,153.57,3.36,3,6,0.338,106,2.8,Web,Sports,Neutral,Returns,"The customer asked about returns, refunds, or the return process.",460.72,0,0.5337888888888889,Engagement reminder
16770,28,69592.0,63,5,76.3,26.39,1,9,0.561,173,4.1,Email,Home,Positive,Delivery,The customer mentioned delayed delivery and tracking concerns.,381.48,0,0.5337722222222223,Engagement reminder
12504,37,69589.0,36,3,89.32,17.44,0,12,0.536,163,2.9,Mobile,Beauty,Neutral,Product Quality,The customer raised concerns about product quality and durability.,267.97,1,0.5337722222222222,Engagement reminder
17862,56,52515.0,28,9,66.67,0.9,1,10,0.502,166,4.0,Mobile,Beauty,Neutral,Availability,The customer mentioned stock availability and product access.,600.06,0,0.5337666666666667,Cross-sell
11943,69,65977.0,22,11,112.79,1.88,2,5,0.553,153,3.7,Web,Apparel,Neutral,Price,The customer said the price was high and asked for a better offer.,1240.67,0,0.5337055555555555,Cross-sell
10458,64,50621.0,7,6,86.78,4.01,2,7,0.524,147,3.5,Mobile,Sports,Neutral,Delivery,The customer mentioned delayed delivery and tracking concerns.,520.68,1,0.5336722222222222,Cross-sell
13547,67,68294.0,13,2,80.57,21.56,5,13,0.62,135,4.5,Mobile,Apparel,Positive,Price,The customer said the price was high and asked for a better offer.,161.14,0,0.533638888888889,Engagement reminder
12045,44,100579.0,5,3,69.2,23.65,3,10,0.618,148,3.8,Web,Electronics,Neutral,Features,The customer discussed missing features and requested improvements.,207.59,0,0.5336222222222222,Engagement reminder
14791,41,42099.0,9,4,120.16,20.99,1,13,0.362,155,4.1,Mobile,Home,Positive,Price,The customer said the price was high and asked for a better offer.,480.64,0,0.5335722222222223,Engagement reminder
12995,24,57784.0,7,7,42.31,31.27,0,7,0.678,174,2.8,Mobile,Apparel,Neutral,Support,The customer described a slow or unsatisfactory support experience.,296.17,0,0.5335666666666667,Cross-sell
14290,58,76917.0,48,5,137.57,9.45,2,9,0.547,149,3.5,Store,Sports,Neutral,Product Quality,The customer raised concerns about product quality and durability.,687.87,1,0.5335166666666668,Engagement reminder
11713,44,46921.0,9,11,79.11,1.91,1,16,0.5,164,3.9,Mobile,Apparel,Neutral,Availability,The customer mentioned stock availability and product access.,870.22,0,0.5334722222222222,Cross-sell
15512,28,56914.0,58,3,102.85,16.12,1,7,0.596,149,2.5,Email,Sports,Neutral,Product Quality,The customer raised concerns about product quality and durability.,308.56,1,0.5334388888888889,Engagement reminder
10256,40,74286.0,2,4,85.51,8.8,2,7,0.394,147,4.2,Mobile,Home,Positive,Support,The customer described a slow or unsatisfactory support experience.,342.02,0,0.5334222222222222,Engagement reminder
15758,60,82399.0,59,10,87.63,13.34,1,4,0.269,128,3.0,Store,Electronics,Neutral,Support,The customer described a slow or unsatisfactory support experience.,876.29,0,0.5334222222222222,Cross-sell
10402,36,51049.0,18,3,119.08,33.21,2,10,0.758,173,3.8,Email,Apparel,Neutral,Price,The customer said the price was high and asked for a better offer.,357.25,1,0.5334000000000001,Engagement reminder
16484,32,58813.0,23,3,97.85,13.47,1,7,0.583,163,3.4,Web,Sports,Neutral,Support,The customer described a slow or unsatisfactory support experience.,293.56,1,0.5334000000000001,Engagement reminder
10075,23,74061.0,40,7,142.6,37.35,2,10,0.784,150,2.3,Mobile,Electronics,Negative,Product Quality,The customer raised concerns about product quality and durability.,998.18,0,0.533338888888889,Cross-sell
13545,31,78327.0,3,6,80.4,39.65,1,13,0.625,160,3.0,Mobile,Apparel,Neutral,Features,The customer discussed missing features and requested improvements.,482.4,1,0.5333333333333333,Cross-sell
13963,59,25038.0,70,9,137.87,19.59,1,11,0.647,167,3.3,Email,Home,Neutral,Features,The customer discussed missing features and requested improvements.,1240.81,0,0.5332388888888889,Cross-sell
10020,67,57818.0,9,5,95.88,5.58,2,7,0.613,170,4.4,Store,Home,Positive,Support,The customer described a slow or unsatisfactory support experience.,479.42,0,0.5332333333333333,Engagement reminder
13197,62,56144.0,16,10,79.39,22.19,2,12,0.554,163,4.3,Mobile,Electronics,Positive,Availability,The customer mentioned stock availability and product access.,793.86,0,0.5332277777777777,Cross-sell
12341,53,59638.0,10,7,96.79,11.64,3,13,0.625,140,3.3,Mobile,Apparel,Neutral,Support,The customer described a slow or unsatisfactory support experience.,677.5,1,0.5331944444444444,Cross-sell
16323,28,68634.0,36,3,130.22,4.75,1,12,0.38,148,3.6,Web,Apparel,Neutral,Availability,The customer mentioned stock availability and product access.,390.67,1,0.5331666666666667,Engagement reminder
15088,46,66674.0,24,9,55.62,16.33,3,15,0.61,142,3.5,Store,Apparel,Neutral,Product Quality,The customer raised concerns about product quality and durability.,500.6,0,0.5331388888888889,Cross-sell
11034,66,73975.0,21,6,82.08,39.39,1,6,0.533,155,3.2,Mobile,Sports,Neutral,Product Quality,The customer raised concerns about product quality and durability.,492.48,0,0.5331222222222223,Cross-sell
14625,26,88077.0,8,5,119.98,5.29,1,4,0.59,177,4.2,Store,Electronics,Positive,Returns,"The customer asked about returns, refunds, or the return process.",599.9,0,0.5331111111111111,Engagement reminder
16148,31,69782.0,62,6,99.18,9.9,1,7,0.481,152,3.3,Mobile,Beauty,Neutral,Product Quality,The customer raised concerns about product quality and durability.,595.1,0,0.5331055555555556,Cross-sell
16996,35,46609.0,47,4,101.25,32.18,2,10,0.636,172,4.4,Store,Electronics,Positive,Returns,"The customer asked about returns, refunds, or the return process.",405.01,0,0.5330777777777778,Engagement reminder
15240,40,82532.0,65,4,78.43,18.98,1,9,0.489,178,4.8,Store,Sports,Positive,Delivery,The customer mentioned delayed delivery and tracking concerns.,313.73,1,0.5330333333333335,Engagement reminder
16501,53,78914.0,32,9,81.26,39.78,3,13,0.903,170,3.6,Email,Apparel,Neutral,Price,The customer said the price was high and asked for a better offer.,731.31,0,0.5330111111111111,Cross-sell
13172,57,63522.0,9,8,86.31,25.03,0,9,0.303,167,4.4,Email,Sports,Positive,Availability,The customer mentioned stock availability and product access.,690.5,0,0.5330111111111111,Cross-sell
17721,49,42164.0,61,7,61.5,11.97,2,14,0.667,168,4.0,Email,Beauty,Neutral,Product Quality,The customer raised concerns about product quality and durability.,430.52,0,0.5329888888888888,Cross-sell
10699,60,115345.0,64,5,90.63,12.24,1,17,0.783,169,2.7,Mobile,Apparel,Neutral,Product Quality,The customer raised concerns about product quality and durability.,453.13,1,0.5329833333333334,Engagement reminder
15216,31,93191.0,42,9,119.06,13.45,0,4,0.295,146,3.2,Web,Beauty,Neutral,Features,The customer discussed missing features and requested improvements.,1071.5,0,0.5329444444444444,Cross-sell
17460,56,48555.0,52,8,70.44,34.31,1,5,0.32,156,4.4,Web,Electronics,Positive,Price,The customer said the price was high and asked for a better offer.,563.5,1,0.5329444444444444,Cross-sell
14651,52,67766.0,61,7,112.68,7.76,0,10,0.516,176,3.8,Email,Sports,Neutral,Product Quality,The customer raised concerns about product quality and durability.,788.75,1,0.5329111111111111,Cross-sell
14418,44,46109.0,33,6,139.84,10.89,4,10,0.469,142,5.0,Email,Apparel,Positive,Features,The customer discussed missing features and requested improvements.,839.05,0,0.5328666666666667,Cross-sell
10013,69,83334.0,61,8,55.9,22.38,1,5,0.558,174,4.2,Email,Beauty,Positive,Product Quality,The customer raised concerns about product quality and durability.,447.16,0,0.5328444444444446,Cross-sell
10875,32,56159.0,65,8,67.54,22.49,3,7,0.39,117,3.2,Email,Home,Neutral,Product Quality,The customer raised concerns about product quality and durability.,540.35,1,0.5328333333333333,Cross-sell
15332,54,78134.0,47,4,83.51,33.22,3,13,0.736,165,4.2,Mobile,Apparel,Positive,Returns,"The customer asked about returns, refunds, or the return process.",334.05,1,0.5328,Engagement reminder
13805,38,61114.0,60,6,140.18,0.86,2,13,0.481,168,5.0,Store,Beauty,Positive,Price,The customer said the price was high and asked for a better offer.,841.1,1,0.5326888888888889,Cross-sell
10035,53,67531.0,2,5,85.0,7.3,0,14,0.27,174,5.0,Store,Home,Positive,Support,The customer described a slow or unsatisfactory support experience.,424.99,1,0.5326666666666667,Engagement reminder
16368,55,74733.0,60,5,97.0,26.84,2,12,0.718,164,3.5,Email,Beauty,Neutral,Support,The customer described a slow or unsatisfactory support experience.,485.01,0,0.5326500000000001,Engagement reminder
15670,42,72699.0,15,5,82.95,4.72,1,15,0.534,165,3.8,Email,Apparel,Neutral,Features,The customer discussed missing features and requested improvements.,414.74,0,0.5326444444444445,Engagement reminder
16411,48,50827.0,67,3,92.29,37.67,3,7,0.748,166,4.2,Mobile,Sports,Positive,Product Quality,The customer raised concerns about product quality and durability.,276.86,1,0.5326222222222223,Engagement reminder
12274,66,52268.0,21,6,41.23,0.11,0,13,0.63,176,3.2,Web,Home,Neutral,Price,The customer said the price was high and asked for a better offer.,247.37,0,0.5326111111111111,Cross-sell
13472,55,74496.0,19,6,90.54,18.88,3,6,0.592,157,4.5,Web,Electronics,Positive,Features,The customer discussed missing features and requested improvements.,543.26,0,0.5325722222222222,Cross-sell
11935,48,75130.0,7,4,55.2,1.06,2,5,0.524,133,2.7,Web,Home,Neutral,Price,The customer said the price was high and asked for a better offer.,220.82,1,0.5325611111111112,Engagement reminder
14305,31,86945.0,31,5,142.75,1.33,1,10,0.59,170,3.8,Email,Sports,Neutral,Price,The customer said the price was high and asked for a better offer.,713.74,0,0.5325555555555556,Engagement reminder
12156,42,42017.0,29,5,101.26,0.17,1,13,0.463,140,2.7,Web,Sports,Neutral,Product Quality,The customer raised concerns about product quality and durability.,506.28,0,0.5325388888888889,Engagement reminder
12373,31,82483.0,19,6,89.49,37.95,1,14,0.56,147,2.6,Email,Home,Neutral,Returns,"The customer asked about returns, refunds, or the return process.",536.93,0,0.5324444444444444,Cross-sell
15017,63,45650.0,65,6,100.75,23.41,2,11,0.556,151,3.6,Mobile,Sports,Neutral,Delivery,The customer mentioned delayed delivery and tracking concerns.,604.5,0,0.5324111111111112,Cross-sell
16965,25,31918.0,19,6,128.15,15.44,4,11,0.922,137,2.3,Mobile,Sports,Negative,Product Quality,The customer raised concerns about product quality and durability.,768.9,0,0.5324055555555556,Cross-sell
12935,68,78727.0,47,4,86.78,35.78,0,8,0.42,157,3.2,Mobile,Apparel,Neutral,Support,The customer described a slow or unsatisfactory support experience.,347.13,0,0.5323888888888889,Engagement reminder
13868,37,107258.0,2,7,67.01,11.19,1,13,0.57,158,3.2,Mobile,Beauty,Neutral,Support,The customer described a slow or unsatisfactory support experience.,469.06,1,0.5323888888888889,Cross-sell
15747,39,46717.0,68,9,65.6,1.73,1,10,0.543,164,3.7,Store,Sports,Neutral,Support,The customer described a slow or unsatisfactory support experience.,590.43,0,0.5323722222222222,Cross-sell
10887,40,60098.0,35,8,64.9,0.71,3,10,0.68,153,3.8,Web,Electronics,Neutral,Support,The customer described a slow or unsatisfactory support experience.,519.24,0,0.5323333333333333,Cross-sell
14049,27,71328.0,6,9,94.31,19.53,2,10,0.105,107,3.4,Mobile,Electronics,Neutral,Features,The customer discussed missing features and requested improvements.,848.82,0,0.5323333333333333,Cross-sell
14805,21,110449.0,53,5,136.81,7.39,2,13,0.256,129,3.9,Email,Beauty,Neutral,Availability,The customer mentioned stock availability and product access.,684.04,1,0.5322722222222223,Engagement reminder
14272,26,53208.0,9,3,114.21,10.2,5,10,0.622,143,5.0,Mobile,Apparel,Positive,Features,The customer discussed missing features and requested improvements.,342.64,0,0.5322666666666667,Engagement reminder
17134,43,98951.0,72,9,32.8,13.27,1,7,0.622,166,3.4,Web,Beauty,Neutral,Delivery,The customer mentioned delayed delivery and tracking concerns.,295.23,0,0.5322666666666667,Cross-sell
12570,25,48688.0,33,6,89.5,2.35,0,13,0.336,173,4.6,Mobile,Sports,Positive,Availability,The customer mentioned stock availability and product access.,537.01,0,0.5322444444444445,Cross-sell
10626,26,49700.0,27,7,117.51,33.73,0,9,0.6,163,2.6,Web,Home,Neutral,Returns,"The customer asked about returns, refunds, or the return process.",822.56,0,0.5322222222222223,Cross-sell
12592,37,82209.0,35,3,90.57,7.88,2,13,0.307,142,4.4,Email,Sports,Positive,Delivery,The customer mentioned delayed delivery and tracking concerns.,271.72,0,0.5322111111111112,Engagement reminder
16693,26,70327.0,61,7,75.41,6.27,1,9,0.589,163,3.4,Email,Apparel,Neutral,Price,The customer said the price was high and asked for a better offer.,527.88,0,0.5322,Cross-sell
15464,24,85760.0,16,5,56.52,22.69,2,3,0.621,150,3.2,Web,Sports,Neutral,Product Quality,The customer raised concerns about product quality and durability.,282.59,0,0.5321888888888889,Engagement reminder
17422,67,68462.0,71,4,51.04,16.62,4,6,0.426,126,4.3,Web,Home,Positive,Product Quality,The customer raised concerns about product quality and durability.,204.16,0,0.5321611111111111,Engagement reminder
12079,37,74880.0,43,4,101.68,2.96,2,9,0.824,175,3.6,Web,Sports,Neutral,Price,The customer said the price was high and asked for a better offer.,406.71,1,0.5321444444444444,Engagement reminder
12103,67,73041.0,30,4,89.6,1.57,3,9,0.422,128,3.7,Mobile,Sports,Neutral,Product Quality,The customer raised concerns about product quality and durability.,358.41,0,0.5321277777777778,Engagement reminder
17216,40,18000.0,26,7,126.13,25.24,1,9,0.709,167,3.0,Email,Beauty,Neutral,Features,The customer discussed missing features and requested improvements.,882.93,0,0.532088888888889,Cross-sell
10802,36,82029.0,30,5,105.47,21.52,1,9,0.648,175,3.8,Web,Electronics,Neutral,Price,The customer said the price was high and asked for a better offer.,527.37,1,0.5320666666666667,Engagement reminder
11487,33,55606.0,40,4,53.46,4.53,2,14,0.467,131,2.9,Mobile,Sports,Neutral,Returns,"The customer asked about returns, refunds, or the return process.",213.82,0,0.5320166666666667,Engagement reminder
14469,65,87575.0,55,8,107.24,28.94,2,12,0.363,152,4.7,Web,Electronics,Positive,Returns,"The customer asked about returns, refunds, or the return process.",857.89,0,0.5319833333333333,Cross-sell
14728,29,46706.0,13,7,78.79,1.17,0,13,0.341,148,3.1,Mobile,Beauty,Neutral,Returns,"The customer asked about returns, refunds, or the return process.",551.55,0,0.531938888888889,Cross-sell
14241,54,47132.0,37,5,99.52,28.02,6,11,0.648,104,3.3,Web,Sports,Neutral,Returns,"The customer asked about returns, refunds, or the return process.",497.59,0,0.5319277777777778,Engagement reminder
10006,57,70499.0,47,5,65.07,17.32,0,8,0.451,168,3.7,Email,Electronics,Neutral,Price,The customer said the price was high and asked for a better offer.,325.34,0,0.5318833333333334,Engagement reminder
10450,31,61626.0,1,5,33.5,1.44,4,14,0.774,142,3.4,Email,Apparel,Neutral,Returns,"The customer asked about returns, refunds, or the return process.",167.5,0,0.5318666666666667,Engagement reminder
15521,36,60585.0,53,8,109.59,22.79,3,13,0.72,153,3.6,Mobile,Home,Neutral,Price,The customer said the price was high and asked for a better offer.,876.68,1,0.5318333333333334,Cross-sell
13174,36,64603.0,36,6,97.69,15.26,1,8,0.636,162,3.1,Email,Home,Neutral,Delivery,The customer mentioned delayed delivery and tracking concerns.,586.13,0,0.5318277777777779,Cross-sell
15242,26,67239.0,18,10,98.55,3.18,3,14,0.527,139,3.8,Email,Electronics,Neutral,Support,The customer described a slow or unsatisfactory support experience.,985.46,0,0.5318222222222223,Cross-sell
12013,34,97109.0,48,4,100.06,17.44,2,11,0.768,158,2.9,Web,Beauty,Neutral,Support,The customer described a slow or unsatisfactory support experience.,400.25,1,0.5318166666666667,Engagement reminder
11930,25,99380.0,4,5,84.7,11.37,2,12,0.614,161,3.9,Web,Home,Neutral,Product Quality,The customer raised concerns about product quality and durability.,423.51,1,0.5317833333333333,Engagement reminder
16456,21,56429.0,33,4,121.31,22.28,2,11,0.662,140,2.4,Mobile,Electronics,Negative,Returns,"The customer asked about returns, refunds, or the return process.",485.25,0,0.5317666666666667,Engagement reminder
10577,67,47413.0,60,3,90.11,31.09,0,8,0.501,164,3.2,Mobile,Electronics,Neutral,Returns,"The customer asked about returns, refunds, or the return process.",270.33,0,0.5317444444444445,Engagement reminder
10806,60,80879.0,59,4,115.92,35.65,1,9,0.448,145,3.1,Email,Apparel,Neutral,Features,The customer discussed missing features and requested improvements.,463.7,1,0.5316500000000001,Engagement reminder
14860,51,72915.0,68,5,34.78,26.1,3,9,0.623,156,4.3,Store,Sports,Positive,Delivery,The customer mentioned delayed delivery and tracking concerns.,173.91,0,0.53165,Engagement reminder
10594,49,102490.0,71,6,122.74,26.53,3,7,0.448,120,3.1,Email,Home,Neutral,Availability,The customer mentioned stock availability and product access.,736.45,0,0.53165,Cross-sell
11110,65,57377.0,22,5,82.26,30.58,3,4,0.687,155,3.9,Web,Electronics,Neutral,Product Quality,The customer raised concerns about product quality and durability.,411.28,1,0.5316277777777778,Engagement reminder
10283,41,59249.0,71,8,99.6,19.86,3,12,0.917,174,3.8,Mobile,Sports,Neutral,Delivery,The customer mentioned delayed delivery and tracking concerns.,796.83,0,0.5316000000000001,Cross-sell
14460,19,51667.0,41,9,71.0,21.97,0,10,0.556,179,3.8,Email,Apparel,Neutral,Returns,"The customer asked about returns, refunds, or the return process.",639.02,0,0.5315777777777778,Cross-sell
17721,40,84645.0,69,4,80.2,39.71,3,16,0.404,143,4.7,Mobile,Home,Positive,Features,The customer discussed missing features and requested improvements.,320.8,0,0.531561111111111,Engagement reminder
11830,35,81457.0,9,3,73.13,16.95,2,7,0.287,123,3.4,Web,Apparel,Neutral,Returns,"The customer asked about returns, refunds, or the return process.",219.39,0,0.5314888888888889,Engagement reminder
11959,35,63354.0,12,8,102.76,28.66,3,11,0.554,148,4.2,Email,Apparel,Positive,Price,The customer said the price was high and asked for a better offer.,822.05,1,0.5314222222222222,Cross-sell
12084,25,84548.0,24,8,41.23,1.79,2,11,0.814,167,3.2,Web,Apparel,Neutral,Price,The customer said the price was high and asked for a better offer.,329.84,0,0.5313666666666668,Cross-sell
15812,26,59348.0,47,4,65.44,27.0,2,9,0.671,171,4.2,Email,Home,Positive,Price,The customer said the price was high and asked for a better offer.,261.76,1,0.5313555555555556,Engagement reminder
10250,42,70682.0,13,7,96.36,4.55,1,13,0.462,163,4.1,Store,Electronics,Positive,Product Quality,The customer raised concerns about product quality and durability.,674.5,0,0.5313500000000001,Cross-sell
13945,65,70192.0,28,6,31.95,33.07,2,12,0.526,163,4.5,Email,Electronics,Positive,Delivery,The customer mentioned delayed delivery and tracking concerns.,191.68,0,0.5313277777777778,Cross-sell
11954,33,34046.0,41,4,87.08,24.38,2,12,0.865,180,3.7,Mobile,Home,Neutral,Product Quality,The customer raised concerns about product quality and durability.,348.32,0,0.5313055555555556,Engagement reminder
12274,42,37307.0,32,10,121.3,36.62,1,6,0.481,136,2.4,Web,Apparel,Negative,Returns,"The customer asked about returns, refunds, or the return process.",1212.99,0,0.5313,Cross-sell
13539,68,82056.0,18,4,114.62,26.2,1,8,0.604,169,3.7,Email,Electronics,Neutral,Delivery,The customer mentioned delayed delivery and tracking concerns.,458.48,1,0.5312833333333333,Engagement reminder
16111,45,72760.0,12,2,98.57,8.94,1,11,0.396,157,4.1,Email,Apparel,Positive,Returns,"The customer asked about returns, refunds, or the return process.",197.14,1,0.5312166666666668,Engagement reminder
15487,39,113446.0,19,3,50.98,6.53,1,8,0.633,180,4.2,Mobile,Electronics,Positive,Returns,"The customer asked about returns, refunds, or the return process.",152.95,0,0.5311777777777779,Engagement reminder
11597,48,56443.0,8,8,81.96,15.13,3,7,0.456,134,3.9,Email,Home,Neutral,Price,The customer said the price was high and asked for a better offer.,655.68,1,0.5311611111111111,Cross-sell
10611,35,99553.0,20,9,38.4,24.57,1,13,0.627,171,3.7,Mobile,Home,Neutral,Support,The customer described a slow or unsatisfactory support experience.,345.61,0,0.5311277777777778,Cross-sell
13020,64,47668.0,49,3,141.22,37.75,2,7,0.834,167,3.1,Email,Electronics,Neutral,Product Quality,The customer raised concerns about product quality and durability.,423.67,1,0.5311166666666668,Engagement reminder
16226,62,89060.0,42,3,121.24,10.53,2,9,0.641,153,3.3,Email,Electronics,Neutral,Delivery,The customer mentioned delayed delivery and tracking concerns.,363.73,0,0.5311055555555555,Engagement reminder
13183,44,77834.0,31,5,107.75,27.5,2,5,0.594,169,4.5,Web,Home,Positive,Delivery,The customer mentioned delayed delivery and tracking concerns.,538.77,1,0.5310611111111112,Engagement reminder
10487,32,75800.0,14,4,75.55,8.19,0,8,0.515,170,3.5,Web,Sports,Neutral,Support,The customer described a slow or unsatisfactory support experience.,302.21,1,0.5310277777777778,Engagement reminder
16190,34,51208.0,3,6,54.59,5.87,3,5,0.715,137,2.7,Store,Home,Neutral,Product Quality,The customer raised concerns about product quality and durability.,327.56,1,0.5310277777777778,Cross-sell
11565,51,63286.0,6,3,107.81,4.81,2,10,0.74,172,3.9,Store,Electronics,Neutral,Product Quality,The customer raised concerns about product quality and durability.,323.42,0,0.5310277777777778,Engagement reminder
13584,59,37480.0,33,8,74.68,36.86,1,15,0.422,139,2.9,Email,Home,Neutral,Product Quality,The customer raised concerns about product quality and durability.,597.45,1,0.5310166666666668,Cross-sell
14365,18,89178.0,53,7,161.9,30.91,0,10,0.597,174,3.3,Email,Sports,Neutral,Product Quality,The customer raised concerns about product quality and durability.,1133.29,0,0.5310166666666667,Cross-sell
16697,26,72578.0,58,9,63.82,14.73,2,10,0.743,179,4.3,Web,Beauty,Positive,Availability,The customer mentioned stock availability and product access.,574.35,0,0.5309833333333334,Cross-sell
11511,66,77142.0,62,5,32.34,19.19,2,8,0.473,153,4.2,Web,Beauty,Positive,Features,The customer discussed missing features and requested improvements.,161.71,1,0.5309555555555556,Engagement reminder
10665,61,118462.0,68,5,115.98,26.68,4,8,0.978,165,3.7,Email,Sports,Neutral,Support,The customer described a slow or unsatisfactory support experience.,579.91,0,0.5309277777777778,Engagement reminder
17098,68,68849.0,64,4,76.03,37.48,1,8,0.476,159,3.8,Web,Sports,Neutral,Product Quality,The customer raised concerns about product quality and durability.,304.12,1,0.5309111111111111,Engagement reminder
17025,54,56511.0,9,4,109.16,29.12,0,11,0.642,178,3.3,Web,Sports,Neutral,Support,The customer described a slow or unsatisfactory support experience.,436.62,1,0.5309055555555556,Engagement reminder
13997,50,54435.0,51,5,82.85,9.82,5,14,0.658,122,3.6,Web,Home,Neutral,Returns,"The customer asked about returns, refunds, or the return process.",414.25,0,0.5309,Engagement reminder
13446,45,64636.0,50,3,143.27,21.94,2,9,0.493,148,3.8,Email,Beauty,Neutral,Price,The customer said the price was high and asked for a better offer.,429.81,0,0.5308444444444445,Engagement reminder
11321,52,53680.0,25,6,43.03,28.44,3,6,0.391,128,3.9,Email,Beauty,Neutral,Price,The customer said the price was high and asked for a better offer.,258.18,0,0.5308277777777778,Cross-sell
14669,36,90958.0,20,5,99.78,5.17,0,11,0.357,154,3.4,Mobile,Electronics,Neutral,Availability,The customer mentioned stock availability and product access.,498.92,0,0.5308222222222223,Engagement reminder
10594,30,65771.0,72,8,126.77,1.41,1,12,0.41,153,3.8,Mobile,Home,Neutral,Availability,The customer mentioned stock availability and product access.,1014.18,0,0.5307777777777779,Cross-sell
13032,32,79853.0,31,6,133.31,38.45,4,8,0.506,141,4.8,Web,Apparel,Positive,Product Quality,The customer raised concerns about product quality and durability.,799.87,0,0.5307444444444445,Cross-sell
10991,50,24147.0,72,5,85.17,37.23,2,8,0.756,175,4.0,Email,Apparel,Neutral,Support,The customer described a slow or unsatisfactory support experience.,425.86,1,0.5307444444444445,Engagement reminder
10766,56,86271.0,35,3,109.59,6.19,2,8,0.495,165,4.8,Email,Apparel,Positive,Delivery,The customer mentioned delayed delivery and tracking concerns.,328.76,0,0.5307222222222223,Engagement reminder
13379,55,88214.0,38,7,101.22,0.69,2,10,0.536,140,3.1,Email,Electronics,Neutral,Support,The customer described a slow or unsatisfactory support experience.,708.57,0,0.5307166666666667,Cross-sell
17911,20,90834.0,42,9,83.54,26.0,3,14,0.443,136,4.1,Email,Electronics,Positive,Support,The customer described a slow or unsatisfactory support experience.,751.84,1,0.5307055555555555,Cross-sell
10565,66,51183.0,21,4,93.58,15.14,2,13,0.671,169,4.1,Mobile,Beauty,Positive,Product Quality,The customer raised concerns about product quality and durability.,374.3,0,0.5306611111111111,Engagement reminder
12911,28,67509.0,26,8,113.86,11.01,2,7,0.428,137,3.5,Mobile,Apparel,Neutral,Price,The customer said the price was high and asked for a better offer.,910.91,0,0.53065,Cross-sell
10067,53,29451.0,28,4,49.19,22.22,1,8,0.592,171,3.9,Email,Electronics,Neutral,Delivery,The customer mentioned delayed delivery and tracking concerns.,196.76,0,0.5306277777777778,Engagement reminder
16271,32,47341.0,70,4,104.25,3.23,0,10,0.683,163,2.2,Mobile,Electronics,Negative,Product Quality,The customer raised concerns about product quality and durability.,416.99,0,0.5306222222222222,Engagement reminder
11972,34,61392.0,39,7,119.66,39.33,1,12,0.599,148,2.5,Mobile,Sports,Negative,Price,The customer said the price was high and asked for a better offer.,837.61,0,0.5306166666666667,Cross-sell
16447,57,91598.0,30,4,129.98,36.13,0,10,0.281,169,4.7,Store,Home,Positive,Price,The customer said the price was high and asked for a better offer.,519.91,1,0.5306055555555556,Engagement reminder
10708,44,99101.0,37,10,51.6,39.31,0,12,0.472,171,3.8,Web,Electronics,Neutral,Product Quality,The customer raised concerns about product quality and durability.,516.05,1,0.5306000000000001,Cross-sell
17547,32,111090.0,70,3,127.92,34.47,1,13,0.311,144,3.8,Mobile,Beauty,Neutral,Features,The customer discussed missing features and requested improvements.,383.77,0,0.5305777777777779,Engagement reminder
12895,39,18844.0,49,3,68.67,0.16,3,12,0.559,143,3.9,Web,Beauty,Neutral,Delivery,The customer mentioned delayed delivery and tracking concerns.,206.0,0,0.530561111111111,Engagement reminder
16605,66,60513.0,50,6,101.45,23.43,0,6,0.614,177,3.4,Mobile,Home,Neutral,Availability,The customer mentioned stock availability and product access.,608.71,0,0.5305333333333333,Cross-sell
10990,60,95703.0,64,4,82.42,14.23,1,12,0.537,166,3.9,Web,Electronics,Neutral,Price,The customer said the price was high and asked for a better offer.,329.67,0,0.5305166666666667,Engagement reminder
17856,23,66344.0,55,4,153.3,16.17,2,9,0.837,167,3.1,Mobile,Electronics,Neutral,Returns,"The customer asked about returns, refunds, or the return process.",613.21,0,0.5305166666666667,Engagement reminder
12500,38,82626.0,64,6,70.42,1.12,4,14,0.661,143,4.1,Web,Electronics,Positive,Price,The customer said the price was high and asked for a better offer.,422.51,0,0.5304388888888889,Cross-sell
14779,67,69105.0,9,6,72.89,6.04,0,6,0.283,164,4.4,Mobile,Home,Positive,Support,The customer described a slow or unsatisfactory support experience.,437.34,0,0.5303444444444445,Cross-sell
11802,52,53217.0,26,9,107.68,9.22,3,11,0.908,176,4.0,Store,Electronics,Positive,Delivery,The customer mentioned delayed delivery and tracking concerns.,969.13,0,0.5303444444444444,Cross-sell
13969,64,58144.0,25,7,85.33,35.13,0,10,0.629,158,2.2,Mobile,Sports,Negative,Product Quality,The customer raised concerns about product quality and durability.,597.28,0,0.5303111111111112,Cross-sell
16465,23,27372.0,39,9,140.46,31.76,1,11,0.58,163,3.5,Web,Beauty,Neutral,Support,The customer described a slow or unsatisfactory support experience.,1264.15,0,0.53025,Cross-sell
17335,18,92448.0,49,5,110.4,14.44,0,7,0.692,167,2.4,Mobile,Apparel,Negative,Delivery,The customer mentioned delayed delivery and tracking concerns.,552.01,0,0.5302111111111112,Engagement reminder
15407,52,69524.0,60,8,76.12,37.38,1,10,0.59,174,4.1,Email,Electronics,Positive,Product Quality,The customer raised concerns about product quality and durability.,608.94,1,0.5301944444444445,Cross-sell
12554,32,61916.0,58,6,57.92,20.57,1,12,0.581,158,3.2,Mobile,Apparel,Neutral,Returns,"The customer asked about returns, refunds, or the return process.",347.51,0,0.5301888888888889,Cross-sell
17505,32,75813.0,38,7,50.98,27.1,1,11,0.238,144,4.2,Web,Sports,Positive,Delivery,The customer mentioned delayed delivery and tracking concerns.,356.83,0,0.5301777777777779,Cross-sell
16072,28,92815.0,7,9,88.03,5.34,2,12,0.761,160,3.1,Email,Electronics,Neutral,Availability,The customer mentioned stock availability and product access.,792.23,1,0.5301611111111111,Cross-sell
12991,28,94643.0,26,8,93.85,37.38,1,12,0.742,164,2.7,Store,Sports,Neutral,Support,The customer described a slow or unsatisfactory support experience.,750.83,0,0.5300722222222223,Cross-sell
13331,23,73223.0,14,4,48.69,31.51,1,6,0.497,147,3.0,Store,Apparel,Neutral,Features,The customer discussed missing features and requested improvements.,194.76,1,0.5300444444444444,Engagement reminder
17609,19,54066.0,32,3,119.43,15.32,2,11,0.604,161,4.0,Store,Beauty,Neutral,Features,The customer discussed missing features and requested improvements.,358.3,1,0.5300333333333334,Engagement reminder
16755,29,83340.0,32,7,167.72,15.4,2,5,0.745,172,3.9,Email,Home,Neutral,Availability,The customer mentioned stock availability and product access.,1174.03,0,0.5300277777777778,Cross-sell
16837,53,96932.0,40,8,76.08,30.65,1,8,0.643,177,4.0,Mobile,Home,Neutral,Product Quality,The customer raised concerns about product quality and durability.,608.61,0,0.5300111111111111,Cross-sell
15620,67,78378.0,20,6,96.12,34.33,2,10,0.589,163,4.2,Store,Apparel,Positive,Features,The customer discussed missing features and requested improvements.,576.71,0,0.5299777777777778,Cross-sell
16174,48,77270.0,22,6,59.63,0.68,1,12,0.546,175,4.4,Web,Sports,Positive,Availability,The customer mentioned stock availability and product access.,357.8,1,0.5299666666666667,Cross-sell
11869,50,51880.0,16,6,81.08,36.39,2,16,0.519,155,4.1,Email,Beauty,Positive,Price,The customer said the price was high and asked for a better offer.,486.46,0,0.52995,Cross-sell
10225,48,70515.0,27,4,96.67,12.35,2,8,0.669,155,3.3,Web,Electronics,Neutral,Product Quality,The customer raised concerns about product quality and durability.,386.67,1,0.52995,Engagement reminder
17420,40,46333.0,62,8,111.62,31.91,1,8,0.526,158,3.5,Mobile,Apparel,Neutral,Price,The customer said the price was high and asked for a better offer.,892.95,0,0.529938888888889,Cross-sell
10531,29,76618.0,57,4,89.61,2.42,4,9,0.392,127,4.6,Web,Sports,Positive,Returns,"The customer asked about returns, refunds, or the return process.",358.42,1,0.5299333333333334,Engagement reminder
16398,19,75505.0,15,6,91.82,3.97,1,5,0.772,170,2.9,Mobile,Electronics,Neutral,Features,The customer discussed missing features and requested improvements.,550.92,1,0.5299055555555555,Cross-sell
12787,23,75985.0,28,10,95.8,28.12,0,9,0.554,173,3.5,Email,Home,Neutral,Support,The customer described a slow or unsatisfactory support experience.,958.0,0,0.5298944444444444,Cross-sell
11259,65,56548.0,48,7,89.73,6.08,4,10,0.502,120,3.6,Web,Electronics,Neutral,Returns,"The customer asked about returns, refunds, or the return process.",628.08,1,0.5298777777777778,Cross-sell
11594,64,59823.0,26,4,78.04,33.56,2,8,0.484,167,5.0,Store,Apparel,Positive,Returns,"The customer asked about returns, refunds, or the return process.",312.14,1,0.5298666666666667,Engagement reminder
12190,27,50033.0,32,5,81.76,31.61,0,5,0.659,174,3.0,Mobile,Apparel,Neutral,Product Quality,The customer raised concerns about product quality and durability.,408.79,0,0.5298666666666667,Engagement reminder
15126,48,87341.0,7,9,48.48,39.69,3,9,0.507,138,3.9,Email,Electronics,Neutral,Availability,The customer mentioned stock availability and product access.,436.33,0,0.52985,Cross-sell
15773,65,63968.0,51,5,108.01,26.46,3,11,0.563,143,3.9,Mobile,Electronics,Neutral,Price,The customer said the price was high and asked for a better offer.,540.04,1,0.5297611111111111,Engagement reminder
17611,51,61107.0,10,6,116.5,31.21,0,5,0.622,179,3.5,Email,Apparel,Neutral,Product Quality,The customer raised concerns about product quality and durability.,699.01,0,0.5296277777777778,Cross-sell
13056,18,67988.0,71,3,108.19,1.45,2,6,0.836,180,3.9,Store,Apparel,Neutral,Delivery,The customer mentioned delayed delivery and tracking concerns.,324.57,0,0.5296055555555556,Engagement reminder
10179,33,105577.0,1,4,94.08,20.44,4,10,0.607,131,3.7,Web,Sports,Neutral,Product Quality,The customer raised concerns about product quality and durability.,376.3,1,0.5295722222222222,Engagement reminder
10746,39,71761.0,59,7,54.08,25.91,1,6,0.423,157,4.0,Mobile,Sports,Neutral,Product Quality,The customer raised concerns about product quality and durability.,378.53,0,0.5295666666666667,Cross-sell
13204,65,88676.0,21,6,75.24,10.09,0,9,0.355,160,3.8,Web,Apparel,Neutral,Support,The customer described a slow or unsatisfactory support experience.,451.45,1,0.5295555555555556,Cross-sell
10790,62,74435.0,52,6,83.6,19.7,3,9,0.342,123,3.9,Email,Apparel,Neutral,Delivery,The customer mentioned delayed delivery and tracking concerns.,501.59,1,0.5295166666666666,Cross-sell
14764,63,74033.0,37,7,104.13,0.16,2,9,0.268,144,4.8,Email,Home,Positive,Support,The customer described a slow or unsatisfactory support experience.,728.91,0,0.5294555555555556,Cross-sell
16106,18,55096.0,29,4,99.77,16.14,3,11,0.643,145,3.6,Store,Home,Neutral,Support,The customer described a slow or unsatisfactory support experience.,399.07,0,0.5294555555555556,Engagement reminder
10705,66,69018.0,44,6,114.17,1.37,2,9,0.459,146,3.9,Mobile,Home,Neutral,Availability,The customer mentioned stock availability and product access.,684.99,0,0.52945,Cross-sell
12541,59,25629.0,45,5,154.57,11.31,2,14,0.55,139,3.0,Mobile,Sports,Neutral,Delivery,The customer mentioned delayed delivery and tracking concerns.,772.86,1,0.5294444444444444,Engagement reminder
13236,42,69138.0,39,5,117.26,35.1,2,7,0.773,154,2.7,Mobile,Home,Neutral,Delivery,The customer mentioned delayed delivery and tracking concerns.,586.32,0,0.5294277777777778,Engagement reminder
12501,54,39155.0,57,7,26.85,30.83,1,12,0.664,155,2.6,Web,Home,Neutral,Product Quality,The customer raised concerns about product quality and durability.,187.94,1,0.5294222222222222,Cross-sell
15570,27,78943.0,32,6,80.37,3.81,2,6,0.853,173,3.4,Store,Sports,Neutral,Support,The customer described a slow or unsatisfactory support experience.,482.19,0,0.5294000000000001,Cross-sell
17810,33,70384.0,16,7,66.54,34.27,1,10,0.435,158,4.0,Web,Home,Neutral,Delivery,The customer mentioned delayed delivery and tracking concerns.,465.76,1,0.5293888888888889,Cross-sell
11156,46,76500.0,58,11,82.04,0.7,2,11,0.551,161,4.3,Web,Home,Positive,Returns,"The customer asked about returns, refunds, or the return process.",902.45,1,0.5293833333333333,Cross-sell
13354,19,80082.0,8,7,41.73,13.2,1,15,0.52,142,2.6,Mobile,Sports,Neutral,Features,The customer discussed missing features and requested improvements.,292.14,0,0.5293333333333333,Cross-sell
10011,19,64812.0,22,4,71.47,8.79,0,4,0.573,166,3.0,Web,Electronics,Neutral,Returns,"The customer asked about returns, refunds, or the return process.",285.89,0,0.5292888888888889,Engagement reminder
17888,51,32369.0,7,4,69.63,21.76,0,12,0.405,161,3.6,Web,Beauty,Neutral,Availability,The customer mentioned stock availability and product access.,278.54,0,0.5292777777777778,Engagement reminder
17109,20,79825.0,42,6,108.07,23.49,1,13,0.594,179,4.4,Email,Electronics,Positive,Returns,"The customer asked about returns, refunds, or the return process.",648.44,1,0.5292555555555556,Cross-sell
10530,54,55369.0,29,4,99.3,28.61,3,10,0.729,156,3.8,Email,Electronics,Neutral,Features,The customer discussed missing features and requested improvements.,397.2,0,0.5292,Engagement reminder
14130,32,95665.0,69,9,70.3,4.5,2,9,0.561,150,3.6,Store,Electronics,Neutral,Support,The customer described a slow or unsatisfactory support experience.,632.66,1,0.5291888888888889,Cross-sell
15580,30,39771.0,50,5,71.9,6.14,5,10,0.952,146,3.5,Email,Electronics,Neutral,Price,The customer said the price was high and asked for a better offer.,359.5,0,0.5291833333333333,Engagement reminder
16869,38,86262.0,29,6,116.42,11.47,3,11,0.668,164,4.6,Web,Apparel,Positive,Availability,The customer mentioned stock availability and product access.,698.53,0,0.5291777777777777,Cross-sell
10196,31,88329.0,11,8,73.82,6.73,1,7,0.75,166,2.8,Store,Electronics,Neutral,Product Quality,The customer raised concerns about product quality and durability.,590.54,0,0.5291666666666667,Cross-sell
14625,51,79827.0,14,9,110.55,6.87,1,11,0.58,176,4.3,Web,Sports,Positive,Availability,The customer mentioned stock availability and product access.,994.97,0,0.5291388888888889,Cross-sell
15764,30,55901.0,43,5,83.4,3.92,3,9,0.462,137,4.1,Web,Electronics,Positive,Delivery,The customer mentioned delayed delivery and tracking concerns.,416.99,0,0.5291277777777779,Engagement reminder
10091,46,19392.0,10,7,100.07,31.72,1,9,0.219,130,3.5,Email,Sports,Neutral,Availability,The customer mentioned stock availability and product access.,700.48,1,0.5291166666666667,Cross-sell
12829,45,54011.0,46,7,70.11,33.8,2,11,0.51,169,5.0,Web,Home,Positive,Product Quality,The customer raised concerns about product quality and durability.,490.76,0,0.5291111111111111,Cross-sell
14021,50,84514.0,21,5,134.29,13.11,2,6,0.581,172,4.8,Web,Sports,Positive,Product Quality,The customer raised concerns about product quality and durability.,671.45,0,0.5290777777777778,Engagement reminder
15569,63,35274.0,52,8,108.81,9.8,3,6,0.42,118,3.2,Store,Home,Neutral,Delivery,The customer mentioned delayed delivery and tracking concerns.,870.45,0,0.5290555555555556,Cross-sell
13873,58,61690.0,37,2,75.83,15.19,1,11,0.734,178,3.6,Mobile,Electronics,Neutral,Delivery,The customer mentioned delayed delivery and tracking concerns.,151.67,1,0.5290333333333335,Engagement reminder
10309,66,66719.0,27,5,105.53,6.21,3,16,0.55,155,4.7,Mobile,Beauty,Positive,Delivery,The customer mentioned delayed delivery and tracking concerns.,527.65,0,0.5290277777777778,Engagement reminder
10044,35,51277.0,48,9,93.19,33.92,1,13,0.191,119,3.0,Store,Electronics,Neutral,Delivery,The customer mentioned delayed delivery and tracking concerns.,838.74,1,0.5290222222222222,Cross-sell
16524,23,75907.0,13,9,78.7,9.75,2,13,0.682,176,4.5,Web,Home,Positive,Availability,The customer mentioned stock availability and product access.,708.33,0,0.5290166666666667,Cross-sell
17896,55,56315.0,24,4,84.92,20.69,1,8,0.608,170,3.8,Mobile,Sports,Neutral,Price,The customer said the price was high and asked for a better offer.,339.66,0,0.5289555555555556,Engagement reminder
13158,55,53868.0,60,9,100.49,31.29,1,9,0.431,149,3.5,Email,Electronics,Neutral,Price,The customer said the price was high and asked for a better offer.,904.45,1,0.528938888888889,Cross-sell
17198,22,70141.0,40,7,143.98,4.55,4,8,0.304,95,3.2,Mobile,Beauty,Neutral,Support,The customer described a slow or unsatisfactory support experience.,1007.86,0,0.5289222222222222,Cross-sell
15589,57,31558.0,52,3,50.76,33.7,0,12,0.691,168,2.5,Email,Apparel,Negative,Delivery,The customer mentioned delayed delivery and tracking concerns.,152.29,0,0.5288833333333334,Engagement reminder
12928,44,39322.0,60,5,104.62,7.69,2,10,0.539,131,2.6,Mobile,Electronics,Neutral,Price,The customer said the price was high and asked for a better offer.,523.12,0,0.5288666666666667,Engagement reminder
16655,61,95104.0,41,8,65.53,24.17,1,6,0.344,131,2.9,Web,Sports,Neutral,Support,The customer described a slow or unsatisfactory support experience.,524.25,0,0.5288388888888889,Cross-sell
11241,33,43255.0,44,2,106.39,37.49,3,16,0.892,157,3.0,Email,Electronics,Neutral,Features,The customer discussed missing features and requested improvements.,212.78,1,0.5288222222222222,Engagement reminder
15750,68,90071.0,2,5,112.28,34.3,2,10,0.408,131,3.3,Web,Electronics,Neutral,Price,The customer said the price was high and asked for a better offer.,561.39,0,0.5288166666666667,Engagement reminder
14008,22,34105.0,58,4,112.12,29.04,2,8,0.849,169,3.2,Web,Apparel,Neutral,Product Quality,The customer raised concerns about product quality and durability.,448.47,0,0.5288111111111111,Engagement reminder
14849,68,61989.0,7,9,145.63,27.17,3,8,0.45,129,3.7,Mobile,Electronics,Neutral,Returns,"The customer asked about returns, refunds, or the return process.",1310.64,0,0.5287499999999999,Cross-sell
11362,68,71941.0,22,6,123.84,35.55,1,5,0.462,150,3.4,Web,Electronics,Neutral,Delivery,The customer mentioned delayed delivery and tracking concerns.,743.02,0,0.5287111111111111,Cross-sell
13165,22,87796.0,38,7,143.39,39.03,1,4,0.578,179,4.5,Mobile,Sports,Positive,Product Quality,The customer raised concerns about product quality and durability.,1003.73,1,0.5287055555555557,Cross-sell
14973,64,74335.0,7,2,129.85,38.39,1,11,0.558,162,3.6,Web,Beauty,Neutral,Features,The customer discussed missing features and requested improvements.,259.7,0,0.5286777777777778,Engagement reminder
10588,49,47476.0,39,7,94.33,38.98,3,12,0.465,132,3.8,Mobile,Home,Neutral,Price,The customer said the price was high and asked for a better offer.,660.33,0,0.5286666666666666,Cross-sell
12205,25,55800.0,3,2,67.77,25.29,0,10,0.393,163,3.8,Mobile,Apparel,Neutral,Returns,"The customer asked about returns, refunds, or the return process.",135.53,0,0.5286222222222222,Engagement reminder
16352,66,45022.0,3,7,107.41,21.54,4,10,0.562,113,2.9,Web,Apparel,Neutral,Delivery,The customer mentioned delayed delivery and tracking concerns.,751.84,0,0.5285722222222222,Cross-sell
15468,41,76745.0,32,7,44.59,33.42,1,6,0.669,177,3.9,Mobile,Apparel,Neutral,Delivery,The customer mentioned delayed delivery and tracking concerns.,312.12,0,0.528561111111111,Cross-sell
10269,43,28000.0,16,8,111.74,3.68,1,10,0.547,166,3.9,Email,Electronics,Neutral,Price,The customer said the price was high and asked for a better offer.,893.9,0,0.5285166666666667,Cross-sell
13095,53,53668.0,42,7,63.9,28.53,2,8,0.513,142,3.4,Store,Home,Neutral,Product Quality,The customer raised concerns about product quality and durability.,447.31,0,0.5285111111111112,Cross-sell
16088,42,64839.0,41,4,74.14,29.11,3,12,0.915,169,3.6,Mobile,Apparel,Neutral,Product Quality,The customer raised concerns about product quality and durability.,296.58,0,0.5283888888888889,Engagement reminder
16197,52,34535.0,25,3,128.43,28.05,1,7,0.641,171,3.7,Mobile,Sports,Neutral,Price,The customer said the price was high and asked for a better offer.,385.29,1,0.5283277777777777,Engagement reminder
11542,26,40652.0,63,9,82.06,23.07,3,13,0.671,147,3.6,Web,Apparel,Neutral,Price,The customer said the price was high and asked for a better offer.,738.58,0,0.5283,Cross-sell
13312,64,74076.0,56,9,71.4,2.97,3,11,0.662,158,4.3,Web,Sports,Positive,Product Quality,The customer raised concerns about product quality and durability.,642.56,0,0.5282944444444445,Cross-sell
15326,46,75432.0,45,3,123.83,39.82,1,8,0.451,164,4.3,Web,Sports,Positive,Delivery,The customer mentioned delayed delivery and tracking concerns.,371.5,0,0.5282722222222223,Engagement reminder
14615,18,56332.0,30,6,82.11,24.16,1,15,0.749,179,3.6,Web,Electronics,Neutral,Delivery,The customer mentioned delayed delivery and tracking concerns.,492.65,1,0.5282555555555556,Cross-sell
17972,35,71526.0,21,7,92.01,39.53,2,11,0.388,134,3.6,Email,Sports,Neutral,Support,The customer described a slow or unsatisfactory support experience.,644.08,0,0.5282333333333334,Cross-sell
10373,68,94938.0,13,4,70.8,34.4,3,10,0.452,107,2.4,Email,Apparel,Negative,Support,The customer described a slow or unsatisfactory support experience.,283.21,0,0.5282111111111112,Engagement reminder
15767,26,69179.0,6,9,137.91,15.04,2,11,0.498,154,4.2,Mobile,Beauty,Positive,Delivery,The customer mentioned delayed delivery and tracking concerns.,1241.17,0,0.5281777777777777,Cross-sell
15463,25,64259.0,17,4,130.46,28.88,0,10,0.489,163,3.3,Email,Home,Neutral,Price,The customer said the price was high and asked for a better offer.,521.83,1,0.5281722222222223,Engagement reminder
12623,23,64359.0,72,6,107.45,5.16,0,10,0.578,171,3.3,Store,Apparel,Neutral,Delivery,The customer mentioned delayed delivery and tracking concerns.,644.72,0,0.52815,Cross-sell
10926,43,82795.0,36,9,118.8,2.28,1,7,0.347,136,3.2,Store,Home,Neutral,Support,The customer described a slow or unsatisfactory support experience.,1069.24,0,0.5281,Cross-sell
17894,62,69993.0,59,5,48.3,11.8,2,10,0.627,174,4.7,Email,Sports,Positive,Features,The customer discussed missing features and requested improvements.,241.48,0,0.5280722222222223,Engagement reminder
11064,24,102303.0,49,4,111.54,21.1,4,14,0.798,134,2.9,Email,Beauty,Neutral,Price,The customer said the price was high and asked for a better offer.,446.17,0,0.528038888888889,Engagement reminder
17337,45,83038.0,30,6,128.5,16.02,2,13,0.603,160,4.0,Email,Apparel,Neutral,Product Quality,The customer raised concerns about product quality and durability.,770.98,0,0.5280111111111111,Cross-sell
15255,33,78691.0,34,5,95.94,19.39,0,9,0.335,171,4.6,Web,Electronics,Positive,Returns,"The customer asked about returns, refunds, or the return process.",479.7,0,0.528,Engagement reminder
14044,59,75251.0,63,8,78.53,20.1,1,5,0.474,171,4.6,Web,Beauty,Positive,Support,The customer described a slow or unsatisfactory support experience.,628.25,0,0.5279777777777778,Cross-sell
17227,28,55807.0,14,9,98.0,35.73,0,11,0.613,169,3.0,Web,Sports,Neutral,Delivery,The customer mentioned delayed delivery and tracking concerns.,882.0,0,0.5279555555555556,Cross-sell
14703,48,55690.0,20,7,121.11,11.49,1,8,0.666,168,3.4,Mobile,Beauty,Neutral,Price,The customer said the price was high and asked for a better offer.,847.76,0,0.5279111111111112,Cross-sell
14824,60,48129.0,11,3,89.67,12.28,2,9,0.348,137,4.0,Store,Sports,Positive,Features,The customer discussed missing features and requested improvements.,269.02,1,0.5279,Engagement reminder
11132,27,63078.0,40,8,74.96,13.87,1,7,0.512,144,2.8,Web,Home,Neutral,Returns,"The customer asked about returns, refunds, or the return process.",599.66,1,0.5278777777777779,Cross-sell
10203,62,106068.0,32,7,113.82,13.48,2,8,0.64,170,4.4,Email,Beauty,Positive,Price,The customer said the price was high and asked for a better offer.,796.75,0,0.5278333333333333,Cross-sell
15192,67,82161.0,42,6,111.63,36.39,0,14,0.347,145,3.0,Web,Apparel,Neutral,Features,The customer discussed missing features and requested improvements.,669.81,1,0.5278222222222222,Cross-sell
15722,21,94049.0,17,7,69.21,17.71,2,13,0.779,169,3.6,Email,Sports,Neutral,Price,The customer said the price was high and asked for a better offer.,484.47,0,0.5278111111111111,Cross-sell
17159,24,94964.0,41,5,93.71,28.15,2,9,0.72,162,3.5,Email,Home,Neutral,Delivery,The customer mentioned delayed delivery and tracking concerns.,468.57,0,0.5278055555555555,Engagement reminder
17513,33,66663.0,51,7,71.04,37.87,2,13,0.698,160,3.5,Store,Electronics,Neutral,Delivery,The customer mentioned delayed delivery and tracking concerns.,497.28,0,0.5277611111111111,Cross-sell
14386,21,82730.0,10,12,79.59,32.91,1,8,0.539,170,4.2,Email,Electronics,Positive,Delivery,The customer mentioned delayed delivery and tracking concerns.,955.11,1,0.5277555555555555,Cross-sell
14581,69,45213.0,59,5,75.53,33.48,4,10,0.903,145,3.0,Web,Electronics,Neutral,Returns,"The customer asked about returns, refunds, or the return process.",377.66,0,0.5277333333333333,Engagement reminder
12789,31,65039.0,13,7,112.31,18.44,1,12,0.199,109,2.4,Web,Home,Negative,Product Quality,The customer raised concerns about product quality and durability.,786.18,0,0.5277000000000001,Cross-sell
14472,21,70865.0,43,5,68.55,39.44,3,15,0.331,106,3.0,Web,Home,Neutral,Price,The customer said the price was high and asked for a better offer.,342.76,0,0.5276888888888889,Engagement reminder
14065,40,77050.0,31,8,81.38,15.24,1,5,0.357,135,3.1,Web,Beauty,Neutral,Product Quality,The customer raised concerns about product quality and durability.,651.07,0,0.5276277777777779,Cross-sell
14916,41,66575.0,37,7,73.54,21.44,2,11,0.41,134,3.5,Mobile,Apparel,Neutral,Delivery,The customer mentioned delayed delivery and tracking concerns.,514.76,0,0.5275833333333334,Cross-sell
11564,61,67281.0,10,6,83.47,17.35,2,11,0.64,180,5.0,Web,Sports,Positive,Price,The customer said the price was high and asked for a better offer.,500.83,0,0.5275555555555556,Cross-sell
15180,38,90255.0,34,5,92.48,10.18,1,9,0.681,154,2.5,Web,Beauty,Negative,Price,The customer said the price was high and asked for a better offer.,462.38,0,0.52755,Engagement reminder
10460,60,70580.0,52,6,96.63,22.96,2,9,0.686,147,2.8,Email,Apparel,Neutral,Support,The customer described a slow or unsatisfactory support experience.,579.75,0,0.5275222222222222,Cross-sell
13102,25,117171.0,43,6,110.18,29.16,0,12,0.549,163,3.0,Mobile,Beauty,Neutral,Availability,The customer mentioned stock availability and product access.,661.07,0,0.5274222222222222,Cross-sell
15111,33,69344.0,52,7,99.53,18.06,5,14,0.706,118,3.2,Web,Apparel,Neutral,Features,The customer discussed missing features and requested improvements.,696.72,0,0.5274111111111112,Cross-sell
12596,57,89113.0,2,7,78.92,37.08,1,5,0.777,171,3.0,Email,Apparel,Neutral,Returns,"The customer asked about returns, refunds, or the return process.",552.43,0,0.5273777777777777,Cross-sell
13997,64,76920.0,72,4,130.93,31.38,1,10,0.632,163,3.3,Store,Beauty,Neutral,Support,The customer described a slow or unsatisfactory support experience.,523.73,0,0.52735,Engagement reminder
17872,62,44019.0,46,1,162.68,27.36,2,11,0.755,170,3.8,Mobile,Sports,Neutral,Price,The customer said the price was high and asked for a better offer.,162.68,1,0.5273333333333333,Engagement reminder
17527,35,30088.0,71,5,83.97,2.74,1,10,0.562,155,3.2,Store,Sports,Neutral,Price,The customer said the price was high and asked for a better offer.,419.87,0,0.5273222222222222,Engagement reminder
13009,48,66488.0,38,6,125.71,4.9,2,9,0.653,176,4.7,Store,Beauty,Positive,Price,The customer said the price was high and asked for a better offer.,754.27,0,0.5273166666666667,Cross-sell
12625,34,78251.0,39,8,130.18,34.02,2,15,0.758,177,4.2,Web,Beauty,Positive,Support,The customer described a slow or unsatisfactory support experience.,1041.47,0,0.5272888888888889,Cross-sell
12960,66,38978.0,37,3,77.01,24.29,3,8,0.715,137,2.8,Mobile,Home,Neutral,Product Quality,The customer raised concerns about product quality and durability.,231.02,1,0.5272777777777777,Engagement reminder
11264,31,83729.0,31,4,75.56,34.82,2,12,0.665,172,4.4,Web,Apparel,Positive,Product Quality,The customer raised concerns about product quality and durability.,302.26,1,0.5272777777777777,Engagement reminder
12108,38,76596.0,55,4,79.47,2.32,2,6,0.472,158,4.6,Web,Beauty,Positive,Returns,"The customer asked about returns, refunds, or the return process.",317.89,0,0.5272666666666668,Engagement reminder
13265,40,68043.0,6,3,104.98,17.77,1,9,0.572,166,3.8,Store,Beauty,Neutral,Product Quality,The customer raised concerns about product quality and durability.,314.93,1,0.5272666666666668,Engagement reminder
12575,47,67334.0,17,3,70.46,2.22,2,7,0.293,125,3.6,Mobile,Sports,Neutral,Price,The customer said the price was high and asked for a better offer.,211.39,1,0.5272333333333334,Engagement reminder
14850,28,57132.0,1,4,120.37,26.13,1,14,0.668,178,4.0,Mobile,Sports,Positive,Returns,"The customer asked about returns, refunds, or the return process.",481.49,1,0.5272333333333334,Engagement reminder
17006,63,34440.0,66,7,101.95,16.39,1,9,0.923,179,2.7,Email,Apparel,Neutral,Support,The customer described a slow or unsatisfactory support experience.,713.64,0,0.5272055555555555,Cross-sell
16887,50,84073.0,11,3,59.37,24.63,4,8,0.651,144,4.3,Web,Beauty,Positive,Availability,The customer mentioned stock availability and product access.,178.11,1,0.5271611111111112,Engagement reminder
15972,64,56709.0,59,6,105.71,0.36,2,12,0.561,117,1.7,Email,Beauty,Negative,Price,The customer said the price was high and asked for a better offer.,634.28,0,0.5271055555555556,Cross-sell
10461,56,48014.0,70,9,112.3,21.17,2,7,0.361,126,3.3,Store,Sports,Neutral,Price,The customer said the price was high and asked for a better offer.,1010.66,0,0.5271055555555555,Cross-sell
15265,40,61519.0,14,6,74.31,30.0,1,7,0.763,178,3.5,Email,Home,Neutral,Product Quality,The customer raised concerns about product quality and durability.,445.85,0,0.5269833333333334,Cross-sell
11470,55,64522.0,8,5,116.09,9.92,2,14,0.696,151,3.0,Mobile,Apparel,Neutral,Availability,The customer mentioned stock availability and product access.,580.46,0,0.5269111111111112,Engagement reminder
10950,52,74468.0,4,4,117.78,7.42,1,10,0.653,163,3.2,Mobile,Beauty,Neutral,Product Quality,The customer raised concerns about product quality and durability.,471.13,1,0.5269,Engagement reminder
16862,51,49501.0,15,10,47.57,12.95,2,9,0.576,152,3.7,Web,Beauty,Neutral,Features,The customer discussed missing features and requested improvements.,475.67,0,0.5268833333333333,Cross-sell
10832,52,82132.0,38,3,81.43,34.83,2,10,0.236,118,3.5,Web,Electronics,Neutral,Returns,"The customer asked about returns, refunds, or the return process.",244.3,0,0.5268277777777779,Engagement reminder
11598,64,58955.0,69,5,108.43,30.82,1,7,0.571,164,3.7,Email,Apparel,Neutral,Support,The customer described a slow or unsatisfactory support experience.,542.13,0,0.5267722222222222,Engagement reminder
16785,51,78737.0,56,5,76.48,36.8,1,12,0.551,147,2.8,Mobile,Sports,Neutral,Returns,"The customer asked about returns, refunds, or the return process.",382.4,0,0.5267444444444445,Engagement reminder
16708,49,55796.0,37,3,92.39,15.27,1,15,0.599,180,4.5,Web,Home,Positive,Delivery,The customer mentioned delayed delivery and tracking concerns.,277.18,0,0.5267277777777779,Engagement reminder
11511,35,71013.0,58,7,68.04,25.45,0,9,0.543,179,4.0,Email,Sports,Positive,Features,The customer discussed missing features and requested improvements.,476.3,1,0.5266777777777778,Cross-sell
16386,27,58978.0,44,6,111.54,31.31,3,9,0.359,130,4.3,Email,Sports,Positive,Features,The customer discussed missing features and requested improvements.,669.27,1,0.5266722222222222,Cross-sell
17669,37,61670.0,2,5,46.12,9.53,3,11,0.58,160,4.9,Email,Sports,Positive,Support,The customer described a slow or unsatisfactory support experience.,230.61,1,0.526638888888889,Engagement reminder
14647,37,53337.0,26,6,55.58,25.16,1,6,0.453,155,3.8,Web,Apparel,Neutral,Price,The customer said the price was high and asked for a better offer.,333.5,0,0.5266222222222223,Cross-sell
16596,68,67070.0,35,6,59.53,9.06,2,11,0.313,140,4.4,Store,Apparel,Positive,Returns,"The customer asked about returns, refunds, or the return process.",357.16,0,0.5265666666666666,Cross-sell
10135,29,68455.0,28,6,130.11,39.72,2,7,0.513,131,2.8,Email,Beauty,Neutral,Availability,The customer mentioned stock availability and product access.,780.64,0,0.5265666666666666,Cross-sell
10300,40,65386.0,57,4,26.38,2.92,2,9,0.754,178,4.3,Mobile,Apparel,Positive,Availability,The customer mentioned stock availability and product access.,105.54,0,0.5265611111111111,Engagement reminder
10142,22,48541.0,17,4,88.39,38.09,2,14,0.416,156,4.8,Web,Sports,Positive,Features,The customer discussed missing features and requested improvements.,353.56,1,0.5265222222222223,Engagement reminder
11779,30,45772.0,59,4,115.51,24.66,3,12,0.798,161,3.8,Mobile,Apparel,Neutral,Price,The customer said the price was high and asked for a better offer.,462.04,0,0.5265111111111112,Engagement reminder
16797,67,43330.0,9,6,117.23,23.75,0,11,0.514,151,2.5,Email,Home,Neutral,Support,The customer described a slow or unsatisfactory support experience.,703.41,0,0.5265055555555556,Cross-sell
12660,60,67820.0,35,6,129.95,24.5,4,13,0.54,105,2.6,Mobile,Apparel,Neutral,Product Quality,The customer raised concerns about product quality and durability.,779.7,0,0.5264444444444444,Cross-sell
16718,39,64992.0,39,1,88.19,15.96,3,9,0.661,152,4.0,Store,Sports,Neutral,Product Quality,The customer raised concerns about product quality and durability.,88.19,1,0.526411111111111,Engagement reminder
13337,37,50067.0,21,4,87.53,5.16,3,13,0.427,136,4.3,Store,Home,Positive,Delivery,The customer mentioned delayed delivery and tracking concerns.,350.13,0,0.5264055555555556,Engagement reminder
13165,68,64832.0,72,4,91.73,30.31,2,7,0.739,158,3.2,Web,Beauty,Neutral,Returns,"The customer asked about returns, refunds, or the return process.",366.9,1,0.5263666666666668,Engagement reminder
12455,21,85526.0,34,6,79.45,17.13,1,11,0.503,156,3.6,Mobile,Home,Neutral,Features,The customer discussed missing features and requested improvements.,476.69,0,0.5263444444444445,Cross-sell
14079,54,81429.0,56,4,136.5,27.06,1,15,0.376,153,4.1,Web,Electronics,Positive,Price,The customer said the price was high and asked for a better offer.,546.0,1,0.5263277777777778,Engagement reminder
13990,35,47013.0,1,6,58.66,15.71,3,6,0.383,132,4.3,Store,Home,Positive,Support,The customer described a slow or unsatisfactory support experience.,351.98,1,0.5263166666666667,Cross-sell
10053,31,36373.0,31,4,91.25,30.43,0,6,0.581,162,2.8,Web,Sports,Neutral,Features,The customer discussed missing features and requested improvements.,364.99,1,0.5263000000000001,Engagement reminder
17155,36,93493.0,28,8,107.32,11.3,3,12,0.763,178,5.0,Web,Home,Positive,Delivery,The customer mentioned delayed delivery and tracking concerns.,858.59,1,0.5262888888888889,Cross-sell
13355,35,86076.0,69,4,120.17,36.95,1,4,0.554,169,4.1,Mobile,Sports,Positive,Availability,The customer mentioned stock availability and product access.,480.69,1,0.5262833333333334,Engagement reminder
16890,32,66256.0,67,5,118.87,17.11,1,8,0.286,155,4.7,Email,Electronics,Positive,Price,The customer said the price was high and asked for a better offer.,594.34,0,0.5262722222222223,Engagement reminder
16692,45,66077.0,52,3,72.57,28.98,3,7,0.623,162,4.8,Store,Electronics,Positive,Features,The customer discussed missing features and requested improvements.,217.72,1,0.5262333333333333,Engagement reminder
17254,54,61107.0,71,4,93.0,19.84,1,9,0.71,156,2.5,Web,Beauty,Negative,Returns,"The customer asked about returns, refunds, or the return process.",372.0,0,0.5261944444444444,Engagement reminder
15619,51,97939.0,23,6,92.57,0.62,1,6,0.501,176,4.8,Email,Sports,Positive,Delivery,The customer mentioned delayed delivery and tracking concerns.,555.43,0,0.526188888888889,Cross-sell
11112,43,46662.0,21,3,71.86,21.39,1,7,0.417,160,4.3,Web,Apparel,Positive,Features,The customer discussed missing features and requested improvements.,215.57,1,0.5261833333333333,Engagement reminder
14167,21,64477.0,28,7,94.43,32.38,3,11,0.822,163,3.8,Web,Apparel,Neutral,Product Quality,The customer raised concerns about product quality and durability.,660.99,0,0.5261555555555556,Cross-sell
14071,30,46966.0,53,7,95.36,8.02,2,16,0.511,134,3.0,Email,Apparel,Neutral,Support,The customer described a slow or unsatisfactory support experience.,667.5,0,0.5261333333333333,Cross-sell
11263,19,51337.0,45,4,104.27,17.3,1,10,0.752,180,3.7,Mobile,Home,Neutral,Support,The customer described a slow or unsatisfactory support experience.,417.07,0,0.5261277777777777,Engagement reminder
10750,38,83162.0,53,1,102.48,9.49,1,8,0.409,139,3.1,Web,Electronics,Neutral,Product Quality,The customer raised concerns about product quality and durability.,102.48,0,0.5261166666666668,Engagement reminder
10241,40,62973.0,55,8,77.42,13.18,3,11,0.757,147,3.2,Store,Beauty,Neutral,Support,The customer described a slow or unsatisfactory support experience.,619.34,0,0.5261,Cross-sell
13368,21,81174.0,19,5,102.07,5.13,0,7,0.612,163,2.7,Mobile,Home,Neutral,Availability,The customer mentioned stock availability and product access.,510.34,0,0.5260722222222223,Engagement reminder
13344,45,62973.0,62,8,64.3,25.48,3,10,0.731,148,3.4,Mobile,Electronics,Neutral,Price,The customer said the price was high and asked for a better offer.,514.42,1,0.5260222222222222,Cross-sell
16447,68,43336.0,34,5,58.43,13.12,2,8,0.404,153,4.7,Mobile,Sports,Positive,Product Quality,The customer raised concerns about product quality and durability.,292.14,0,0.5260055555555555,Engagement reminder
13205,66,61685.0,41,8,105.55,29.1,2,7,0.734,154,3.0,Mobile,Beauty,Neutral,Features,The customer discussed missing features and requested improvements.,844.36,0,0.5259777777777778,Cross-sell
13702,20,80246.0,52,5,130.61,21.42,2,14,0.55,156,4.1,Web,Home,Positive,Support,The customer described a slow or unsatisfactory support experience.,653.03,1,0.5259722222222223,Engagement reminder
16978,34,83950.0,56,3,49.29,33.01,1,4,0.616,166,3.6,Web,Beauty,Neutral,Product Quality,The customer raised concerns about product quality and durability.,147.87,0,0.5259666666666667,Engagement reminder
17514,26,96718.0,31,7,101.04,6.72,2,3,0.732,169,3.9,Email,Sports,Neutral,Features,The customer discussed missing features and requested improvements.,707.26,0,0.5259611111111111,Cross-sell
11502,53,66605.0,21,5,85.81,31.85,2,13,0.68,139,2.4,Email,Apparel,Negative,Returns,"The customer asked about returns, refunds, or the return process.",429.07,0,0.5259444444444444,Engagement reminder
14671,58,51399.0,6,4,115.62,6.42,0,11,0.603,179,3.7,Web,Sports,Neutral,Delivery,The customer mentioned delayed delivery and tracking concerns.,462.46,1,0.5259277777777778,Engagement reminder
13592,55,52904.0,6,8,73.19,6.91,4,7,0.515,143,5.0,Email,Beauty,Positive,Delivery,The customer mentioned delayed delivery and tracking concerns.,585.52,0,0.5258888888888889,Cross-sell
14089,30,71257.0,60,6,51.37,0.46,2,9,0.704,158,3.4,Mobile,Apparel,Neutral,Product Quality,The customer raised concerns about product quality and durability.,308.25,0,0.5258666666666667,Cross-sell
14758,28,53943.0,15,6,57.2,26.21,4,12,0.457,131,4.6,Web,Home,Positive,Price,The customer said the price was high and asked for a better offer.,343.21,0,0.5258222222222222,Cross-sell
15059,45,24574.0,12,7,43.79,26.96,2,14,0.531,139,3.2,Mobile,Sports,Neutral,Price,The customer said the price was high and asked for a better offer.,306.55,0,0.5257444444444445,Cross-sell
16285,39,67174.0,19,8,37.81,5.69,2,6,0.538,170,5.0,Web,Beauty,Positive,Price,The customer said the price was high and asked for a better offer.,302.51,0,0.5257333333333334,Cross-sell
14836,28,78353.0,39,4,139.15,38.87,3,10,0.677,170,5.0,Web,Apparel,Positive,Delivery,The customer mentioned delayed delivery and tracking concerns.,556.61,0,0.525711111111111,Engagement reminder
12257,67,82015.0,58,8,130.64,3.88,2,9,0.603,164,4.3,Mobile,Electronics,Positive,Support,The customer described a slow or unsatisfactory support experience.,1045.13,0,0.5256500000000001,Cross-sell
15505,40,84536.0,15,8,73.5,21.24,2,9,0.649,158,3.7,Mobile,Beauty,Neutral,Price,The customer said the price was high and asked for a better offer.,587.99,1,0.5256166666666667,Cross-sell
13035,40,64757.0,62,11,55.77,17.05,1,10,0.474,148,3.3,Mobile,Home,Neutral,Price,The customer said the price was high and asked for a better offer.,613.45,0,0.5256166666666667,Cross-sell
10966,28,67104.0,24,12,95.02,24.61,1,13,0.249,121,2.9,Email,Apparel,Neutral,Delivery,The customer mentioned delayed delivery and tracking concerns.,1140.3,0,0.5256166666666667,Cross-sell
11401,30,23329.0,67,5,101.85,29.3,3,12,0.797,174,4.6,Mobile,Home,Positive,Returns,"The customer asked about returns, refunds, or the return process.",509.23,0,0.5256000000000001,Engagement reminder
17420,40,74432.0,47,4,86.58,26.49,2,9,0.363,139,4.1,Web,Home,Positive,Price,The customer said the price was high and asked for a better offer.,346.31,0,0.5255944444444445,Engagement reminder
13297,45,59637.0,51,6,54.91,17.3,3,12,0.832,167,4.0,Email,Apparel,Neutral,Returns,"The customer asked about returns, refunds, or the return process.",329.46,0,0.5255444444444445,Cross-sell
10759,28,78539.0,52,8,101.44,20.09,1,16,0.714,151,2.2,Web,Electronics,Negative,Support,The customer described a slow or unsatisfactory support experience.,811.49,1,0.5255333333333334,Cross-sell
10561,63,58416.0,34,8,106.49,35.07,1,16,0.589,160,3.4,Email,Beauty,Neutral,Features,The customer discussed missing features and requested improvements.,851.92,0,0.5255333333333334,Cross-sell
10055,51,28261.0,66,8,83.41,39.87,2,7,0.639,152,3.4,Web,Sports,Neutral,Availability,The customer mentioned stock availability and product access.,667.29,0,0.5255333333333333,Cross-sell
14383,48,65345.0,66,8,62.78,28.64,1,7,0.517,140,2.6,Web,Apparel,Neutral,Product Quality,The customer raised concerns about product quality and durability.,502.25,0,0.5254888888888889,Cross-sell
13947,55,61666.0,23,3,45.13,11.24,0,7,0.508,177,4.1,Store,Sports,Positive,Support,The customer described a slow or unsatisfactory support experience.,135.4,0,0.5254833333333333,Engagement reminder
11004,25,73472.0,51,5,48.57,39.49,1,7,0.67,174,3.8,Email,Apparel,Neutral,Features,The customer discussed missing features and requested improvements.,242.86,0,0.5254444444444445,Engagement reminder
14972,67,65842.0,33,6,91.66,38.18,1,7,0.511,158,3.7,Mobile,Electronics,Neutral,Price,The customer said the price was high and asked for a better offer.,549.99,0,0.5254388888888889,Cross-sell
13117,46,34838.0,10,7,91.79,12.3,1,10,0.618,171,3.9,Web,Apparel,Neutral,Delivery,The customer mentioned delayed delivery and tracking concerns.,642.54,0,0.5254277777777778,Cross-sell
17763,31,64151.0,18,2,151.18,30.01,1,10,0.764,174,3.3,Email,Apparel,Neutral,Returns,"The customer asked about returns, refunds, or the return process.",302.35,1,0.5253944444444445,Engagement reminder
17362,36,63686.0,21,7,136.51,23.11,2,10,0.521,143,3.5,Web,Apparel,Neutral,Features,The customer discussed missing features and requested improvements.,955.59,0,0.5253833333333333,Cross-sell
10578,18,96591.0,14,12,129.46,6.16,2,8,0.603,174,4.9,Web,Sports,Positive,Availability,The customer mentioned stock availability and product access.,1553.5,0,0.5253722222222224,Cross-sell
12901,47,90058.0,6,7,120.61,17.11,3,5,0.653,139,3.3,Web,Electronics,Neutral,Features,The customer discussed missing features and requested improvements.,844.25,0,0.5253722222222222,Cross-sell
15986,56,78421.0,4,10,69.59,27.17,4,13,0.603,122,3.3,Email,Electronics,Neutral,Features,The customer discussed missing features and requested improvements.,695.89,0,0.5253722222222222,Cross-sell
16066,46,91418.0,64,7,137.0,23.14,1,13,0.365,133,3.0,Web,Apparel,Neutral,Product Quality,The customer raised concerns about product quality and durability.,958.98,0,0.5253333333333333,Cross-sell
11819,29,85838.0,4,6,59.01,8.42,2,8,0.731,172,4.1,Store,Electronics,Positive,Returns,"The customer asked about returns, refunds, or the return process.",354.07,0,0.5253277777777778,Cross-sell
14340,49,79237.0,9,7,72.46,6.82,1,10,0.588,175,4.3,Email,Beauty,Positive,Price,The customer said the price was high and asked for a better offer.,507.23,1,0.5253166666666668,Cross-sell
16591,53,67307.0,6,9,140.41,0.64,1,13,0.888,175,2.7,Mobile,Beauty,Neutral,Price,The customer said the price was high and asked for a better offer.,1263.72,0,0.5253166666666667,Cross-sell
14265,56,84629.0,71,6,97.98,2.3,2,6,0.779,178,4.2,Store,Home,Positive,Product Quality,The customer raised concerns about product quality and durability.,587.87,1,0.5253111111111112,Cross-sell
10505,39,62634.0,5,2,53.73,16.71,1,17,0.555,172,4.3,Mobile,Home,Positive,Product Quality,The customer raised concerns about product quality and durability.,107.46,1,0.52525,Engagement reminder
13031,58,60765.0,25,6,114.37,5.66,1,14,0.694,171,3.5,Mobile,Apparel,Neutral,Product Quality,The customer raised concerns about product quality and durability.,686.23,0,0.5252277777777778,Cross-sell
17424,60,98998.0,72,8,105.93,34.84,2,7,0.861,160,2.7,Web,Sports,Neutral,Delivery,The customer mentioned delayed delivery and tracking concerns.,847.46,0,0.5251611111111111,Cross-sell
17603,25,70831.0,19,10,85.29,22.22,3,8,0.377,136,4.6,Web,Sports,Positive,Availability,The customer mentioned stock availability and product access.,852.88,0,0.5251555555555556,Cross-sell
16420,27,87506.0,56,10,49.9,5.7,4,8,0.327,119,4.6,Mobile,Sports,Positive,Support,The customer described a slow or unsatisfactory support experience.,499.02,0,0.5251555555555556,Cross-sell
16257,32,74445.0,2,2,79.48,20.49,3,10,0.532,128,3.3,Email,Sports,Neutral,Support,The customer described a slow or unsatisfactory support experience.,158.97,0,0.5251277777777777,Engagement reminder
15952,32,52200.0,41,4,56.75,16.51,2,10,0.453,157,4.7,Email,Beauty,Positive,Features,The customer discussed missing features and requested improvements.,227.01,0,0.5250944444444445,Engagement reminder
17513,21,32238.0,13,4,64.07,11.89,4,9,0.56,145,4.9,Email,Apparel,Positive,Price,The customer said the price was high and asked for a better offer.,256.26,1,0.5250833333333333,Engagement reminder
14193,22,36432.0,43,7,50.9,11.31,1,8,0.526,144,2.8,Email,Sports,Neutral,Delivery,The customer mentioned delayed delivery and tracking concerns.,356.27,0,0.5250777777777779,Cross-sell
16649,33,75606.0,57,6,120.24,8.52,1,9,0.801,162,2.4,Mobile,Apparel,Negative,Delivery,The customer mentioned delayed delivery and tracking concerns.,721.47,0,0.5250777777777779,Cross-sell
14362,42,50180.0,21,6,68.22,20.46,1,7,0.201,135,4.0,Email,Beauty,Neutral,Price,The customer said the price was high and asked for a better offer.,409.33,0,0.5250777777777779,Cross-sell
10370,51,46620.0,50,8,53.64,9.03,2,5,0.649,151,3.3,Email,Apparel,Neutral,Price,The customer said the price was high and asked for a better offer.,429.15,0,0.5250611111111112,Cross-sell
10275,62,88188.0,57,5,38.89,0.58,3,5,0.79,136,2.4,Email,Electronics,Negative,Returns,"The customer asked about returns, refunds, or the return process.",194.43,0,0.5250555555555555,Engagement reminder
17976,45,63167.0,18,5,110.18,21.35,2,9,0.481,146,3.9,Web,Beauty,Neutral,Availability,The customer mentioned stock availability and product access.,550.91,0,0.52505,Engagement reminder
11210,27,78643.0,39,12,85.77,20.99,0,9,0.322,155,3.8,Web,Electronics,Neutral,Price,The customer said the price was high and asked for a better offer.,1029.27,0,0.5250444444444445,Cross-sell
10549,34,71487.0,17,3,92.76,0.72,0,6,0.87,179,2.3,Web,Home,Negative,Features,The customer discussed missing features and requested improvements.,278.29,1,0.5250277777777779,Engagement reminder
11587,23,66600.0,47,6,52.76,6.52,2,13,0.67,163,3.9,Web,Electronics,Neutral,Support,The customer described a slow or unsatisfactory support experience.,316.58,0,0.5250277777777778,Cross-sell
14836,60,59518.0,65,6,123.18,32.93,1,6,0.302,139,3.7,Mobile,Beauty,Neutral,Product Quality,The customer raised concerns about product quality and durability.,739.06,0,0.5250166666666667,Cross-sell
11860,51,46546.0,15,2,87.32,23.28,1,11,0.612,150,2.7,Web,Apparel,Neutral,Support,The customer described a slow or unsatisfactory support experience.,174.65,1,0.5249611111111112,Engagement reminder
14874,18,93516.0,22,7,87.26,36.2,1,6,0.537,150,3.1,Web,Sports,Neutral,Product Quality,The customer raised concerns about product quality and durability.,610.83,0,0.5249611111111112,Cross-sell
14657,50,62908.0,58,8,113.33,28.38,1,8,0.662,168,3.5,Email,Sports,Neutral,Support,The customer described a slow or unsatisfactory support experience.,906.61,0,0.5249611111111111,Cross-sell
14778,37,56755.0,14,7,110.03,35.44,2,6,0.576,168,4.7,Web,Beauty,Positive,Product Quality,The customer raised concerns about product quality and durability.,770.19,1,0.5249388888888888,Cross-sell
17078,25,38444.0,62,4,112.91,24.83,1,17,0.49,166,4.3,Mobile,Home,Positive,Price,The customer said the price was high and asked for a better offer.,451.63,0,0.5249166666666667,Engagement reminder
10994,59,58448.0,47,10,128.16,25.55,4,5,0.481,126,4.2,Store,Sports,Positive,Product Quality,The customer raised concerns about product quality and durability.,1281.63,0,0.5249111111111111,Cross-sell
11771,43,59506.0,32,8,98.92,12.28,2,6,0.709,158,3.4,Web,Sports,Neutral,Returns,"The customer asked about returns, refunds, or the return process.",791.35,0,0.5248666666666668,Cross-sell
12138,26,37311.0,67,4,75.19,28.99,1,5,0.723,165,3.0,Mobile,Apparel,Neutral,Support,The customer described a slow or unsatisfactory support experience.,300.75,0,0.5248444444444444,Engagement reminder
13142,33,56406.0,27,5,98.81,32.78,2,10,0.571,154,3.9,Email,Electronics,Neutral,Price,The customer said the price was high and asked for a better offer.,494.05,1,0.5248277777777778,Engagement reminder
15168,66,53395.0,72,3,98.66,14.85,2,9,0.487,165,5.0,Mobile,Electronics,Positive,Product Quality,The customer raised concerns about product quality and durability.,295.98,0,0.5248222222222223,Engagement reminder
17627,24,38117.0,10,3,131.32,28.06,1,11,0.578,157,3.3,Mobile,Beauty,Neutral,Product Quality,The customer raised concerns about product quality and durability.,393.97,1,0.5248166666666667,Engagement reminder
13965,20,51733.0,10,6,68.01,19.95,2,8,0.619,133,2.4,Mobile,Home,Negative,Features,The customer discussed missing features and requested improvements.,408.07,1,0.5248111111111111,Cross-sell
12726,19,48752.0,22,9,112.71,23.01,2,7,0.683,159,3.6,Email,Apparel,Neutral,Returns,"The customer asked about returns, refunds, or the return process.",1014.39,0,0.5247888888888889,Cross-sell
16838,59,67666.0,48,4,102.67,36.05,4,12,0.593,136,4.2,Mobile,Home,Positive,Price,The customer said the price was high and asked for a better offer.,410.69,0,0.5247333333333334,Engagement reminder
12273,36,64819.0,13,3,100.26,0.21,0,17,0.461,169,3.9,Web,Beauty,Neutral,Product Quality,The customer raised concerns about product quality and durability.,300.78,0,0.5246055555555555,Engagement reminder
14871,40,53784.0,68,7,115.05,39.5,2,6,0.466,163,5.0,Mobile,Sports,Positive,Product Quality,The customer raised concerns about product quality and durability.,805.36,0,0.5245777777777778,Cross-sell
14677,66,82423.0,34,2,125.06,6.05,2,10,0.257,129,4.1,Web,Sports,Positive,Availability,The customer mentioned stock availability and product access.,250.12,0,0.5245722222222222,Engagement reminder
12984,48,58551.0,60,8,90.98,33.91,0,11,0.389,149,3.1,Store,Beauty,Neutral,Support,The customer described a slow or unsatisfactory support experience.,727.84,0,0.5245611111111111,Cross-sell
12089,66,72697.0,18,5,83.78,23.93,0,9,0.464,176,4.3,Mobile,Home,Positive,Product Quality,The customer raised concerns about product quality and durability.,418.92,0,0.5245611111111111,Engagement reminder
15768,36,69149.0,40,8,122.32,4.63,2,14,0.219,107,3.0,Mobile,Home,Neutral,Availability,The customer mentioned stock availability and product access.,978.55,0,0.5245333333333333,Cross-sell
12432,60,86015.0,57,4,110.56,26.97,2,6,0.808,160,3.0,Email,Sports,Neutral,Price,The customer said the price was high and asked for a better offer.,442.25,1,0.524511111111111,Engagement reminder
13416,49,81039.0,20,5,82.89,12.16,3,12,0.772,151,3.4,Mobile,Electronics,Neutral,Price,The customer said the price was high and asked for a better offer.,414.45,1,0.524488888888889,Engagement reminder
14352,58,62750.0,69,8,96.72,21.53,2,7,0.893,171,3.2,Web,Home,Neutral,Returns,"The customer asked about returns, refunds, or the return process.",773.8,0,0.5244555555555556,Cross-sell
12252,36,67650.0,67,10,94.8,19.41,2,11,0.757,179,4.4,Store,Electronics,Positive,Returns,"The customer asked about returns, refunds, or the return process.",948.04,0,0.5244333333333333,Cross-sell
12309,57,71060.0,5,9,124.11,27.83,1,9,0.501,160,3.9,Email,Electronics,Neutral,Price,The customer said the price was high and asked for a better offer.,1117.03,0,0.5243833333333333,Cross-sell
10944,44,98853.0,48,11,85.27,27.18,2,5,0.733,165,3.7,Web,Home,Neutral,Support,The customer described a slow or unsatisfactory support experience.,937.93,0,0.5243722222222222,Cross-sell
10898,54,65155.0,23,5,45.59,12.17,2,7,0.309,115,3.0,Email,Home,Neutral,Availability,The customer mentioned stock availability and product access.,227.93,0,0.5243111111111111,Engagement reminder
16963,18,60607.0,2,7,101.14,20.72,2,8,0.35,117,2.9,Mobile,Electronics,Neutral,Availability,The customer mentioned stock availability and product access.,707.95,0,0.5243055555555556,Cross-sell
13117,69,20145.0,68,3,96.17,19.61,1,7,0.407,138,3.1,Email,Apparel,Neutral,Support,The customer described a slow or unsatisfactory support experience.,288.51,0,0.5242944444444445,Engagement reminder
12509,26,62056.0,67,5,80.16,34.38,1,8,0.457,129,2.3,Email,Home,Negative,Product Quality,The customer raised concerns about product quality and durability.,400.82,0,0.5242944444444444,Engagement reminder
15487,67,116657.0,1,6,133.29,19.66,2,9,0.439,152,4.5,Mobile,Electronics,Positive,Availability,The customer mentioned stock availability and product access.,799.73,0,0.5242833333333333,Cross-sell
17313,46,59521.0,20,7,147.55,4.44,1,14,0.744,170,3.2,Web,Beauty,Neutral,Product Quality,The customer raised concerns about product quality and durability.,1032.86,0,0.5242555555555556,Cross-sell
17465,69,69261.0,22,3,110.8,18.63,1,5,0.676,174,3.8,Web,Beauty,Neutral,Availability,The customer mentioned stock availability and product access.,332.41,0,0.5242444444444445,Engagement reminder
10045,64,81786.0,37,6,113.89,13.89,5,12,0.718,148,5.0,Mobile,Beauty,Positive,Availability,The customer mentioned stock availability and product access.,683.33,0,0.5241777777777779,Cross-sell
14561,23,46446.0,42,5,100.96,31.72,0,13,0.557,169,3.4,Store,Home,Neutral,Price,The customer said the price was high and asked for a better offer.,504.8,0,0.5241555555555556,Engagement reminder
16565,18,68535.0,63,7,122.44,32.31,2,10,0.457,135,3.4,Email,Apparel,Neutral,Delivery,The customer mentioned delayed delivery and tracking concerns.,857.1,0,0.5241555555555556,Cross-sell
16310,30,73866.0,68,3,66.75,21.89,2,12,0.771,170,3.8,Email,Home,Neutral,Returns,"The customer asked about returns, refunds, or the return process.",200.25,0,0.5241333333333333,Engagement reminder
17940,39,40614.0,16,8,90.61,21.56,0,8,0.624,175,3.4,Email,Apparel,Neutral,Delivery,The customer mentioned delayed delivery and tracking concerns.,724.89,0,0.5240888888888888,Cross-sell
14254,39,49524.0,15,8,125.56,12.11,2,8,0.647,174,4.7,Web,Home,Positive,Delivery,The customer mentioned delayed delivery and tracking concerns.,1004.52,0,0.5240722222222223,Cross-sell
14050,23,81531.0,71,2,109.16,16.68,0,15,0.602,173,3.4,Email,Electronics,Neutral,Returns,"The customer asked about returns, refunds, or the return process.",218.31,0,0.5240444444444445,Engagement reminder
11585,33,76446.0,40,5,52.14,5.92,2,12,0.568,150,3.7,Web,Home,Neutral,Availability,The customer mentioned stock availability and product access.,260.71,1,0.5240388888888889,Engagement reminder
16853,31,60721.0,20,6,65.39,17.93,3,7,0.716,139,3.0,Web,Home,Neutral,Price,The customer said the price was high and asked for a better offer.,392.35,0,0.5240222222222223,Cross-sell
16585,23,82415.0,36,5,88.44,31.04,1,5,0.457,139,2.9,Web,Beauty,Neutral,Delivery,The customer mentioned delayed delivery and tracking concerns.,442.2,0,0.5240166666666667,Engagement reminder
10242,57,83726.0,42,8,64.48,0.86,1,10,0.18,136,4.2,Mobile,Apparel,Positive,Product Quality,The customer raised concerns about product quality and durability.,515.86,0,0.524,Cross-sell
11585,29,54224.0,72,7,113.2,21.06,4,6,0.762,134,3.2,Web,Electronics,Neutral,Availability,The customer mentioned stock availability and product access.,792.37,0,0.523988888888889,Cross-sell
11239,24,58771.0,10,8,140.32,12.1,1,5,0.744,180,3.8,Web,Electronics,Neutral,Support,The customer described a slow or unsatisfactory support experience.,1122.57,0,0.5239777777777779,Cross-sell
15719,30,68121.0,62,4,125.67,36.15,2,9,0.467,151,4.3,Mobile,Electronics,Positive,Returns,"The customer asked about returns, refunds, or the return process.",502.69,0,0.5239611111111112,Engagement reminder
12922,29,84088.0,7,7,23.03,8.14,1,10,0.692,177,3.9,Email,Electronics,Neutral,Features,The customer discussed missing features and requested improvements.,161.22,0,0.5239611111111111,Cross-sell
14145,68,82692.0,13,5,104.65,33.59,3,9,0.797,180,5.0,Email,Sports,Positive,Availability,The customer mentioned stock availability and product access.,523.25,0,0.5239333333333334,Engagement reminder
17833,23,93551.0,1,7,88.28,3.43,2,14,0.536,142,3.4,Web,Apparel,Neutral,Support,The customer described a slow or unsatisfactory support experience.,617.98,0,0.5239111111111112,Cross-sell
11024,42,50716.0,14,3,82.54,20.59,2,9,0.827,180,4.1,Email,Beauty,Positive,Product Quality,The customer raised concerns about product quality and durability.,247.61,0,0.5239055555555556,Engagement reminder
17809,45,68694.0,44,7,43.7,39.3,2,8,0.793,155,2.8,Email,Sports,Neutral,Features,The customer discussed missing features and requested improvements.,305.92,0,0.5239,Cross-sell
16984,45,98523.0,18,6,41.19,38.27,0,13,0.375,166,4.2,Email,Apparel,Positive,Availability,The customer mentioned stock availability and product access.,247.14,0,0.523888888888889,Cross-sell
11632,25,61727.0,44,4,75.97,34.47,1,9,0.455,159,4.1,Web,Electronics,Positive,Returns,"The customer asked about returns, refunds, or the return process.",303.89,0,0.5238611111111111,Engagement reminder
17153,56,34278.0,7,9,99.98,7.49,2,6,0.805,178,4.1,Web,Beauty,Positive,Product Quality,The customer raised concerns about product quality and durability.,899.84,0,0.5238611111111111,Cross-sell
14718,37,57306.0,55,8,108.9,23.84,2,15,0.851,172,3.5,Email,Beauty,Neutral,Price,The customer said the price was high and asked for a better offer.,871.22,0,0.5238277777777778,Cross-sell
17936,62,112987.0,34,5,106.61,33.1,1,10,0.726,180,3.9,Email,Electronics,Neutral,Features,The customer discussed missing features and requested improvements.,533.04,0,0.5238277777777778,Engagement reminder
13649,18,36979.0,70,3,108.23,31.64,1,8,0.667,173,3.8,Email,Home,Neutral,Delivery,The customer mentioned delayed delivery and tracking concerns.,324.69,1,0.5238222222222223,Engagement reminder
13682,54,51731.0,26,5,93.83,28.11,1,13,0.656,145,2.2,Mobile,Beauty,Negative,Support,The customer described a slow or unsatisfactory support experience.,469.16,0,0.5238,Engagement reminder
11395,50,88747.0,21,5,33.03,30.92,3,14,0.502,150,4.8,Web,Sports,Positive,Product Quality,The customer raised concerns about product quality and durability.,165.16,0,0.5237666666666667,Engagement reminder
17585,43,82252.0,1,5,98.42,36.3,1,12,0.618,177,4.3,Email,Apparel,Positive,Returns,"The customer asked about returns, refunds, or the return process.",492.11,0,0.5237611111111111,Engagement reminder
10996,46,86654.0,49,6,116.84,28.21,0,4,0.328,160,4.1,Web,Electronics,Positive,Availability,The customer mentioned stock availability and product access.,701.05,1,0.5237055555555556,Cross-sell
17316,35,33991.0,48,4,98.43,21.9,2,10,0.703,162,3.7,Email,Beauty,Neutral,Price,The customer said the price was high and asked for a better offer.,393.74,0,0.5237055555555555,Engagement reminder
14269,50,68813.0,12,11,44.01,18.91,2,12,0.851,177,3.8,Web,Electronics,Neutral,Delivery,The customer mentioned delayed delivery and tracking concerns.,484.12,0,0.5236888888888889,Cross-sell
15967,30,87153.0,29,3,79.69,20.05,3,14,0.726,160,4.2,Mobile,Apparel,Positive,Features,The customer discussed missing features and requested improvements.,239.06,0,0.5236888888888889,Engagement reminder
11900,49,76006.0,40,6,76.43,7.28,1,13,0.34,157,4.6,Email,Beauty,Positive,Product Quality,The customer raised concerns about product quality and durability.,458.58,1,0.5236666666666667,Cross-sell
16930,36,90881.0,72,7,84.73,37.07,1,6,0.731,177,3.7,Mobile,Apparel,Neutral,Delivery,The customer mentioned delayed delivery and tracking concerns.,593.13,1,0.5236611111111111,Cross-sell
12017,46,41495.0,48,7,52.63,32.93,0,10,0.738,180,3.1,Web,Sports,Neutral,Support,The customer described a slow or unsatisfactory support experience.,368.42,1,0.5236500000000001,Cross-sell
16862,46,72637.0,37,6,64.19,26.09,1,6,0.538,163,3.9,Email,Home,Neutral,Delivery,The customer mentioned delayed delivery and tracking concerns.,385.11,1,0.52365,Cross-sell
12250,25,62627.0,37,3,86.89,30.04,0,14,0.559,174,3.7,Web,Apparel,Neutral,Price,The customer said the price was high and asked for a better offer.,260.66,0,0.5236166666666667,Engagement reminder
12790,31,54241.0,40,9,86.98,34.02,2,7,0.725,169,4.0,Web,Home,Neutral,Delivery,The customer mentioned delayed delivery and tracking concerns.,782.81,1,0.5236111111111111,Cross-sell
12526,51,112523.0,65,8,72.6,20.51,3,10,0.6,152,4.4,Email,Electronics,Positive,Returns,"The customer asked about returns, refunds, or the return process.",580.84,1,0.523611111111111,Cross-sell
10079,66,74005.0,72,7,145.96,1.86,3,8,0.607,129,3.0,Mobile,Beauty,Neutral,Support,The customer described a slow or unsatisfactory support experience.,1021.74,0,0.5236,Cross-sell
15153,45,56082.0,57,9,80.59,1.32,6,6,0.464,82,3.2,Email,Sports,Neutral,Delivery,The customer mentioned delayed delivery and tracking concerns.,725.31,0,0.5235888888888889,Cross-sell
12761,54,61179.0,65,9,40.17,10.67,0,10,0.326,153,3.7,Web,Apparel,Neutral,Product Quality,The customer raised concerns about product quality and durability.,361.54,0,0.52355,Cross-sell
17944,34,88577.0,21,9,87.49,10.71,2,15,0.663,160,3.8,Web,Sports,Neutral,Delivery,The customer mentioned delayed delivery and tracking concerns.,787.45,0,0.5235111111111111,Cross-sell
11749,65,37554.0,5,8,142.97,25.17,2,19,0.67,164,4.0,Web,Electronics,Neutral,Support,The customer described a slow or unsatisfactory support experience.,1143.72,0,0.5235000000000001,Cross-sell
16948,48,57435.0,47,10,85.78,15.67,2,6,0.677,141,2.6,Mobile,Beauty,Neutral,Support,The customer described a slow or unsatisfactory support experience.,857.78,0,0.5234888888888889,Cross-sell
15183,33,53066.0,44,6,125.99,0.93,3,14,0.918,162,3.3,Email,Beauty,Neutral,Support,The customer described a slow or unsatisfactory support experience.,755.93,1,0.5234833333333333,Cross-sell
16234,59,64318.0,53,8,121.42,3.07,1,9,0.85,164,2.3,Mobile,Apparel,Negative,Price,The customer said the price was high and asked for a better offer.,971.34,0,0.5234722222222223,Cross-sell
17008,36,67024.0,60,5,72.01,24.74,0,9,0.434,166,3.9,Web,Electronics,Neutral,Price,The customer said the price was high and asked for a better offer.,360.05,0,0.5233388888888889,Engagement reminder
13852,38,101438.0,23,8,62.81,2.62,0,8,0.498,165,3.5,Mobile,Electronics,Neutral,Delivery,The customer mentioned delayed delivery and tracking concerns.,502.51,0,0.5233166666666667,Cross-sell
13978,61,64759.0,62,8,73.94,30.03,3,8,0.769,162,4.1,Mobile,Apparel,Positive,Availability,The customer mentioned stock availability and product access.,591.52,1,0.5232833333333334,Cross-sell
15258,61,62212.0,56,8,110.83,4.72,1,12,0.501,146,3.1,Web,Beauty,Neutral,Product Quality,The customer raised concerns about product quality and durability.,886.64,0,0.5232722222222222,Cross-sell
13341,65,40162.0,16,8,74.6,7.22,4,12,0.833,162,4.5,Mobile,Apparel,Positive,Delivery,The customer mentioned delayed delivery and tracking concerns.,596.78,1,0.5232611111111112,Cross-sell
16122,43,45827.0,70,10,83.2,37.79,1,11,0.474,125,2.0,Mobile,Sports,Negative,Product Quality,The customer raised concerns about product quality and durability.,832.02,0,0.5232555555555556,Cross-sell
14201,52,75035.0,37,3,131.76,14.97,0,13,0.797,180,2.8,Mobile,Sports,Neutral,Support,The customer described a slow or unsatisfactory support experience.,395.27,1,0.5231,Engagement reminder
10736,32,51217.0,52,8,61.06,3.8,2,8,0.704,150,3.0,Email,Beauty,Neutral,Availability,The customer mentioned stock availability and product access.,488.49,0,0.5230888888888889,Cross-sell
13145,61,84224.0,44,3,95.63,16.69,0,12,0.757,173,2.6,Web,Apparel,Neutral,Features,The customer discussed missing features and requested improvements.,286.9,1,0.5230444444444444,Engagement reminder
13548,19,50692.0,41,8,143.08,38.9,4,15,0.814,145,3.6,Web,Sports,Neutral,Price,The customer said the price was high and asked for a better offer.,1144.67,0,0.5230333333333334,Cross-sell
14433,42,58840.0,6,3,118.49,12.37,3,12,0.387,114,3.3,Store,Electronics,Neutral,Features,The customer discussed missing features and requested improvements.,355.47,1,0.5230166666666667,Engagement reminder
14142,58,35107.0,71,9,80.74,15.76,1,13,0.619,170,3.9,Mobile,Beauty,Neutral,Product Quality,The customer raised concerns about product quality and durability.,726.69,0,0.5230055555555555,Cross-sell
15436,26,45600.0,67,6,109.2,29.04,1,10,0.61,154,3.0,Mobile,Apparel,Neutral,Price,The customer said the price was high and asked for a better offer.,655.21,0,0.523,Cross-sell
14783,65,52303.0,38,5,106.5,24.6,1,8,0.558,178,4.7,Web,Home,Positive,Availability,The customer mentioned stock availability and product access.,532.48,0,0.5229833333333334,Engagement reminder
14773,67,33798.0,45,7,70.4,12.64,2,10,0.47,139,3.6,Web,Electronics,Neutral,Support,The customer described a slow or unsatisfactory support experience.,492.8,0,0.5229444444444444,Cross-sell
10251,43,53465.0,47,4,50.64,37.16,3,9,0.502,126,3.4,Mobile,Home,Neutral,Returns,"The customer asked about returns, refunds, or the return process.",202.56,0,0.5229333333333333,Engagement reminder
11734,48,39573.0,16,4,79.19,23.96,1,11,0.56,168,4.1,Store,Sports,Positive,Delivery,The customer mentioned delayed delivery and tracking concerns.,316.75,0,0.5228611111111112,Engagement reminder
11075,59,47245.0,22,4,122.78,2.56,1,6,0.542,163,3.9,Mobile,Home,Neutral,Features,The customer discussed missing features and requested improvements.,491.1,0,0.52285,Engagement reminder
11955,27,73835.0,3,7,86.69,26.04,3,9,0.634,153,4.3,Mobile,Beauty,Positive,Returns,"The customer asked about returns, refunds, or the return process.",606.84,0,0.5227833333333334,Cross-sell
11816,25,54646.0,52,8,119.92,6.5,0,11,0.407,165,4.0,Web,Apparel,Neutral,Delivery,The customer mentioned delayed delivery and tracking concerns.,959.33,0,0.5227666666666667,Cross-sell
16759,60,39506.0,36,4,107.44,4.9,3,6,0.385,139,4.8,Store,Apparel,Positive,Product Quality,The customer raised concerns about product quality and durability.,429.78,1,0.5227222222222223,Engagement reminder
13501,24,68954.0,44,6,91.73,24.04,2,12,0.476,131,3.1,Web,Sports,Neutral,Delivery,The customer mentioned delayed delivery and tracking concerns.,550.37,0,0.5227166666666667,Cross-sell
11722,65,64074.0,27,5,92.87,34.52,1,8,0.558,161,3.7,Web,Apparel,Neutral,Returns,"The customer asked about returns, refunds, or the return process.",464.37,1,0.5227055555555555,Engagement reminder
10447,67,21147.0,68,3,91.03,39.42,0,10,0.327,151,3.6,Mobile,Sports,Neutral,Support,The customer described a slow or unsatisfactory support experience.,273.09,0,0.5226555555555557,Engagement reminder
14487,34,76239.0,39,5,18.31,34.89,1,7,0.65,176,4.1,Web,Electronics,Positive,Availability,The customer mentioned stock availability and product access.,91.54,0,0.522638888888889,Engagement reminder
13991,33,82325.0,35,7,112.23,6.36,0,8,0.446,160,3.5,Web,Sports,Neutral,Product Quality,The customer raised concerns about product quality and durability.,785.64,0,0.5226055555555555,Cross-sell
11247,49,31289.0,24,9,97.35,14.33,1,10,0.646,179,4.3,Web,Beauty,Positive,Delivery,The customer mentioned delayed delivery and tracking concerns.,876.18,0,0.5226055555555555,Cross-sell
12147,59,88462.0,31,3,61.38,11.99,3,7,0.828,167,4.1,Web,Home,Positive,Support,The customer described a slow or unsatisfactory support experience.,184.14,1,0.5225944444444445,Engagement reminder
16375,44,61119.0,17,8,98.13,13.91,1,9,0.819,176,3.2,Mobile,Sports,Neutral,Availability,The customer mentioned stock availability and product access.,785.07,1,0.5225888888888889,Cross-sell
11580,21,81206.0,57,8,73.97,36.78,1,12,0.692,173,3.7,Mobile,Apparel,Neutral,Price,The customer said the price was high and asked for a better offer.,591.78,0,0.5225722222222222,Cross-sell
15790,29,94774.0,31,5,102.68,30.92,1,14,0.465,161,4.2,Email,Apparel,Positive,Price,The customer said the price was high and asked for a better offer.,513.41,1,0.5225555555555556,Engagement reminder
14762,61,111390.0,51,7,63.19,11.37,2,13,0.646,158,3.8,Mobile,Electronics,Neutral,Availability,The customer mentioned stock availability and product access.,442.31,0,0.5224666666666667,Cross-sell
12369,38,65093.0,19,7,76.09,21.26,4,5,0.71,159,5.0,Mobile,Sports,Positive,Features,The customer discussed missing features and requested improvements.,532.66,0,0.5224444444444445,Cross-sell
16585,30,38963.0,60,9,92.73,32.93,5,5,0.849,132,3.4,Mobile,Sports,Neutral,Product Quality,The customer raised concerns about product quality and durability.,834.54,0,0.5224222222222222,Cross-sell
16271,55,57984.0,69,3,124.52,20.85,2,8,0.756,178,4.4,Email,Electronics,Positive,Delivery,The customer mentioned delayed delivery and tracking concerns.,373.55,0,0.5224111111111112,Engagement reminder
14445,50,61373.0,15,5,68.45,16.32,0,12,0.481,158,3.2,Web,Apparel,Neutral,Returns,"The customer asked about returns, refunds, or the return process.",342.23,1,0.5224111111111112,Engagement reminder
11344,68,49399.0,66,4,125.02,4.19,1,6,0.727,171,3.4,Store,Beauty,Neutral,Support,The customer described a slow or unsatisfactory support experience.,500.09,0,0.5223777777777778,Engagement reminder
11069,68,67969.0,9,3,120.79,36.3,2,8,0.918,174,3.3,Mobile,Apparel,Neutral,Price,The customer said the price was high and asked for a better offer.,362.37,0,0.5223722222222222,Engagement reminder
17149,24,75794.0,13,3,143.42,15.97,1,13,0.507,136,2.5,Store,Beauty,Neutral,Product Quality,The customer raised concerns about product quality and durability.,430.27,0,0.5223500000000001,Engagement reminder
12618,62,96806.0,14,9,85.52,6.53,3,7,0.937,148,2.4,Web,Home,Negative,Support,The customer described a slow or unsatisfactory support experience.,769.64,0,0.5223222222222222,Cross-sell
13797,30,96748.0,2,10,107.05,2.07,0,15,0.531,154,2.7,Email,Apparel,Neutral,Support,The customer described a slow or unsatisfactory support experience.,1070.55,0,0.5222722222222222,Cross-sell
16248,58,105580.0,52,9,71.67,24.77,1,10,0.386,147,3.8,Mobile,Electronics,Neutral,Features,The customer discussed missing features and requested improvements.,645.01,0,0.5222444444444445,Cross-sell
12254,38,62662.0,68,5,88.0,2.93,2,10,0.712,179,4.7,Web,Home,Positive,Availability,The customer mentioned stock availability and product access.,439.98,1,0.5221833333333333,Engagement reminder
11486,24,56226.0,62,3,125.27,29.36,2,9,0.394,147,4.5,Mobile,Sports,Positive,Price,The customer said the price was high and asked for a better offer.,375.81,1,0.5221722222222223,Engagement reminder
15482,44,46198.0,8,9,136.82,35.56,0,14,0.526,167,3.5,Mobile,Home,Neutral,Product Quality,The customer raised concerns about product quality and durability.,1231.38,0,0.5221611111111112,Cross-sell
13566,61,50592.0,36,5,36.4,5.94,1,5,0.629,157,3.1,Web,Apparel,Neutral,Price,The customer said the price was high and asked for a better offer.,181.98,0,0.5221166666666667,Engagement reminder
14196,29,68536.0,6,4,87.02,5.14,0,11,0.566,179,4.0,Mobile,Home,Positive,Price,The customer said the price was high and asked for a better offer.,348.08,0,0.5220777777777778,Engagement reminder
10973,26,72134.0,30,9,67.16,36.48,2,11,0.624,171,4.7,Web,Electronics,Positive,Returns,"The customer asked about returns, refunds, or the return process.",604.42,0,0.5220055555555556,Cross-sell
13584,34,68464.0,66,9,29.42,31.9,1,17,0.356,156,4.5,Mobile,Electronics,Positive,Product Quality,The customer raised concerns about product quality and durability.,264.81,0,0.5219944444444445,Cross-sell
12026,69,55420.0,51,8,75.2,17.02,2,7,0.684,146,2.9,Mobile,Sports,Neutral,Features,The customer discussed missing features and requested improvements.,601.59,0,0.52195,Cross-sell
15160,25,52582.0,26,4,86.58,17.7,0,9,0.382,159,3.8,Email,Home,Neutral,Returns,"The customer asked about returns, refunds, or the return process.",346.32,1,0.5219333333333334,Engagement reminder
16386,27,62935.0,66,7,133.52,13.39,1,11,0.498,162,4.1,Web,Sports,Positive,Product Quality,The customer raised concerns about product quality and durability.,934.65,0,0.5219277777777779,Cross-sell
10476,26,99032.0,20,8,171.99,23.38,2,13,0.718,149,2.9,Web,Apparel,Neutral,Features,The customer discussed missing features and requested improvements.,1375.95,0,0.5218166666666667,Cross-sell
16859,38,59977.0,42,4,67.16,28.09,1,11,0.65,179,4.3,Mobile,Home,Positive,Delivery,The customer mentioned delayed delivery and tracking concerns.,268.63,1,0.5218055555555556,Engagement reminder
16657,45,61233.0,11,5,91.65,35.24,1,8,0.857,174,2.9,Email,Apparel,Neutral,Product Quality,The customer raised concerns about product quality and durability.,458.24,0,0.5217944444444446,Engagement reminder
10016,50,74315.0,20,3,109.43,19.91,2,15,0.673,177,4.8,Mobile,Electronics,Positive,Delivery,The customer mentioned delayed delivery and tracking concerns.,328.28,0,0.5217888888888889,Engagement reminder
14568,37,74099.0,53,3,80.06,27.96,0,11,0.444,151,3.0,Web,Apparel,Neutral,Product Quality,The customer raised concerns about product quality and durability.,240.18,1,0.5217555555555556,Engagement reminder
13524,51,60939.0,68,3,67.47,22.68,3,8,0.79,148,3.2,Mobile,Beauty,Neutral,Support,The customer described a slow or unsatisfactory support experience.,202.41,0,0.5217222222222222,Engagement reminder
17174,49,48564.0,42,2,107.09,5.0,2,10,0.488,135,3.3,Mobile,Electronics,Neutral,Product Quality,The customer raised concerns about product quality and durability.,214.18,0,0.5217055555555556,Engagement reminder
13999,67,97377.0,14,6,81.84,20.02,0,17,0.504,153,2.8,Mobile,Beauty,Neutral,Price,The customer said the price was high and asked for a better offer.,491.02,0,0.5217,Cross-sell
16552,31,62672.0,53,8,83.04,36.55,1,9,0.668,162,3.2,Store,Sports,Neutral,Product Quality,The customer raised concerns about product quality and durability.,664.33,1,0.5216777777777778,Cross-sell
17636,52,36198.0,40,8,109.55,23.73,0,11,0.459,154,3.1,Web,Beauty,Neutral,Product Quality,The customer raised concerns about product quality and durability.,876.4,0,0.5216722222222222,Cross-sell
11786,40,62248.0,52,6,61.74,4.77,3,12,0.6,141,3.8,Store,Beauty,Neutral,Features,The customer discussed missing features and requested improvements.,370.41,0,0.5216666666666667,Cross-sell
16895,36,65118.0,67,3,100.44,35.54,2,7,0.68,159,3.7,Web,Home,Neutral,Price,The customer said the price was high and asked for a better offer.,301.31,1,0.5216388888888889,Engagement reminder
15582,50,65099.0,4,5,132.3,3.58,1,12,0.751,161,2.7,Mobile,Sports,Neutral,Product Quality,The customer raised concerns about product quality and durability.,661.49,0,0.5216055555555557,Engagement reminder
13477,59,63332.0,38,5,90.45,9.38,1,10,0.592,172,4.2,Mobile,Beauty,Positive,Availability,The customer mentioned stock availability and product access.,452.23,0,0.5216000000000001,Engagement reminder
15072,51,41343.0,55,5,85.9,11.06,4,3,0.742,148,4.2,Web,Electronics,Positive,Delivery,The customer mentioned delayed delivery and tracking concerns.,429.51,1,0.5216000000000001,Engagement reminder
14057,45,66649.0,25,8,89.17,31.05,2,8,0.581,172,5.0,Web,Beauty,Positive,Delivery,The customer mentioned delayed delivery and tracking concerns.,713.36,0,0.5215777777777778,Cross-sell
15839,20,73051.0,71,6,103.0,14.87,2,13,0.27,144,5.0,Web,Sports,Positive,Support,The customer described a slow or unsatisfactory support experience.,617.99,0,0.5215555555555557,Cross-sell
15513,36,88918.0,70,5,106.71,18.8,3,9,0.655,156,4.4,Email,Sports,Positive,Features,The customer discussed missing features and requested improvements.,533.55,0,0.5215,Engagement reminder
12821,56,38685.0,63,5,99.43,1.09,2,14,0.63,146,3.2,Web,Apparel,Neutral,Delivery,The customer mentioned delayed delivery and tracking concerns.,497.13,1,0.5215,Engagement reminder
11253,21,74236.0,42,5,125.07,7.63,1,18,0.746,174,3.5,Mobile,Electronics,Neutral,Returns,"The customer asked about returns, refunds, or the return process.",625.33,0,0.5214944444444445,Engagement reminder
12936,19,78620.0,3,3,44.6,32.9,0,6,0.719,179,3.2,Email,Sports,Neutral,Price,The customer said the price was high and asked for a better offer.,133.79,1,0.5214777777777778,Engagement reminder
14977,23,99774.0,40,6,107.51,25.15,3,11,0.785,166,4.3,Email,Sports,Positive,Price,The customer said the price was high and asked for a better offer.,645.05,1,0.5214722222222222,Cross-sell
17693,19,75204.0,1,6,78.27,38.29,0,12,0.733,160,2.0,Mobile,Home,Negative,Price,The customer said the price was high and asked for a better offer.,469.61,0,0.5214555555555556,Cross-sell
12814,30,70991.0,49,7,108.01,21.42,1,14,0.49,156,3.8,Web,Home,Neutral,Availability,The customer mentioned stock availability and product access.,756.09,1,0.5214444444444445,Cross-sell
14470,40,81836.0,71,8,101.71,31.13,1,11,0.214,148,4.8,Mobile,Beauty,Positive,Support,The customer described a slow or unsatisfactory support experience.,813.71,0,0.5213666666666668,Cross-sell
14140,38,111294.0,49,4,88.46,6.13,1,10,0.612,145,2.5,Web,Apparel,Neutral,Support,The customer described a slow or unsatisfactory support experience.,353.86,1,0.52135,Engagement reminder
10699,39,72205.0,7,1,130.24,39.13,2,13,0.728,175,4.4,Web,Beauty,Positive,Product Quality,The customer raised concerns about product quality and durability.,130.24,0,0.5213444444444444,Engagement reminder
15709,33,85778.0,54,3,110.87,25.45,3,12,0.494,106,2.3,Web,Electronics,Negative,Price,The customer said the price was high and asked for a better offer.,332.6,0,0.5213388888888889,Engagement reminder
11813,32,65008.0,44,10,133.77,0.6,2,10,0.61,134,2.6,Email,Sports,Neutral,Features,The customer discussed missing features and requested improvements.,1337.74,0,0.5213333333333334,Cross-sell
14240,46,85105.0,54,5,78.55,5.24,0,13,0.385,159,3.8,Web,Home,Neutral,Delivery,The customer mentioned delayed delivery and tracking concerns.,392.76,0,0.5213333333333333,Engagement reminder
13458,67,105519.0,1,5,94.57,11.66,3,13,0.692,139,3.2,Email,Home,Neutral,Product Quality,The customer raised concerns about product quality and durability.,472.83,0,0.5213222222222222,Engagement reminder
11192,42,77481.0,28,10,73.04,30.72,1,5,0.795,180,3.6,Email,Electronics,Neutral,Availability,The customer mentioned stock availability and product access.,730.39,0,0.5212777777777778,Cross-sell
16512,36,92738.0,50,7,59.17,39.54,0,7,0.661,172,3.1,Mobile,Home,Neutral,Delivery,The customer mentioned delayed delivery and tracking concerns.,414.2,0,0.5212722222222222,Cross-sell
10952,23,43917.0,39,5,29.32,9.89,1,16,0.56,147,2.9,Web,Home,Neutral,Product Quality,The customer raised concerns about product quality and durability.,146.58,0,0.5211944444444444,Engagement reminder
14248,21,92816.0,37,5,55.01,14.65,1,10,0.792,178,3.5,Store,Apparel,Neutral,Support,The customer described a slow or unsatisfactory support experience.,275.06,0,0.5211833333333334,Engagement reminder
11938,40,51026.0,69,9,31.03,22.02,2,10,0.917,170,3.1,Email,Beauty,Neutral,Delivery,The customer mentioned delayed delivery and tracking concerns.,279.25,0,0.5211833333333333,Cross-sell
11975,35,77598.0,3,7,56.01,19.25,2,6,0.733,172,4.2,Store,Apparel,Positive,Delivery,The customer mentioned delayed delivery and tracking concerns.,392.08,0,0.5211777777777779,Cross-sell
16915,65,101605.0,60,3,103.71,2.57,3,10,0.558,137,3.8,Web,Electronics,Neutral,Price,The customer said the price was high and asked for a better offer.,311.13,0,0.5211777777777777,Engagement reminder
15386,27,42189.0,57,5,114.2,26.39,0,8,0.297,151,3.8,Web,Apparel,Neutral,Price,The customer said the price was high and asked for a better offer.,571.01,0,0.5211555555555557,Engagement reminder
14181,53,18000.0,45,7,29.2,37.69,3,8,0.613,147,4.1,Web,Sports,Positive,Features,The customer discussed missing features and requested improvements.,204.41,0,0.52115,Cross-sell
12544,53,81063.0,71,7,80.37,3.6,0,11,0.339,175,5.0,Web,Electronics,Positive,Returns,"The customer asked about returns, refunds, or the return process.",562.58,0,0.5210888888888889,Cross-sell
14360,43,62003.0,62,6,100.27,21.87,5,13,0.362,96,3.9,Web,Home,Neutral,Features,The customer discussed missing features and requested improvements.,601.6,1,0.5210722222222223,Cross-sell
11792,29,59443.0,25,6,88.81,13.23,1,12,0.576,172,4.3,Web,Beauty,Positive,Returns,"The customer asked about returns, refunds, or the return process.",532.87,0,0.52105,Cross-sell
12827,49,77468.0,64,7,105.68,17.3,4,9,0.688,153,4.8,Web,Electronics,Positive,Returns,"The customer asked about returns, refunds, or the return process.",739.73,0,0.5210111111111111,Cross-sell
16564,67,88442.0,36,7,81.48,20.23,1,11,0.72,163,3.0,Web,Beauty,Neutral,Availability,The customer mentioned stock availability and product access.,570.37,0,0.521,Cross-sell
13628,34,51533.0,44,8,78.38,38.89,3,9,0.714,156,4.1,Email,Apparel,Positive,Price,The customer said the price was high and asked for a better offer.,627.0,1,0.52095,Cross-sell
11364,25,73494.0,7,3,98.0,12.16,1,2,0.614,172,4.1,Email,Apparel,Positive,Returns,"The customer asked about returns, refunds, or the return process.",294.01,1,0.52095,Engagement reminder
14257,38,35960.0,52,7,113.43,22.91,1,15,0.614,172,4.1,Web,Home,Positive,Delivery,The customer mentioned delayed delivery and tracking concerns.,793.98,0,0.52095,Cross-sell
16668,30,51075.0,1,9,123.22,8.78,2,6,0.662,179,5.0,Web,Apparel,Positive,Features,The customer discussed missing features and requested improvements.,1109.02,0,0.5209333333333334,Cross-sell
14172,60,60339.0,39,5,99.65,19.38,2,10,0.61,149,3.5,Store,Electronics,Neutral,Product Quality,The customer raised concerns about product quality and durability.,498.26,0,0.5209166666666667,Engagement reminder
11746,31,62475.0,3,8,18.0,4.33,1,12,0.876,177,3.0,Web,Sports,Neutral,Support,The customer described a slow or unsatisfactory support experience.,144.0,0,0.5209111111111111,Cross-sell
16837,61,85364.0,31,4,108.65,13.05,2,15,0.631,134,2.5,Web,Electronics,Negative,Returns,"The customer asked about returns, refunds, or the return process.",434.59,0,0.5208833333333334,Engagement reminder
14774,53,49039.0,72,10,104.92,7.65,2,12,0.829,167,3.4,Web,Beauty,Neutral,Product Quality,The customer raised concerns about product quality and durability.,1049.22,0,0.5208666666666668,Cross-sell
17826,49,64392.0,6,7,84.16,0.18,2,9,0.623,140,2.9,Email,Electronics,Neutral,Availability,The customer mentioned stock availability and product access.,589.11,0,0.5208166666666667,Cross-sell
16804,61,45816.0,59,11,58.32,26.77,1,5,0.764,177,3.6,Store,Sports,Neutral,Product Quality,The customer raised concerns about product quality and durability.,641.56,0,0.5208111111111111,Cross-sell
10534,43,55216.0,32,5,99.18,15.98,2,12,0.705,144,2.7,Mobile,Beauty,Neutral,Support,The customer described a slow or unsatisfactory support experience.,495.9,0,0.5208055555555556,Engagement reminder
14506,65,76180.0,44,7,54.3,0.24,1,9,0.592,175,4.4,Web,Beauty,Positive,Returns,"The customer asked about returns, refunds, or the return process.",380.13,1,0.5207666666666667,Cross-sell
12887,52,67944.0,41,4,66.77,20.82,1,10,0.517,175,4.8,Web,Electronics,Positive,Returns,"The customer asked about returns, refunds, or the return process.",267.08,0,0.5207666666666666,Engagement reminder
17261,22,94665.0,67,7,118.24,2.48,4,5,0.683,117,2.7,Store,Apparel,Neutral,Delivery,The customer mentioned delayed delivery and tracking concerns.,827.7,0,0.5207611111111111,Cross-sell
12169,24,50664.0,22,4,104.56,34.72,0,11,0.374,178,5.0,Web,Beauty,Positive,Features,The customer discussed missing features and requested improvements.,418.24,0,0.5207555555555556,Engagement reminder
13256,21,97028.0,40,5,85.76,39.6,3,10,0.506,149,4.8,Web,Apparel,Positive,Delivery,The customer mentioned delayed delivery and tracking concerns.,428.8,0,0.5207444444444445,Engagement reminder
12685,44,97316.0,35,6,142.03,32.12,2,15,0.797,159,3.1,Email,Apparel,Neutral,Features,The customer discussed missing features and requested improvements.,852.15,0,0.5207388888888889,Cross-sell
16773,66,66158.0,13,5,110.72,29.12,0,10,0.545,163,3.2,Store,Home,Neutral,Availability,The customer mentioned stock availability and product access.,553.58,1,0.5207222222222222,Engagement reminder
14186,38,70333.0,43,5,173.04,10.37,2,6,0.745,156,3.2,Mobile,Home,Neutral,Support,The customer described a slow or unsatisfactory support experience.,865.19,0,0.5207222222222222,Engagement reminder
12178,35,71934.0,69,8,55.11,28.18,1,11,0.411,130,2.7,Email,Electronics,Neutral,Support,The customer described a slow or unsatisfactory support experience.,440.87,0,0.5207166666666667,Cross-sell
16071,41,83250.0,58,6,147.4,30.24,4,9,0.484,121,4.0,Email,Sports,Neutral,Price,The customer said the price was high and asked for a better offer.,884.41,0,0.5207,Cross-sell
10389,29,69475.0,37,3,83.5,4.88,3,9,0.634,147,4.0,Mobile,Beauty,Neutral,Delivery,The customer mentioned delayed delivery and tracking concerns.,250.51,0,0.5206999999999999,Engagement reminder
12384,33,79426.0,63,6,74.73,22.76,2,9,0.564,138,3.1,Web,Electronics,Neutral,Price,The customer said the price was high and asked for a better offer.,448.4,0,0.5206722222222222,Cross-sell
12355,40,59644.0,10,4,84.37,1.24,3,7,0.505,132,3.8,Web,Apparel,Neutral,Availability,The customer mentioned stock availability and product access.,337.48,1,0.5206666666666667,Engagement reminder
11188,23,52149.0,68,8,76.32,16.36,3,16,0.758,148,3.4,Web,Home,Neutral,Price,The customer said the price was high and asked for a better offer.,610.59,0,0.5206222222222222,Cross-sell
11197,48,46443.0,4,4,141.22,24.04,2,7,0.397,155,5.0,Email,Electronics,Positive,Features,The customer discussed missing features and requested improvements.,564.86,1,0.5206000000000001,Engagement reminder
11141,59,67036.0,59,9,119.13,15.49,2,8,0.829,150,2.4,Email,Apparel,Negative,Returns,"The customer asked about returns, refunds, or the return process.",1072.19,1,0.520588888888889,Cross-sell
12009,28,88741.0,50,4,65.44,16.66,3,9,0.679,151,4.0,Web,Apparel,Positive,Returns,"The customer asked about returns, refunds, or the return process.",261.75,0,0.5205888888888889,Engagement reminder
14639,61,72166.0,49,8,82.3,4.78,1,11,0.643,166,3.6,Email,Beauty,Neutral,Support,The customer described a slow or unsatisfactory support experience.,658.43,0,0.5205666666666667,Cross-sell
12260,25,78865.0,42,5,74.42,32.33,1,9,0.264,142,4.2,Mobile,Sports,Positive,Product Quality,The customer raised concerns about product quality and durability.,372.08,0,0.5205333333333334,Engagement reminder
13899,45,69267.0,8,7,65.32,23.08,0,7,0.305,143,3.3,Web,Electronics,Neutral,Returns,"The customer asked about returns, refunds, or the return process.",457.27,0,0.5205277777777778,Cross-sell
10233,45,90406.0,42,2,121.95,20.77,1,9,0.569,161,3.7,Email,Home,Neutral,Availability,The customer mentioned stock availability and product access.,243.9,0,0.5205055555555556,Engagement reminder
12421,39,48181.0,39,8,116.28,32.78,2,15,0.649,154,3.6,Web,Apparel,Neutral,Support,The customer described a slow or unsatisfactory support experience.,930.21,1,0.5204777777777778,Cross-sell
11592,23,73141.0,24,6,96.84,34.95,1,12,0.431,157,4.2,Store,Apparel,Positive,Price,The customer said the price was high and asked for a better offer.,581.06,0,0.5204666666666667,Cross-sell
17202,26,25701.0,36,9,50.36,28.03,0,10,0.736,175,2.9,Web,Apparel,Neutral,Price,The customer said the price was high and asked for a better offer.,453.2,0,0.5204388888888889,Cross-sell
12228,31,70751.0,3,7,55.15,3.15,1,13,0.691,150,2.4,Web,Electronics,Negative,Support,The customer described a slow or unsatisfactory support experience.,386.06,0,0.5204111111111112,Cross-sell
14233,44,35202.0,60,8,34.71,35.89,3,18,0.415,144,5.0,Web,Electronics,Positive,Delivery,The customer mentioned delayed delivery and tracking concerns.,277.67,0,0.5203333333333333,Cross-sell
12303,39,57699.0,24,4,92.18,29.59,3,14,0.734,144,3.3,Web,Apparel,Neutral,Product Quality,The customer raised concerns about product quality and durability.,368.72,0,0.5202833333333334,Engagement reminder
13941,57,30300.0,62,4,97.08,35.81,2,9,0.475,145,4.0,Web,Electronics,Neutral,Returns,"The customer asked about returns, refunds, or the return process.",388.33,0,0.5202777777777777,Engagement reminder
13809,61,49479.0,44,4,81.32,10.93,1,13,0.58,172,4.3,Email,Home,Positive,Features,The customer discussed missing features and requested improvements.,325.27,0,0.5202500000000001,Engagement reminder
10047,21,75357.0,62,6,121.46,13.31,0,15,0.494,170,3.9,Store,Beauty,Neutral,Product Quality,The customer raised concerns about product quality and durability.,728.79,0,0.5202277777777777,Cross-sell
15441,56,75209.0,12,8,110.12,21.25,3,13,0.76,148,3.4,Web,Sports,Neutral,Features,The customer discussed missing features and requested improvements.,880.95,0,0.5202222222222221,Cross-sell
17011,55,87360.0,20,2,136.24,38.06,1,11,0.508,152,3.5,Web,Beauty,Neutral,Delivery,The customer mentioned delayed delivery and tracking concerns.,272.49,1,0.5202055555555556,Engagement reminder
11650,57,66882.0,22,9,65.8,3.71,1,4,0.42,139,3.2,Store,Beauty,Neutral,Delivery,The customer mentioned delayed delivery and tracking concerns.,592.24,0,0.5201666666666668,Cross-sell
13291,42,82886.0,23,1,99.91,33.53,0,8,0.486,176,4.3,Mobile,Home,Positive,Price,The customer said the price was high and asked for a better offer.,99.91,1,0.5201611111111112,Engagement reminder
10702,26,62135.0,21,2,53.84,31.68,3,10,0.614,150,4.3,Store,Beauty,Positive,Delivery,The customer mentioned delayed delivery and tracking concerns.,107.69,0,0.5201166666666667,Engagement reminder
10228,27,79197.0,29,3,78.99,26.11,2,15,0.851,172,3.6,Web,Electronics,Neutral,Features,The customer discussed missing features and requested improvements.,236.97,1,0.5200777777777779,Engagement reminder
11405,41,51844.0,39,9,99.47,18.89,1,16,0.701,171,3.6,Mobile,Home,Neutral,Product Quality,The customer raised concerns about product quality and durability.,895.21,0,0.5200777777777779,Cross-sell
12751,36,77463.0,52,8,74.75,4.03,5,9,0.567,114,3.9,Mobile,Sports,Neutral,Support,The customer described a slow or unsatisfactory support experience.,598.02,0,0.5200722222222223,Cross-sell
10972,18,54508.0,2,4,109.67,10.31,1,8,0.583,157,3.4,Email,Apparel,Neutral,Features,The customer discussed missing features and requested improvements.,438.67,0,0.5200666666666667,Engagement reminder
14272,35,67943.0,15,3,66.53,16.15,2,12,0.449,151,4.5,Email,Electronics,Positive,Features,The customer discussed missing features and requested improvements.,199.59,1,0.5200611111111112,Engagement reminder
10139,68,75127.0,71,6,116.77,16.29,1,10,0.236,119,3.0,Mobile,Apparel,Neutral,Availability,The customer mentioned stock availability and product access.,700.59,0,0.5200222222222222,Cross-sell
11718,28,59279.0,72,6,104.31,27.04,3,11,0.502,150,4.9,Mobile,Apparel,Positive,Price,The customer said the price was high and asked for a better offer.,625.84,0,0.5200166666666667,Cross-sell
12617,26,77043.0,38,7,82.58,34.58,2,6,0.584,153,3.9,Store,Electronics,Neutral,Product Quality,The customer raised concerns about product quality and durability.,578.04,1,0.5200055555555555,Cross-sell
12807,52,68581.0,12,8,164.46,20.59,3,15,0.609,136,3.5,Mobile,Sports,Neutral,Price,The customer said the price was high and asked for a better offer.,1315.65,0,0.5200055555555555,Cross-sell
10557,66,79403.0,51,5,125.62,16.47,0,6,0.432,166,4.0,Mobile,Beauty,Positive,Features,The customer discussed missing features and requested improvements.,628.11,1,0.519988888888889,Engagement reminder
14085,21,100529.0,68,8,107.91,35.09,0,10,0.321,129,2.4,Mobile,Home,Negative,Product Quality,The customer raised concerns about product quality and durability.,863.31,0,0.5199666666666667,Cross-sell
16226,53,69106.0,2,7,55.84,4.28,3,12,0.678,154,4.2,Mobile,Electronics,Positive,Returns,"The customer asked about returns, refunds, or the return process.",390.86,1,0.5199555555555555,Cross-sell
12025,68,118980.0,62,6,139.85,15.6,1,15,0.517,178,5.0,Mobile,Home,Positive,Availability,The customer mentioned stock availability and product access.,839.11,0,0.5199333333333334,Cross-sell
13445,59,89239.0,17,5,122.16,5.11,2,11,0.533,145,3.7,Web,Apparel,Neutral,Price,The customer said the price was high and asked for a better offer.,610.78,0,0.5199277777777778,Engagement reminder
13161,34,52117.0,68,9,75.21,8.64,2,11,0.806,151,2.6,Store,Beauty,Neutral,Availability,The customer mentioned stock availability and product access.,676.87,0,0.5199111111111112,Cross-sell
10470,48,78408.0,60,7,100.83,33.0,2,10,0.597,144,3.3,Mobile,Home,Neutral,Availability,The customer mentioned stock availability and product access.,705.8,0,0.5199055555555556,Cross-sell
10074,41,44467.0,49,3,82.1,24.9,3,13,0.718,166,4.7,Email,Sports,Positive,Delivery,The customer mentioned delayed delivery and tracking concerns.,246.3,0,0.5198722222222223,Engagement reminder
11070,61,79966.0,3,7,87.87,18.46,4,8,0.443,122,4.3,Web,Beauty,Positive,Features,The customer discussed missing features and requested improvements.,615.06,1,0.5198722222222223,Cross-sell
11356,59,65155.0,55,7,68.13,10.15,0,5,0.725,167,2.5,Mobile,Beauty,Negative,Features,The customer discussed missing features and requested improvements.,476.93,1,0.5198611111111111,Cross-sell
14494,55,89247.0,24,3,104.07,38.55,2,10,0.623,175,5.0,Email,Sports,Positive,Features,The customer discussed missing features and requested improvements.,312.21,0,0.5198444444444444,Engagement reminder
14617,66,65937.0,24,3,124.27,1.59,1,8,0.228,103,2.1,Mobile,Apparel,Negative,Product Quality,The customer raised concerns about product quality and durability.,372.82,0,0.5198166666666667,Engagement reminder
13800,33,56863.0,10,5,66.31,1.31,1,12,0.785,170,3.1,Email,Beauty,Neutral,Returns,"The customer asked about returns, refunds, or the return process.",331.57,0,0.5198055555555555,Engagement reminder
12888,69,68423.0,23,7,99.67,8.1,0,10,0.54,179,4.2,Mobile,Home,Positive,Returns,"The customer asked about returns, refunds, or the return process.",697.72,1,0.5197777777777778,Cross-sell
16132,33,70244.0,63,8,105.39,12.98,3,5,0.57,156,4.9,Email,Sports,Positive,Support,The customer described a slow or unsatisfactory support experience.,843.11,1,0.51975,Cross-sell
10517,47,80867.0,63,5,82.8,37.22,1,10,0.443,151,3.8,Web,Electronics,Neutral,Product Quality,The customer raised concerns about product quality and durability.,413.98,1,0.5197333333333334,Engagement reminder
16504,39,31166.0,66,5,122.78,3.88,2,10,0.534,118,2.1,Web,Home,Negative,Delivery,The customer mentioned delayed delivery and tracking concerns.,613.88,0,0.5197277777777778,Engagement reminder
10992,26,74007.0,31,7,123.03,0.73,0,13,0.534,170,3.7,Web,Home,Neutral,Availability,The customer mentioned stock availability and product access.,861.2,0,0.5197277777777778,Cross-sell
10098,22,65465.0,71,11,50.74,26.51,4,10,0.598,119,3.3,Web,Home,Neutral,Support,The customer described a slow or unsatisfactory support experience.,558.19,0,0.5197055555555555,Cross-sell
12361,64,53444.0,37,7,113.55,20.71,0,8,0.38,146,3.1,Store,Electronics,Neutral,Delivery,The customer mentioned delayed delivery and tracking concerns.,794.83,0,0.5196944444444445,Cross-sell
12666,46,70591.0,45,7,100.32,14.43,2,7,0.678,163,4.0,Mobile,Home,Neutral,Delivery,The customer mentioned delayed delivery and tracking concerns.,702.22,0,0.5196777777777778,Cross-sell
15045,67,63388.0,65,5,90.59,20.54,3,10,0.892,163,3.6,Email,Beauty,Neutral,Product Quality,The customer raised concerns about product quality and durability.,452.95,0,0.5196555555555555,Engagement reminder
17768,67,67367.0,59,4,123.02,3.66,1,12,0.558,163,3.9,Mobile,Home,Neutral,Support,The customer described a slow or unsatisfactory support experience.,492.06,0,0.51965,Engagement reminder
17910,45,68711.0,28,3,82.54,31.53,2,13,0.729,176,4.5,Web,Electronics,Positive,Product Quality,The customer raised concerns about product quality and durability.,247.62,1,0.5196166666666667,Engagement reminder
16045,69,104757.0,62,6,139.4,18.83,3,9,0.679,159,4.5,Web,Sports,Positive,Product Quality,The customer raised concerns about product quality and durability.,836.4,0,0.5196166666666667,Cross-sell
11403,23,74898.0,43,3,69.81,38.18,0,10,0.395,149,3.2,Email,Beauty,Neutral,Delivery,The customer mentioned delayed delivery and tracking concerns.,209.42,0,0.5196111111111111,Engagement reminder
13930,36,83266.0,17,2,79.64,28.75,2,12,0.861,171,3.5,Email,Sports,Neutral,Features,The customer discussed missing features and requested improvements.,159.28,0,0.5196055555555555,Engagement reminder
14460,61,56736.0,64,5,60.85,11.07,2,9,0.827,173,3.8,Email,Electronics,Neutral,Support,The customer described a slow or unsatisfactory support experience.,304.23,1,0.5196000000000001,Engagement reminder
15732,40,41616.0,48,1,113.25,0.17,2,8,0.623,158,4.0,Email,Beauty,Neutral,Returns,"The customer asked about returns, refunds, or the return process.",113.25,1,0.5195666666666667,Engagement reminder
14259,41,64382.0,26,6,84.17,11.99,2,11,0.298,122,3.6,Web,Apparel,Neutral,Price,The customer said the price was high and asked for a better offer.,505.0,1,0.5195666666666666,Cross-sell
11235,60,59471.0,22,8,90.57,28.09,3,5,0.789,152,3.5,Email,Sports,Neutral,Price,The customer said the price was high and asked for a better offer.,724.52,1,0.5195611111111111,Cross-sell
17813,63,79319.0,41,13,132.31,20.29,2,11,0.828,141,1.9,Mobile,Electronics,Negative,Price,The customer said the price was high and asked for a better offer.,1720.0,0,0.5195388888888889,Cross-sell
14704,31,97987.0,20,5,100.0,23.58,0,7,0.647,175,3.4,Email,Electronics,Neutral,Availability,The customer mentioned stock availability and product access.,500.0,0,0.5194888888888889,Engagement reminder
15304,37,58183.0,68,7,84.04,32.57,0,13,0.468,169,4.0,Store,Electronics,Neutral,Support,The customer described a slow or unsatisfactory support experience.,588.28,0,0.5194555555555556,Cross-sell
16938,60,66764.0,45,7,77.28,26.85,0,19,0.334,135,2.7,Store,Sports,Neutral,Delivery,The customer mentioned delayed delivery and tracking concerns.,540.93,0,0.51945,Cross-sell
16731,62,71451.0,62,5,87.27,26.5,3,5,0.773,164,4.3,Store,Apparel,Positive,Product Quality,The customer raised concerns about product quality and durability.,436.35,0,0.5194277777777778,Engagement reminder
16868,46,93381.0,59,4,137.76,10.9,1,12,0.498,144,3.1,Email,Home,Neutral,Delivery,The customer mentioned delayed delivery and tracking concerns.,551.04,0,0.5194277777777778,Engagement reminder
12005,42,62731.0,37,3,111.32,2.9,3,7,0.548,137,3.9,Mobile,Home,Neutral,Support,The customer described a slow or unsatisfactory support experience.,333.95,0,0.5194277777777777,Engagement reminder
16257,45,40185.0,18,6,126.5,36.23,1,15,0.76,176,3.6,Email,Apparel,Neutral,Price,The customer said the price was high and asked for a better offer.,758.97,1,0.5193888888888889,Cross-sell
16362,68,64417.0,29,4,95.2,12.15,1,9,0.099,130,4.4,Mobile,Electronics,Positive,Returns,"The customer asked about returns, refunds, or the return process.",380.81,1,0.5193666666666668,Engagement reminder
13896,58,72428.0,53,7,92.5,30.74,2,14,0.745,179,4.6,Email,Electronics,Positive,Price,The customer said the price was high and asked for a better offer.,647.51,0,0.5193333333333334,Cross-sell
15177,67,81555.0,5,7,58.36,1.84,0,5,0.711,179,3.3,Email,Apparel,Neutral,Features,The customer discussed missing features and requested improvements.,408.5,0,0.5193277777777778,Cross-sell
13478,42,56121.0,27,9,85.3,17.47,3,10,0.418,132,4.3,Web,Apparel,Positive,Price,The customer said the price was high and asked for a better offer.,767.73,0,0.5193166666666666,Cross-sell
13109,67,86575.0,51,7,141.36,15.11,1,11,0.384,159,4.6,Mobile,Home,Positive,Price,The customer said the price was high and asked for a better offer.,989.53,0,0.5193111111111112,Cross-sell
10523,46,64459.0,23,4,78.13,1.82,1,7,0.775,179,3.7,Web,Beauty,Neutral,Product Quality,The customer raised concerns about product quality and durability.,312.53,1,0.5193055555555556,Engagement reminder
13054,48,74480.0,9,4,121.21,13.19,3,8,0.698,142,3.4,Web,Electronics,Neutral,Returns,"The customer asked about returns, refunds, or the return process.",484.84,0,0.5192888888888889,Engagement reminder
17274,18,43780.0,34,2,60.54,6.22,2,8,0.38,109,2.4,Mobile,Beauty,Negative,Delivery,The customer mentioned delayed delivery and tracking concerns.,121.08,0,0.5192777777777778,Engagement reminder
14771,55,62730.0,6,6,109.02,24.12,1,7,0.528,150,3.3,Mobile,Home,Neutral,Price,The customer said the price was high and asked for a better offer.,654.14,1,0.5192611111111112,Cross-sell
10684,55,41015.0,43,10,86.99,16.58,1,7,0.585,172,4.3,Mobile,Beauty,Positive,Delivery,The customer mentioned delayed delivery and tracking concerns.,869.92,0,0.5192500000000001,Cross-sell
17453,18,97599.0,62,8,106.48,3.71,2,7,0.608,143,3.2,Store,Home,Neutral,Availability,The customer mentioned stock availability and product access.,851.87,0,0.5192333333333333,Cross-sell
13090,30,87079.0,9,7,66.72,22.6,2,12,0.549,163,4.7,Email,Sports,Positive,Returns,"The customer asked about returns, refunds, or the return process.",467.07,0,0.5192277777777778,Cross-sell
11059,37,63277.0,58,6,86.86,14.32,0,8,0.549,161,3.1,Mobile,Beauty,Neutral,Delivery,The customer mentioned delayed delivery and tracking concerns.,521.15,0,0.5192277777777778,Cross-sell
17514,20,29437.0,21,5,96.15,21.74,1,16,0.568,162,3.8,Email,Apparel,Neutral,Features,The customer discussed missing features and requested improvements.,480.76,0,0.5191777777777778,Engagement reminder
17486,32,75570.0,62,9,98.55,23.21,1,9,0.743,171,3.4,Email,Electronics,Neutral,Price,The customer said the price was high and asked for a better offer.,886.99,1,0.5191777777777777,Cross-sell
16942,48,62948.0,63,8,121.45,36.69,2,10,0.782,162,3.4,Store,Electronics,Neutral,Price,The customer said the price was high and asked for a better offer.,971.57,0,0.5191555555555556,Cross-sell
12336,63,106588.0,11,10,57.21,1.25,1,6,0.607,179,4.6,Web,Electronics,Positive,Returns,"The customer asked about returns, refunds, or the return process.",572.08,1,0.5191555555555556,Cross-sell
17311,49,61763.0,52,7,74.13,39.29,2,18,0.573,155,4.1,Email,Apparel,Positive,Product Quality,The customer raised concerns about product quality and durability.,518.91,0,0.5191500000000001,Cross-sell
10025,46,103368.0,64,2,165.8,11.29,1,8,0.355,158,4.7,Mobile,Apparel,Positive,Support,The customer described a slow or unsatisfactory support experience.,331.61,0,0.5191388888888889,Engagement reminder
14279,64,103692.0,25,9,72.37,32.59,0,7,0.63,175,3.5,Web,Electronics,Neutral,Availability,The customer mentioned stock availability and product access.,651.36,1,0.5191388888888889,Cross-sell
17048,39,72820.0,57,7,102.67,13.96,2,13,0.453,129,3.2,Mobile,Home,Neutral,Price,The customer said the price was high and asked for a better offer.,718.69,0,0.5191222222222222,Cross-sell
12772,47,65630.0,45,7,46.87,26.58,1,15,0.844,175,3.1,Mobile,Beauty,Neutral,Price,The customer said the price was high and asked for a better offer.,328.08,1,0.5191166666666667,Cross-sell
14471,48,70682.0,49,6,66.06,26.06,1,7,0.615,151,2.9,Store,Beauty,Neutral,Returns,"The customer asked about returns, refunds, or the return process.",396.35,1,0.5190833333333335,Cross-sell
15989,37,65156.0,17,3,133.14,31.87,2,11,0.481,145,4.0,Web,Sports,Positive,Price,The customer said the price was high and asked for a better offer.,399.42,1,0.5190777777777777,Engagement reminder
11555,57,94042.0,18,6,33.3,32.53,0,16,0.604,176,3.7,Store,Home,Neutral,Price,The customer said the price was high and asked for a better offer.,199.82,0,0.5190611111111111,Cross-sell
12393,67,56864.0,52,5,114.97,7.61,4,7,0.587,143,4.8,Store,Beauty,Positive,Price,The customer said the price was high and asked for a better offer.,574.83,0,0.5189888888888889,Engagement reminder
16969,61,89657.0,66,8,65.07,17.27,1,12,0.597,178,4.6,Email,Electronics,Positive,Support,The customer described a slow or unsatisfactory support experience.,520.57,0,0.5189333333333334,Cross-sell
17449,59,69173.0,48,8,87.53,35.73,2,7,0.479,138,3.6,Store,Apparel,Neutral,Delivery,The customer mentioned delayed delivery and tracking concerns.,700.27,1,0.5189222222222223,Cross-sell
13814,56,63808.0,59,8,132.06,9.36,2,18,0.554,165,4.8,Store,Sports,Positive,Features,The customer discussed missing features and requested improvements.,1056.49,0,0.5189222222222223,Cross-sell
16190,18,86184.0,6,9,159.72,39.96,2,6,0.511,151,4.2,Store,Home,Positive,Product Quality,The customer raised concerns about product quality and durability.,1437.5,0,0.5189111111111112,Cross-sell
15073,40,49973.0,12,2,36.77,37.28,1,10,0.693,163,3.2,Web,Electronics,Neutral,Support,The customer described a slow or unsatisfactory support experience.,73.54,0,0.5189,Engagement reminder
14844,64,83861.0,57,3,80.54,0.14,1,8,0.543,163,4.0,Mobile,Beauty,Positive,Returns,"The customer asked about returns, refunds, or the return process.",241.63,0,0.5189,Engagement reminder
13850,55,82137.0,63,8,103.95,4.81,1,3,0.643,172,4.0,Email,Apparel,Neutral,Product Quality,The customer raised concerns about product quality and durability.,831.59,0,0.5189,Cross-sell
10701,29,95156.0,14,8,105.22,3.15,1,13,0.491,160,4.1,Email,Home,Positive,Product Quality,The customer raised concerns about product quality and durability.,841.79,0,0.5188833333333334,Cross-sell
14124,37,75880.0,23,6,82.61,3.01,2,14,0.537,155,4.3,Web,Electronics,Positive,Availability,The customer mentioned stock availability and product access.,495.66,0,0.51885,Cross-sell
16177,69,84520.0,62,7,104.24,31.43,1,8,0.704,169,3.5,Web,Sports,Neutral,Product Quality,The customer raised concerns about product quality and durability.,729.69,0,0.5187833333333334,Cross-sell
11266,52,59176.0,50,6,80.63,12.27,3,12,0.47,128,3.8,Web,Electronics,Neutral,Features,The customer discussed missing features and requested improvements.,483.76,0,0.5187777777777778,Cross-sell
11973,22,59923.0,28,4,68.6,18.6,2,16,0.702,158,3.6,Web,Apparel,Neutral,Support,The customer described a slow or unsatisfactory support experience.,274.4,0,0.5187666666666667,Engagement reminder
15393,53,69267.0,50,5,110.02,34.47,3,11,0.616,131,3.2,Mobile,Home,Neutral,Delivery,The customer mentioned delayed delivery and tracking concerns.,550.08,0,0.5187444444444445,Engagement reminder
13043,41,56348.0,17,5,96.57,39.3,0,8,0.439,161,3.7,Mobile,Beauty,Neutral,Product Quality,The customer raised concerns about product quality and durability.,482.87,0,0.5187277777777778,Engagement reminder
17343,18,66936.0,39,4,86.41,16.93,1,12,0.41,156,4.3,Web,Apparel,Positive,Returns,"The customer asked about returns, refunds, or the return process.",345.63,0,0.5186944444444445,Engagement reminder
17656,56,99236.0,63,6,84.01,20.42,3,10,0.876,178,4.6,Web,Electronics,Positive,Delivery,The customer mentioned delayed delivery and tracking concerns.,504.08,0,0.518688888888889,Cross-sell
10869,57,88093.0,17,7,117.05,37.52,1,6,0.79,175,3.4,Mobile,Beauty,Neutral,Product Quality,The customer raised concerns about product quality and durability.,819.36,1,0.5186666666666666,Cross-sell
14561,23,41610.0,31,3,62.54,15.25,1,10,0.831,177,3.3,Web,Apparel,Neutral,Availability,The customer mentioned stock availability and product access.,187.61,0,0.5186611111111111,Engagement reminder
10123,56,62855.0,62,5,125.29,26.95,0,10,0.306,149,3.7,Mobile,Electronics,Neutral,Returns,"The customer asked about returns, refunds, or the return process.",626.43,1,0.5186611111111111,Engagement reminder
14155,28,67406.0,45,9,108.3,23.51,1,13,0.488,136,2.7,Web,Sports,Neutral,Support,The customer described a slow or unsatisfactory support experience.,974.74,0,0.51865,Cross-sell
13192,57,72611.0,2,3,105.04,24.94,1,11,0.338,109,1.9,Web,Sports,Negative,Product Quality,The customer raised concerns about product quality and durability.,315.13,1,0.5186499999999999,Engagement reminder
10632,67,22145.0,64,3,102.52,16.13,0,10,0.557,153,2.6,Web,Sports,Neutral,Features,The customer discussed missing features and requested improvements.,307.57,0,0.5186000000000001,Engagement reminder
14311,58,56224.0,5,8,105.36,33.95,3,7,0.886,167,3.9,Email,Sports,Neutral,Price,The customer said the price was high and asked for a better offer.,842.88,0,0.5184944444444445,Cross-sell
15708,29,78075.0,13,8,87.64,37.49,3,13,0.932,161,3.3,Email,Home,Neutral,Availability,The customer mentioned stock availability and product access.,701.11,1,0.5184611111111112,Cross-sell
15385,51,70848.0,63,7,82.35,22.93,0,15,0.723,178,3.2,Store,Home,Neutral,Returns,"The customer asked about returns, refunds, or the return process.",576.42,0,0.5184555555555556,Cross-sell
13234,48,51035.0,13,6,75.33,14.55,1,7,0.798,179,3.6,Mobile,Electronics,Neutral,Features,The customer discussed missing features and requested improvements.,451.99,0,0.5184555555555556,Cross-sell
11126,56,54014.0,16,15,83.62,28.15,3,10,0.813,130,2.1,Web,Electronics,Negative,Delivery,The customer mentioned delayed delivery and tracking concerns.,1254.36,0,0.5183722222222222,Cross-sell
13649,24,86425.0,57,8,93.16,28.09,3,13,0.325,108,3.4,Store,Home,Neutral,Product Quality,The customer raised concerns about product quality and durability.,745.26,0,0.5183333333333333,Cross-sell
14675,48,94852.0,27,7,144.0,2.2,2,10,0.814,178,4.2,Mobile,Home,Positive,Product Quality,The customer raised concerns about product quality and durability.,1007.97,0,0.5183111111111112,Cross-sell
17461,46,47059.0,63,5,93.16,23.68,2,10,0.471,137,3.6,Web,Electronics,Neutral,Delivery,The customer mentioned delayed delivery and tracking concerns.,465.78,0,0.5183,Engagement reminder
16961,39,61706.0,61,5,132.78,3.52,0,8,0.351,163,4.3,Store,Apparel,Positive,Product Quality,The customer raised concerns about product quality and durability.,663.91,1,0.5182722222222222,Engagement reminder
17359,21,54895.0,12,4,81.66,17.11,1,12,0.602,141,2.4,Email,Electronics,Negative,Product Quality,The customer raised concerns about product quality and durability.,326.64,0,0.5182111111111112,Engagement reminder
10882,22,53029.0,27,11,85.77,19.77,2,12,0.578,128,2.5,Mobile,Electronics,Neutral,Returns,"The customer asked about returns, refunds, or the return process.",943.47,0,0.51815,Cross-sell
11573,52,61941.0,16,5,120.97,30.42,0,12,0.819,173,2.4,Email,Apparel,Negative,Delivery,The customer mentioned delayed delivery and tracking concerns.,604.85,0,0.5181444444444445,Engagement reminder
14489,20,59154.0,24,9,41.97,25.47,1,6,0.608,155,3.2,Mobile,Home,Neutral,Support,The customer described a slow or unsatisfactory support experience.,377.77,0,0.5181222222222223,Cross-sell
11946,23,71200.0,64,5,98.52,14.98,0,13,0.449,165,3.9,Mobile,Electronics,Neutral,Product Quality,The customer raised concerns about product quality and durability.,492.58,1,0.5181166666666667,Engagement reminder
12176,55,77385.0,36,6,116.46,21.21,4,8,0.824,142,3.5,Email,Sports,Neutral,Price,The customer said the price was high and asked for a better offer.,698.74,0,0.5181166666666667,Cross-sell
13742,46,59073.0,51,3,41.03,25.67,1,7,0.434,141,3.3,Store,Beauty,Neutral,Features,The customer discussed missing features and requested improvements.,123.08,1,0.5180611111111112,Engagement reminder
13992,20,35745.0,7,6,106.64,28.69,2,7,0.421,156,5.0,Email,Home,Positive,Support,The customer described a slow or unsatisfactory support experience.,639.85,0,0.5180222222222223,Cross-sell
10808,38,96582.0,13,8,100.91,13.2,4,15,0.812,151,4.1,Mobile,Home,Positive,Price,The customer said the price was high and asked for a better offer.,807.32,0,0.5180166666666668,Cross-sell
16359,67,71399.0,13,4,75.76,25.99,2,10,0.512,149,4.1,Store,Sports,Positive,Price,The customer said the price was high and asked for a better offer.,303.04,0,0.5180166666666668,Engagement reminder
17388,18,64827.0,50,5,107.78,31.89,1,11,0.678,168,3.6,Email,Apparel,Neutral,Features,The customer discussed missing features and requested improvements.,538.92,1,0.5180111111111112,Engagement reminder
14727,35,97794.0,54,6,85.51,17.89,0,11,0.501,173,4.1,Mobile,Beauty,Positive,Support,The customer described a slow or unsatisfactory support experience.,513.04,0,0.5179944444444445,Cross-sell
15056,32,56479.0,42,7,77.53,2.52,0,13,0.199,161,5.0,Mobile,Electronics,Positive,Availability,The customer mentioned stock availability and product access.,542.71,0,0.5179777777777779,Cross-sell
12393,54,56414.0,67,3,142.62,15.14,1,14,0.561,149,3.1,Web,Home,Neutral,Delivery,The customer mentioned delayed delivery and tracking concerns.,427.87,1,0.517938888888889,Engagement reminder
13972,47,98764.0,56,5,121.35,12.26,1,4,0.682,170,3.7,Mobile,Home,Neutral,Support,The customer described a slow or unsatisfactory support experience.,606.73,0,0.5179055555555555,Engagement reminder
14503,39,73017.0,63,8,95.07,3.25,3,9,0.805,178,5.0,Mobile,Beauty,Positive,Delivery,The customer mentioned delayed delivery and tracking concerns.,760.59,1,0.517888888888889,Cross-sell
13297,31,73252.0,54,7,114.05,28.46,2,17,0.753,174,4.3,Email,Beauty,Positive,Price,The customer said the price was high and asked for a better offer.,798.34,1,0.5178722222222223,Cross-sell
13344,56,71553.0,5,3,84.13,32.12,1,9,0.578,164,3.9,Mobile,Beauty,Neutral,Price,The customer said the price was high and asked for a better offer.,252.39,1,0.5178722222222223,Engagement reminder
13400,67,70591.0,30,8,106.24,18.27,1,13,0.46,150,3.7,Web,Beauty,Neutral,Delivery,The customer mentioned delayed delivery and tracking concerns.,849.93,0,0.5178611111111111,Cross-sell
16418,25,53111.0,49,4,72.3,23.66,1,12,0.574,167,4.1,Email,Beauty,Positive,Price,The customer said the price was high and asked for a better offer.,289.19,1,0.517838888888889,Engagement reminder
10850,26,99345.0,68,11,130.72,2.41,3,5,0.624,133,3.3,Mobile,Sports,Neutral,Delivery,The customer mentioned delayed delivery and tracking concerns.,1437.89,0,0.5178388888888888,Cross-sell
15219,29,66816.0,69,4,75.46,4.6,0,6,0.299,148,3.7,Mobile,Apparel,Neutral,Returns,"The customer asked about returns, refunds, or the return process.",301.84,1,0.5178388888888888,Engagement reminder
13352,55,94026.0,36,8,104.32,6.42,2,4,0.693,177,4.8,Web,Home,Positive,Price,The customer said the price was high and asked for a better offer.,834.55,0,0.5177888888888889,Cross-sell
17124,55,35475.0,55,11,111.91,17.41,1,14,0.678,178,4.2,Store,Electronics,Positive,Price,The customer said the price was high and asked for a better offer.,1231.02,0,0.5177333333333334,Cross-sell
11925,36,26677.0,27,6,126.28,18.34,2,9,0.776,176,4.3,Store,Apparel,Positive,Product Quality,The customer raised concerns about product quality and durability.,757.7,0,0.5177166666666667,Cross-sell
14871,18,55486.0,14,7,43.36,17.66,1,16,0.679,173,3.9,Email,Apparel,Neutral,Price,The customer said the price was high and asked for a better offer.,303.49,0,0.5176722222222222,Cross-sell
13685,42,77007.0,44,6,134.74,39.61,0,12,0.559,173,3.8,Store,Apparel,Neutral,Returns,"The customer asked about returns, refunds, or the return process.",808.44,0,0.5176444444444445,Cross-sell
11894,35,64815.0,13,6,123.82,11.41,0,9,0.525,175,4.1,Mobile,Beauty,Positive,Price,The customer said the price was high and asked for a better offer.,742.89,1,0.517638888888889,Cross-sell
10915,27,66952.0,47,8,129.1,26.47,2,12,0.471,135,3.5,Web,Apparel,Neutral,Availability,The customer mentioned stock availability and product access.,1032.84,0,0.5176055555555557,Cross-sell
16429,68,67401.0,15,6,137.03,22.42,2,14,0.851,154,2.6,Email,Sports,Neutral,Features,The customer discussed missing features and requested improvements.,822.19,1,0.5175777777777778,Cross-sell
10729,63,63806.0,11,7,83.58,3.55,2,6,0.717,147,2.9,Email,Home,Neutral,Price,The customer said the price was high and asked for a better offer.,585.08,0,0.5175722222222222,Cross-sell
13200,30,63877.0,29,7,85.51,1.98,1,5,0.749,159,2.7,Mobile,Apparel,Neutral,Support,The customer described a slow or unsatisfactory support experience.,598.56,0,0.5175611111111111,Cross-sell
15496,45,50021.0,36,9,90.09,20.75,1,8,0.765,179,3.8,Web,Beauty,Neutral,Price,The customer said the price was high and asked for a better offer.,810.84,0,0.5175555555555555,Cross-sell
17271,31,98695.0,17,8,120.68,32.69,3,10,0.22,110,4.1,Store,Electronics,Positive,Delivery,The customer mentioned delayed delivery and tracking concerns.,965.46,0,0.5175277777777778,Cross-sell
13979,40,46488.0,32,7,71.98,30.42,0,10,0.261,136,3.2,Mobile,Apparel,Neutral,Product Quality,The customer raised concerns about product quality and durability.,503.88,0,0.5175222222222222,Cross-sell
14688,62,77669.0,47,9,61.07,24.83,1,5,0.502,157,3.9,Mobile,Beauty,Neutral,Support,The customer described a slow or unsatisfactory support experience.,549.63,0,0.5175166666666667,Cross-sell
11826,21,70790.0,17,5,72.52,4.92,0,11,0.707,166,2.6,Mobile,Beauty,Neutral,Availability,The customer mentioned stock availability and product access.,362.6,1,0.5174888888888889,Engagement reminder
10972,62,64972.0,19,7,156.76,35.32,2,18,0.548,152,4.1,Web,Home,Positive,Features,The customer discussed missing features and requested improvements.,1097.35,0,0.5174833333333333,Cross-sell
11601,28,56743.0,23,4,71.53,8.49,2,13,0.635,148,3.4,Email,Sports,Neutral,Price,The customer said the price was high and asked for a better offer.,286.1,0,0.5174444444444445,Engagement reminder
17431,50,46396.0,44,6,87.31,28.01,1,16,0.674,164,3.4,Mobile,Beauty,Neutral,Features,The customer discussed missing features and requested improvements.,523.83,0,0.5174222222222222,Cross-sell
10239,55,49210.0,40,2,70.76,31.19,1,10,0.352,162,5.0,Email,Electronics,Positive,Delivery,The customer mentioned delayed delivery and tracking concerns.,141.52,1,0.5173777777777778,Engagement reminder
17511,36,103580.0,19,4,45.11,9.53,2,9,0.559,158,4.4,Email,Home,Positive,Price,The customer said the price was high and asked for a better offer.,180.43,1,0.5173666666666668,Engagement reminder
10317,54,69866.0,50,3,63.18,1.05,0,6,0.43,141,2.6,Web,Home,Neutral,Product Quality,The customer raised concerns about product quality and durability.,189.55,0,0.5173333333333333,Engagement reminder
13335,49,99317.0,15,6,124.86,32.48,1,10,0.51,134,2.5,Email,Beauty,Negative,Features,The customer discussed missing features and requested improvements.,749.19,0,0.5173055555555556,Cross-sell
14137,59,52201.0,52,7,142.64,32.62,1,9,0.681,173,3.9,Mobile,Apparel,Neutral,Features,The customer discussed missing features and requested improvements.,998.49,0,0.5172722222222222,Cross-sell
11826,22,49614.0,34,6,109.8,18.38,1,11,0.622,139,2.2,Web,Sports,Negative,Support,The customer described a slow or unsatisfactory support experience.,658.8,0,0.5172666666666668,Cross-sell
15412,36,71949.0,42,8,90.74,17.55,2,10,0.27,110,3.1,Mobile,Electronics,Neutral,Price,The customer said the price was high and asked for a better offer.,725.91,0,0.5172500000000001,Cross-sell
15707,31,61259.0,60,8,54.14,7.33,1,7,0.62,154,3.1,Email,Home,Neutral,Availability,The customer mentioned stock availability and product access.,433.15,0,0.51725,Cross-sell
11901,29,49289.0,62,5,103.35,33.82,1,12,0.474,156,4.0,Web,Apparel,Neutral,Price,The customer said the price was high and asked for a better offer.,516.74,1,0.5171444444444445,Engagement reminder
11343,20,87438.0,26,6,62.63,15.2,1,11,0.836,170,2.9,Mobile,Apparel,Neutral,Features,The customer discussed missing features and requested improvements.,375.77,1,0.5171055555555556,Cross-sell
11691,60,40779.0,60,6,82.89,5.43,3,11,0.593,140,3.9,Email,Beauty,Neutral,Returns,"The customer asked about returns, refunds, or the return process.",497.32,0,0.5170944444444444,Cross-sell
10893,21,62054.0,9,3,106.22,34.26,2,10,0.516,127,2.8,Mobile,Home,Neutral,Delivery,The customer mentioned delayed delivery and tracking concerns.,318.66,0,0.5170777777777779,Engagement reminder
12413,44,58783.0,53,5,104.73,11.06,3,10,0.489,134,4.1,Mobile,Sports,Positive,Product Quality,The customer raised concerns about product quality and durability.,523.66,0,0.5170611111111112,Engagement reminder
13092,56,52650.0,52,7,66.79,31.49,1,11,0.719,156,2.7,Email,Home,Neutral,Product Quality,The customer raised concerns about product quality and durability.,467.53,1,0.5168944444444445,Cross-sell
14191,69,64533.0,51,11,77.37,3.42,1,12,0.34,132,3.3,Mobile,Electronics,Neutral,Product Quality,The customer raised concerns about product quality and durability.,851.07,0,0.5168611111111111,Cross-sell
16429,48,48656.0,40,4,59.94,29.52,3,9,0.447,120,3.5,Email,Home,Neutral,Features,The customer discussed missing features and requested improvements.,239.74,1,0.5168499999999999,Engagement reminder
17095,46,92603.0,63,4,100.29,38.17,1,8,0.759,168,3.2,Mobile,Electronics,Neutral,Features,The customer discussed missing features and requested improvements.,401.14,1,0.5168111111111111,Engagement reminder
15581,43,85894.0,10,6,60.9,19.06,1,12,0.584,159,3.6,Email,Beauty,Neutral,Availability,The customer mentioned stock availability and product access.,365.42,1,0.5168111111111111,Cross-sell
14369,59,82629.0,2,4,67.99,2.59,1,5,0.423,158,4.4,Email,Electronics,Positive,Price,The customer said the price was high and asked for a better offer.,271.98,1,0.516788888888889,Engagement reminder
13803,33,97610.0,56,9,131.28,31.43,2,10,0.728,151,3.1,Email,Sports,Neutral,Price,The customer said the price was high and asked for a better offer.,1181.55,0,0.5167611111111112,Cross-sell
14192,34,96534.0,18,8,58.46,35.79,0,11,0.474,170,4.1,Mobile,Electronics,Positive,Features,The customer discussed missing features and requested improvements.,467.64,1,0.5167277777777778,Cross-sell
16020,65,60043.0,67,5,45.23,29.21,1,8,0.465,155,4.0,Mobile,Beauty,Positive,Support,The customer described a slow or unsatisfactory support experience.,226.15,0,0.5167222222222223,Engagement reminder
10625,52,40712.0,34,9,89.53,8.8,1,13,0.563,152,3.3,Mobile,Beauty,Neutral,Features,The customer discussed missing features and requested improvements.,805.8,0,0.5167055555555556,Cross-sell
17637,45,63492.0,60,11,67.11,21.46,1,9,0.545,147,3.1,Mobile,Apparel,Neutral,Product Quality,The customer raised concerns about product quality and durability.,738.22,0,0.5166944444444445,Cross-sell
13900,26,68165.0,34,7,78.73,36.08,2,6,0.611,159,4.2,Web,Sports,Positive,Product Quality,The customer raised concerns about product quality and durability.,551.09,0,0.5166888888888889,Cross-sell
14954,42,51393.0,41,8,91.61,33.48,1,2,0.675,157,3.0,Email,Home,Neutral,Returns,"The customer asked about returns, refunds, or the return process.",732.9,0,0.5166666666666667,Cross-sell
16688,36,40723.0,1,3,111.83,28.54,0,9,0.816,167,2.1,Store,Apparel,Negative,Product Quality,The customer raised concerns about product quality and durability.,335.48,1,0.5166611111111111,Engagement reminder
17266,45,71432.0,7,3,132.11,33.56,4,10,0.419,88,2.5,Store,Sports,Neutral,Support,The customer described a slow or unsatisfactory support experience.,396.34,0,0.5166166666666666,Engagement reminder
11485,26,65763.0,9,4,95.73,4.79,1,10,0.51,159,4.0,Email,Home,Positive,Returns,"The customer asked about returns, refunds, or the return process.",382.93,1,0.5166111111111111,Engagement reminder
16708,48,104366.0,44,4,108.96,27.24,2,3,0.585,160,4.4,Email,Apparel,Positive,Product Quality,The customer raised concerns about product quality and durability.,435.86,0,0.5166111111111111,Engagement reminder
16060,20,86702.0,43,8,95.13,33.33,1,5,0.51,132,2.4,Email,Home,Negative,Price,The customer said the price was high and asked for a better offer.,761.01,0,0.5166111111111111,Cross-sell
15174,21,79330.0,11,5,138.2,3.76,0,7,0.542,171,3.8,Email,Beauty,Neutral,Support,The customer described a slow or unsatisfactory support experience.,691.0,1,0.5166000000000001,Engagement reminder
13764,57,83260.0,57,2,102.8,36.22,1,10,0.365,124,2.7,Email,Beauty,Neutral,Price,The customer said the price was high and asked for a better offer.,205.59,0,0.5165833333333334,Engagement reminder
13403,44,33255.0,27,11,79.2,12.12,2,4,0.486,146,4.1,Store,Beauty,Positive,Price,The customer said the price was high and asked for a better offer.,871.18,0,0.5165500000000001,Cross-sell
16361,50,72980.0,25,5,89.69,37.65,0,14,0.632,174,3.5,Mobile,Beauty,Neutral,Price,The customer said the price was high and asked for a better offer.,448.45,0,0.5165166666666667,Engagement reminder
16621,29,85442.0,8,3,93.1,26.12,1,10,0.455,127,2.4,Store,Sports,Negative,Delivery,The customer mentioned delayed delivery and tracking concerns.,279.3,0,0.5165000000000001,Engagement reminder
16530,30,60329.0,65,4,50.39,6.61,2,7,0.262,141,5.0,Email,Home,Positive,Features,The customer discussed missing features and requested improvements.,201.54,0,0.516488888888889,Engagement reminder
10416,41,63981.0,26,4,147.73,14.72,2,8,0.651,149,3.4,Web,Home,Neutral,Product Quality,The customer raised concerns about product quality and durability.,590.93,1,0.5164666666666666,Engagement reminder
15755,42,84612.0,8,9,99.16,3.29,1,14,0.499,163,4.3,Email,Home,Positive,Price,The customer said the price was high and asked for a better offer.,892.45,0,0.5164500000000001,Cross-sell
13772,33,35835.0,63,2,54.64,24.76,2,11,0.522,134,3.2,Store,Sports,Neutral,Support,The customer described a slow or unsatisfactory support experience.,109.28,1,0.5164333333333334,Engagement reminder
12230,19,94401.0,36,6,122.39,12.71,2,9,0.445,149,4.5,Email,Sports,Positive,Price,The customer said the price was high and asked for a better offer.,734.31,0,0.5164166666666667,Cross-sell
11585,32,65924.0,48,7,64.44,20.52,2,11,0.643,155,3.8,Mobile,Apparel,Neutral,Product Quality,The customer raised concerns about product quality and durability.,451.08,0,0.5164000000000001,Cross-sell
12846,69,81013.0,65,7,117.9,25.13,3,10,0.843,174,4.6,Mobile,Sports,Positive,Support,The customer described a slow or unsatisfactory support experience.,825.32,1,0.5164000000000001,Cross-sell
12096,42,90117.0,59,5,106.35,26.92,4,10,0.784,141,3.7,Store,Apparel,Neutral,Product Quality,The customer raised concerns about product quality and durability.,531.73,0,0.5163944444444445,Engagement reminder
11912,54,31784.0,61,5,103.32,29.72,0,8,0.605,158,2.7,Web,Home,Neutral,Availability,The customer mentioned stock availability and product access.,516.59,0,0.5163611111111112,Engagement reminder
12562,44,62523.0,54,6,101.67,35.93,1,12,0.419,149,3.9,Email,Apparel,Neutral,Price,The customer said the price was high and asked for a better offer.,610.02,0,0.5163388888888889,Cross-sell
15516,44,83977.0,67,3,138.57,33.77,2,11,0.551,145,3.7,Web,Apparel,Neutral,Support,The customer described a slow or unsatisfactory support experience.,415.71,1,0.5163277777777777,Engagement reminder
16550,47,72805.0,53,5,145.44,6.28,5,9,0.417,87,3.2,Store,Apparel,Neutral,Support,The customer described a slow or unsatisfactory support experience.,727.19,0,0.5163222222222222,Engagement reminder
12554,18,86666.0,50,6,123.61,32.21,3,6,0.417,112,3.2,Mobile,Sports,Neutral,Returns,"The customer asked about returns, refunds, or the return process.",741.64,0,0.5163222222222222,Cross-sell
10739,69,55115.0,35,14,73.55,10.49,1,8,0.483,148,3.5,Mobile,Sports,Neutral,Delivery,The customer mentioned delayed delivery and tracking concerns.,1029.76,0,0.5163166666666666,Cross-sell
10666,67,54841.0,70,5,137.65,18.39,1,7,0.863,167,2.6,Email,Home,Neutral,Returns,"The customer asked about returns, refunds, or the return process.",688.23,0,0.5162888888888889,Engagement reminder
14208,54,83066.0,1,5,123.7,30.28,1,9,0.62,162,3.6,Store,Electronics,Neutral,Price,The customer said the price was high and asked for a better offer.,618.51,0,0.5162777777777778,Engagement reminder
14205,53,62547.0,23,6,76.45,27.48,4,10,0.473,118,4.0,Web,Electronics,Neutral,Support,The customer described a slow or unsatisfactory support experience.,458.7,0,0.5162333333333333,Cross-sell
13478,64,53787.0,27,9,101.35,29.15,1,9,0.851,176,3.2,Web,Apparel,Neutral,Delivery,The customer mentioned delayed delivery and tracking concerns.,912.12,0,0.5161888888888889,Cross-sell
13162,69,87230.0,41,12,102.62,30.79,1,10,0.665,166,3.6,Web,Apparel,Neutral,Returns,"The customer asked about returns, refunds, or the return process.",1231.49,0,0.5161666666666668,Cross-sell
14487,64,61322.0,46,7,41.59,6.61,0,3,0.361,168,4.6,Store,Apparel,Positive,Price,The customer said the price was high and asked for a better offer.,291.12,0,0.5161333333333333,Cross-sell
13863,33,52954.0,16,7,41.06,39.37,1,12,0.816,161,2.5,Store,Apparel,Negative,Product Quality,The customer raised concerns about product quality and durability.,287.43,0,0.5161055555555556,Cross-sell
13917,57,84302.0,1,5,61.84,20.87,0,10,0.716,178,3.3,Web,Sports,Neutral,Availability,The customer mentioned stock availability and product access.,309.2,1,0.5161055555555556,Engagement reminder
10792,23,80106.0,48,6,66.96,10.07,2,10,0.639,168,4.6,Mobile,Apparel,Positive,Price,The customer said the price was high and asked for a better offer.,401.79,0,0.5160888888888889,Cross-sell
17220,68,58973.0,33,8,86.06,20.06,0,11,0.696,161,2.4,Web,Apparel,Negative,Product Quality,The customer raised concerns about product quality and durability.,688.46,0,0.5160777777777779,Cross-sell
11273,55,89725.0,15,7,91.68,31.45,1,9,0.587,164,3.9,Mobile,Beauty,Neutral,Features,The customer discussed missing features and requested improvements.,641.79,0,0.5160722222222223,Cross-sell
10639,43,81820.0,47,7,89.38,1.7,1,12,0.669,141,2.1,Mobile,Beauty,Negative,Returns,"The customer asked about returns, refunds, or the return process.",625.63,0,0.5160611111111111,Cross-sell
14399,51,63557.0,36,6,146.98,10.24,1,10,0.635,170,4.0,Store,Sports,Positive,Delivery,The customer mentioned delayed delivery and tracking concerns.,881.9,0,0.5160555555555556,Cross-sell
17874,27,35992.0,35,7,83.15,39.85,1,14,0.708,158,2.9,Mobile,Sports,Neutral,Returns,"The customer asked about returns, refunds, or the return process.",582.07,0,0.5160388888888889,Cross-sell
16470,31,59435.0,1,5,41.89,34.81,0,14,0.522,147,2.5,Mobile,Home,Neutral,Availability,The customer mentioned stock availability and product access.,209.44,0,0.5160166666666667,Engagement reminder
14209,41,78102.0,66,8,102.97,26.51,3,11,0.238,89,2.8,Email,Sports,Neutral,Delivery,The customer mentioned delayed delivery and tracking concerns.,823.77,0,0.5160111111111112,Cross-sell
14300,48,67616.0,45,10,140.52,17.63,4,14,0.793,145,3.9,Email,Home,Neutral,Availability,The customer mentioned stock availability and product access.,1405.16,0,0.5159833333333333,Cross-sell
11001,20,70721.0,5,5,133.9,2.56,4,13,0.789,121,2.5,Store,Sports,Neutral,Support,The customer described a slow or unsatisfactory support experience.,669.48,1,0.51595,Engagement reminder
10875,40,89467.0,41,6,124.06,39.68,1,9,0.63,156,3.2,Store,Sports,Neutral,Price,The customer said the price was high and asked for a better offer.,744.34,1,0.5159444444444444,Cross-sell
10927,64,87253.0,47,9,127.5,34.2,2,13,0.685,167,4.3,Email,Electronics,Positive,Support,The customer described a slow or unsatisfactory support experience.,1147.49,0,0.5159166666666668,Cross-sell
14687,47,99250.0,23,3,100.04,10.75,3,7,0.542,118,2.9,Email,Apparel,Neutral,Price,The customer said the price was high and asked for a better offer.,300.11,1,0.5159055555555556,Engagement reminder
13285,31,72076.0,28,9,98.62,3.42,0,12,0.558,162,3.2,Web,Electronics,Neutral,Price,The customer said the price was high and asked for a better offer.,887.58,0,0.5159,Cross-sell
13767,33,75687.0,4,7,71.18,16.82,3,14,0.383,129,4.4,Email,Home,Positive,Price,The customer said the price was high and asked for a better offer.,498.25,0,0.5159,Cross-sell
16158,30,98348.0,19,8,89.94,35.02,2,10,0.597,154,4.0,Web,Beauty,Positive,Returns,"The customer asked about returns, refunds, or the return process.",719.55,0,0.5158777777777778,Cross-sell
12797,30,27097.0,44,9,73.12,2.27,4,9,0.463,122,4.3,Mobile,Home,Positive,Features,The customer discussed missing features and requested improvements.,658.12,0,0.5158722222222223,Cross-sell
10389,46,51542.0,66,6,98.36,12.27,2,13,0.554,167,5.0,Web,Electronics,Positive,Price,The customer said the price was high and asked for a better offer.,590.18,0,0.5158666666666667,Cross-sell
17168,49,85585.0,42,9,107.77,13.87,0,5,0.645,158,2.5,Web,Electronics,Neutral,Support,The customer described a slow or unsatisfactory support experience.,969.96,0,0.5158611111111111,Cross-sell
12929,52,36194.0,72,7,30.95,10.42,0,17,0.591,170,3.5,Web,Beauty,Neutral,Product Quality,The customer raised concerns about product quality and durability.,216.64,1,0.5158277777777778,Cross-sell
10577,25,64782.0,27,9,59.51,3.86,2,11,0.557,147,3.8,Web,Electronics,Neutral,Availability,The customer mentioned stock availability and product access.,535.58,0,0.5158222222222223,Cross-sell
17589,36,49154.0,43,6,71.38,35.0,3,12,0.453,115,3.2,Email,Apparel,Neutral,Support,The customer described a slow or unsatisfactory support experience.,428.26,1,0.5157888888888889,Cross-sell
12431,56,56854.0,12,3,76.73,36.98,1,3,0.365,127,2.9,Mobile,Sports,Neutral,Features,The customer discussed missing features and requested improvements.,230.19,1,0.51575,Engagement reminder
15683,42,74830.0,25,3,69.39,23.31,3,8,0.777,161,4.2,Mobile,Home,Positive,Product Quality,The customer raised concerns about product quality and durability.,208.16,0,0.5157111111111111,Engagement reminder
17991,41,74308.0,50,8,151.9,34.87,2,8,0.866,168,3.4,Store,Electronics,Neutral,Price,The customer said the price was high and asked for a better offer.,1215.22,1,0.5156888888888889,Cross-sell
17432,30,69237.0,47,4,133.75,31.09,2,11,0.482,152,4.5,Mobile,Electronics,Positive,Availability,The customer mentioned stock availability and product access.,535.01,0,0.5156833333333334,Engagement reminder
13286,62,80124.0,59,6,81.0,17.0,1,10,0.562,170,4.4,Email,Electronics,Positive,Delivery,The customer mentioned delayed delivery and tracking concerns.,486.01,1,0.5156555555555555,Cross-sell
11871,31,71215.0,36,6,137.88,8.08,2,12,0.519,157,4.6,Store,Sports,Positive,Delivery,The customer mentioned delayed delivery and tracking concerns.,827.28,0,0.5156444444444445,Cross-sell
10670,62,66280.0,7,2,83.07,21.62,4,9,0.301,109,4.4,Mobile,Sports,Positive,Features,The customer discussed missing features and requested improvements.,166.13,0,0.5156333333333333,Engagement reminder
14877,20,70492.0,12,8,100.58,29.4,0,10,0.465,167,4.0,Web,Beauty,Neutral,Support,The customer described a slow or unsatisfactory support experience.,804.62,0,0.5156111111111111,Cross-sell
12786,64,67887.0,67,5,120.07,16.29,2,9,0.656,171,4.7,Email,Apparel,Positive,Returns,"The customer asked about returns, refunds, or the return process.",600.37,0,0.5156055555555555,Engagement reminder
10248,46,104377.0,5,5,147.49,2.58,2,13,0.759,160,3.5,Email,Beauty,Neutral,Delivery,The customer mentioned delayed delivery and tracking concerns.,737.44,1,0.5155611111111111,Engagement reminder
10550,19,77221.0,49,12,84.74,23.76,4,7,0.816,130,2.9,Mobile,Electronics,Neutral,Features,The customer discussed missing features and requested improvements.,1016.87,0,0.5155500000000001,Cross-sell
17194,23,67173.0,65,9,61.22,23.07,2,6,0.803,169,3.8,Mobile,Apparel,Neutral,Availability,The customer mentioned stock availability and product access.,550.98,0,0.5155111111111111,Cross-sell
15816,21,52809.0,46,6,138.75,38.06,1,9,0.453,150,3.8,Mobile,Sports,Neutral,Price,The customer said the price was high and asked for a better offer.,832.53,0,0.5155111111111111,Cross-sell
17666,68,56351.0,4,11,42.45,35.23,1,15,0.801,156,2.3,Web,Sports,Negative,Support,The customer described a slow or unsatisfactory support experience.,466.99,0,0.5154944444444445,Cross-sell
12306,49,110629.0,9,4,86.0,29.79,1,8,0.565,155,3.5,Email,Electronics,Neutral,Price,The customer said the price was high and asked for a better offer.,344.02,0,0.5154722222222223,Engagement reminder
10796,27,82160.0,42,4,50.81,9.38,1,9,0.806,175,3.4,Web,Beauty,Neutral,Price,The customer said the price was high and asked for a better offer.,203.24,0,0.5154666666666667,Engagement reminder
10830,28,66301.0,21,7,102.73,25.72,2,12,0.468,127,3.1,Web,Sports,Neutral,Features,The customer discussed missing features and requested improvements.,719.1,0,0.5154277777777778,Cross-sell
16867,28,64863.0,36,7,77.61,8.12,0,7,0.284,127,2.6,Email,Home,Neutral,Price,The customer said the price was high and asked for a better offer.,543.3,0,0.5154222222222222,Cross-sell
13594,25,63482.0,13,7,93.69,22.08,2,10,0.625,131,2.5,Web,Beauty,Neutral,Price,The customer said the price was high and asked for a better offer.,655.86,0,0.5154166666666666,Cross-sell
11663,20,100055.0,66,5,81.69,9.64,0,12,0.516,158,3.2,Email,Beauty,Neutral,Support,The customer described a slow or unsatisfactory support experience.,408.45,0,0.5154111111111112,Engagement reminder
14185,19,100276.0,16,9,28.4,37.46,3,12,0.682,154,4.3,Web,Home,Positive,Support,The customer described a slow or unsatisfactory support experience.,255.58,0,0.5154055555555556,Cross-sell
14179,69,44031.0,31,6,123.6,0.5,1,13,0.323,145,4.2,Store,Sports,Positive,Delivery,The customer mentioned delayed delivery and tracking concerns.,741.62,1,0.5154000000000001,Cross-sell
17180,23,43454.0,38,3,81.74,9.17,0,14,0.514,173,4.1,Email,Beauty,Positive,Delivery,The customer mentioned delayed delivery and tracking concerns.,245.23,1,0.5153944444444445,Engagement reminder
15448,61,68287.0,59,4,40.53,13.44,1,6,0.8,171,3.2,Email,Apparel,Neutral,Availability,The customer mentioned stock availability and product access.,162.12,0,0.5152777777777777,Engagement reminder
11984,47,47273.0,55,5,95.77,29.84,0,7,0.382,156,3.8,Web,Home,Neutral,Delivery,The customer mentioned delayed delivery and tracking concerns.,478.85,0,0.5152666666666667,Engagement reminder
17214,63,53915.0,71,9,69.2,1.15,2,6,0.314,135,4.4,Mobile,Home,Positive,Support,The customer described a slow or unsatisfactory support experience.,622.79,1,0.5152555555555556,Cross-sell
11836,47,95249.0,53,4,55.59,25.27,3,6,0.405,129,4.3,Mobile,Home,Positive,Price,The customer said the price was high and asked for a better offer.,222.36,0,0.51525,Engagement reminder
17490,25,59856.0,31,9,92.74,22.73,1,5,0.755,172,3.5,Store,Beauty,Neutral,Availability,The customer mentioned stock availability and product access.,834.65,1,0.51525,Cross-sell
11843,27,48244.0,13,5,100.66,16.33,0,17,0.646,173,3.4,Web,Apparel,Neutral,Price,The customer said the price was high and asked for a better offer.,503.28,0,0.5152444444444444,Engagement reminder
14764,45,65001.0,1,6,62.79,17.44,2,6,0.528,134,3.2,Mobile,Beauty,Neutral,Price,The customer said the price was high and asked for a better offer.,376.74,0,0.5152333333333333,Cross-sell
17634,32,46548.0,19,6,83.85,14.98,2,9,0.503,125,2.8,Email,Home,Neutral,Product Quality,The customer raised concerns about product quality and durability.,503.08,0,0.5152333333333333,Cross-sell
17165,60,80632.0,69,5,130.05,34.45,2,11,0.678,161,4.0,Web,Apparel,Neutral,Returns,"The customer asked about returns, refunds, or the return process.",650.23,0,0.5152333333333333,Engagement reminder
13066,48,22536.0,32,5,64.19,2.48,3,12,0.708,136,3.1,Store,Beauty,Neutral,Price,The customer said the price was high and asked for a better offer.,320.93,0,0.5152055555555556,Engagement reminder
13244,36,68949.0,70,4,116.93,6.21,0,8,0.608,178,3.9,Web,Apparel,Neutral,Price,The customer said the price was high and asked for a better offer.,467.73,0,0.5152055555555556,Engagement reminder
17416,33,60391.0,6,6,65.75,1.1,0,7,0.449,162,3.8,Mobile,Home,Neutral,Returns,"The customer asked about returns, refunds, or the return process.",394.52,0,0.5152000000000001,Cross-sell
14485,33,84034.0,6,5,101.14,13.14,1,8,0.272,115,2.7,Web,Electronics,Neutral,Features,The customer discussed missing features and requested improvements.,505.72,0,0.5151833333333333,Engagement reminder
12979,57,68261.0,18,6,84.87,29.99,2,11,0.511,151,4.3,Mobile,Electronics,Positive,Availability,The customer mentioned stock availability and product access.,509.21,0,0.5151611111111112,Cross-sell
10907,32,61911.0,48,6,139.74,3.31,1,10,0.602,143,2.6,Email,Home,Neutral,Delivery,The customer mentioned delayed delivery and tracking concerns.,838.46,0,0.5151555555555556,Cross-sell
13705,61,69908.0,39,3,76.26,5.48,3,13,0.443,129,4.1,Web,Home,Positive,Features,The customer discussed missing features and requested improvements.,228.77,0,0.51515,Engagement reminder
11300,46,80070.0,9,3,119.26,10.73,1,11,0.909,174,2.8,Mobile,Electronics,Neutral,Features,The customer discussed missing features and requested improvements.,357.79,1,0.5151444444444445,Engagement reminder
13595,47,76240.0,67,4,134.15,34.86,1,10,0.575,176,4.7,Web,Electronics,Positive,Returns,"The customer asked about returns, refunds, or the return process.",536.59,0,0.5151388888888889,Engagement reminder
14825,64,71107.0,65,4,72.24,5.74,2,13,0.48,133,3.4,Email,Home,Neutral,Availability,The customer mentioned stock availability and product access.,288.96,0,0.5151111111111111,Engagement reminder
13479,46,75837.0,50,4,104.86,6.68,2,12,0.771,171,4.1,Mobile,Beauty,Positive,Returns,"The customer asked about returns, refunds, or the return process.",419.44,0,0.5151055555555556,Engagement reminder
13636,41,42398.0,65,10,84.19,7.41,2,9,0.562,137,3.2,Mobile,Sports,Neutral,Delivery,The customer mentioned delayed delivery and tracking concerns.,841.85,0,0.5151,Cross-sell
11112,66,59131.0,20,3,69.24,29.23,2,14,0.428,130,3.5,Web,Home,Neutral,Support,The customer described a slow or unsatisfactory support experience.,207.71,0,0.5150944444444444,Engagement reminder
16478,22,52883.0,13,5,61.31,14.71,0,9,0.785,150,1.3,Web,Home,Negative,Product Quality,The customer raised concerns about product quality and durability.,306.55,0,0.5150833333333333,Engagement reminder
14407,40,76367.0,21,3,81.75,39.47,0,15,0.365,151,3.6,Mobile,Sports,Neutral,Returns,"The customer asked about returns, refunds, or the return process.",245.25,1,0.5150555555555556,Engagement reminder
10404,19,25977.0,58,1,105.46,34.38,3,14,0.431,111,3.1,Web,Beauty,Neutral,Support,The customer described a slow or unsatisfactory support experience.,105.46,0,0.51505,Engagement reminder
11990,27,74124.0,9,8,65.03,29.87,2,6,0.388,123,3.3,Email,Beauty,Neutral,Support,The customer described a slow or unsatisfactory support experience.,520.24,0,0.5150388888888889,Cross-sell
17973,59,61021.0,42,9,71.21,15.76,3,11,0.561,121,3.0,Email,Beauty,Neutral,Returns,"The customer asked about returns, refunds, or the return process.",640.91,0,0.5150222222222222,Cross-sell
15373,46,74410.0,25,6,100.08,23.27,1,15,0.484,161,4.3,Mobile,Home,Positive,Support,The customer described a slow or unsatisfactory support experience.,600.49,0,0.5150055555555556,Cross-sell
16318,33,29891.0,18,7,69.22,17.99,0,11,0.45,162,3.8,Mobile,Sports,Neutral,Returns,"The customer asked about returns, refunds, or the return process.",484.53,0,0.5150000000000001,Cross-sell
15609,19,79914.0,64,3,76.88,36.8,2,8,0.541,130,2.9,Web,Apparel,Neutral,Price,The customer said the price was high and asked for a better offer.,230.64,0,0.5149944444444444,Engagement reminder
11035,43,59214.0,12,9,56.11,30.14,0,13,0.591,173,3.7,Email,Beauty,Neutral,Support,The customer described a slow or unsatisfactory support experience.,504.98,1,0.5149944444444444,Cross-sell
13030,43,98719.0,24,6,51.99,11.2,1,11,0.542,151,3.4,Store,Home,Neutral,Availability,The customer mentioned stock availability and product access.,311.93,0,0.5149333333333335,Cross-sell
11171,51,69901.0,4,6,58.82,23.06,1,11,0.699,155,2.8,Web,Sports,Neutral,Features,The customer discussed missing features and requested improvements.,352.92,1,0.5149222222222223,Cross-sell
14392,50,77047.0,49,10,167.32,1.04,2,5,0.838,155,2.8,Email,Sports,Neutral,Returns,"The customer asked about returns, refunds, or the return process.",1673.2,0,0.5149,Cross-sell
15877,55,79189.0,38,10,95.69,12.96,3,8,0.77,160,4.2,Web,Apparel,Positive,Returns,"The customer asked about returns, refunds, or the return process.",956.87,0,0.5148888888888888,Cross-sell
17043,34,67801.0,35,7,84.17,9.76,2,4,0.809,176,4.2,Email,Electronics,Positive,Features,The customer discussed missing features and requested improvements.,589.22,0,0.5148666666666667,Cross-sell
17046,29,92578.0,9,5,56.95,4.36,0,17,0.548,164,3.4,Store,Apparel,Neutral,Returns,"The customer asked about returns, refunds, or the return process.",284.75,1,0.5148444444444444,Engagement reminder
14401,62,55476.0,8,2,53.86,39.87,1,12,0.503,139,2.9,Email,Home,Neutral,Support,The customer described a slow or unsatisfactory support experience.,107.72,0,0.5148166666666667,Engagement reminder
14433,28,57488.0,32,8,80.6,14.27,2,13,0.358,132,4.0,Web,Home,Neutral,Delivery,The customer mentioned delayed delivery and tracking concerns.,644.81,0,0.514788888888889,Cross-sell
16478,34,89929.0,46,5,109.72,38.84,0,15,0.622,174,3.6,Web,Beauty,Neutral,Returns,"The customer asked about returns, refunds, or the return process.",548.61,0,0.5147666666666667,Engagement reminder
17296,57,29942.0,32,4,70.88,14.95,3,11,0.688,134,3.1,Email,Electronics,Neutral,Price,The customer said the price was high and asked for a better offer.,283.52,0,0.5147611111111111,Engagement reminder
12195,29,66556.0,29,9,58.13,16.32,3,8,0.636,158,4.8,Mobile,Beauty,Positive,Delivery,The customer mentioned delayed delivery and tracking concerns.,523.18,0,0.5147444444444444,Cross-sell
15161,34,56009.0,51,7,104.59,29.76,2,12,0.441,131,3.5,Web,Home,Neutral,Delivery,The customer mentioned delayed delivery and tracking concerns.,732.15,1,0.5147166666666667,Cross-sell
13257,53,64037.0,12,2,74.21,31.84,2,10,0.882,169,3.4,Email,Apparel,Neutral,Product Quality,The customer raised concerns about product quality and durability.,148.41,0,0.5147111111111111,Engagement reminder
12267,46,63451.0,13,5,78.89,21.28,2,11,0.672,145,3.1,Web,Beauty,Neutral,Price,The customer said the price was high and asked for a better offer.,394.47,0,0.5146277777777778,Engagement reminder
12623,42,63843.0,4,6,18.0,14.05,2,9,0.645,151,3.6,Email,Apparel,Neutral,Availability,The customer mentioned stock availability and product access.,108.0,0,0.5146111111111112,Cross-sell
16076,46,56946.0,50,4,133.71,19.39,0,10,0.175,132,3.5,Mobile,Electronics,Neutral,Features,The customer discussed missing features and requested improvements.,534.85,0,0.5145833333333334,Engagement reminder
14578,19,113798.0,71,2,84.95,37.04,2,12,0.489,142,3.9,Web,Sports,Neutral,Features,The customer discussed missing features and requested improvements.,169.9,0,0.5145611111111111,Engagement reminder
10438,53,84446.0,6,3,92.16,3.71,1,12,0.872,167,2.6,Email,Electronics,Neutral,Price,The customer said the price was high and asked for a better offer.,276.49,0,0.514488888888889,Engagement reminder
13458,51,63186.0,50,8,121.75,16.38,2,11,0.718,171,4.4,Store,Sports,Positive,Support,The customer described a slow or unsatisfactory support experience.,973.99,0,0.5144555555555556,Cross-sell
10487,49,49025.0,2,5,101.24,14.99,0,11,0.801,168,2.3,Email,Beauty,Negative,Support,The customer described a slow or unsatisfactory support experience.,506.2,0,0.5143833333333334,Engagement reminder
14321,54,72119.0,71,11,59.08,27.0,1,5,0.39,159,4.7,Email,Apparel,Positive,Price,The customer said the price was high and asked for a better offer.,649.86,0,0.514361111111111,Cross-sell
12523,26,103953.0,12,5,123.36,18.48,0,9,0.52,168,3.8,Email,Electronics,Neutral,Product Quality,The customer raised concerns about product quality and durability.,616.78,1,0.5143333333333334,Engagement reminder
15962,46,86438.0,40,6,108.48,3.63,2,12,0.395,152,5.0,Store,Home,Positive,Price,The customer said the price was high and asked for a better offer.,650.86,0,0.5143333333333333,Cross-sell
10623,52,63071.0,17,8,88.47,21.34,2,8,0.461,136,3.7,Web,Electronics,Neutral,Delivery,The customer mentioned delayed delivery and tracking concerns.,707.76,1,0.5143277777777777,Cross-sell
15705,48,95261.0,17,10,106.4,0.32,1,10,0.427,164,4.8,Email,Sports,Positive,Availability,The customer mentioned stock availability and product access.,1064.01,0,0.5143222222222223,Cross-sell
17917,41,69290.0,11,8,68.83,14.03,2,6,0.637,140,3.0,Web,Beauty,Neutral,Features,The customer discussed missing features and requested improvements.,550.68,0,0.5142666666666666,Cross-sell
17479,42,60824.0,47,12,89.02,24.43,2,11,0.651,148,3.4,Email,Beauty,Neutral,Delivery,The customer mentioned delayed delivery and tracking concerns.,1068.2,1,0.5142444444444445,Cross-sell
15655,50,74788.0,61,5,135.76,23.75,3,6,0.951,176,4.2,Mobile,Beauty,Positive,Support,The customer described a slow or unsatisfactory support experience.,678.81,0,0.5142444444444445,Engagement reminder
10044,26,85933.0,6,4,159.74,33.32,2,12,0.742,168,4.1,Email,Beauty,Positive,Support,The customer described a slow or unsatisfactory support experience.,638.97,1,0.5142388888888889,Engagement reminder
13669,39,102377.0,28,5,127.45,21.65,3,13,0.831,177,4.9,Store,Home,Positive,Product Quality,The customer raised concerns about product quality and durability.,637.23,0,0.5142166666666667,Engagement reminder
11140,28,77443.0,31,2,105.75,15.88,4,13,0.445,96,2.9,Email,Electronics,Neutral,Product Quality,The customer raised concerns about product quality and durability.,211.5,0,0.5141944444444444,Engagement reminder
16835,50,77228.0,20,5,108.13,6.3,0,7,0.643,179,3.8,Mobile,Home,Neutral,Returns,"The customer asked about returns, refunds, or the return process.",540.64,0,0.5141777777777778,Engagement reminder
15955,37,83068.0,48,7,76.76,2.54,1,12,0.568,180,5.0,Web,Electronics,Positive,Delivery,The customer mentioned delayed delivery and tracking concerns.,537.34,0,0.5141777777777778,Cross-sell
16852,63,58490.0,8,10,133.12,15.94,3,9,0.534,130,3.7,Email,Home,Neutral,Product Quality,The customer raised concerns about product quality and durability.,1331.24,0,0.5141722222222223,Cross-sell
13208,47,56552.0,26,3,93.41,39.84,1,12,0.657,161,3.4,Email,Sports,Neutral,Support,The customer described a slow or unsatisfactory support experience.,280.23,1,0.5141555555555556,Engagement reminder
10409,46,60279.0,27,6,115.87,10.27,1,14,0.757,143,1.8,Web,Electronics,Negative,Support,The customer described a slow or unsatisfactory support experience.,695.24,0,0.5141555555555556,Cross-sell
12345,21,98849.0,72,5,66.32,19.45,1,4,0.457,143,3.4,Email,Home,Neutral,Delivery,The customer mentioned delayed delivery and tracking concerns.,331.6,0,0.5141555555555555,Engagement reminder
14378,42,70833.0,68,8,104.53,30.7,2,8,0.364,112,2.8,Mobile,Apparel,Neutral,Delivery,The customer mentioned delayed delivery and tracking concerns.,836.25,1,0.5141444444444445,Cross-sell
14207,46,80582.0,64,5,79.66,5.97,1,10,0.617,154,3.2,Mobile,Sports,Neutral,Delivery,The customer mentioned delayed delivery and tracking concerns.,398.3,0,0.5141,Engagement reminder
16424,34,57794.0,28,4,119.75,35.33,2,10,0.558,121,2.3,Mobile,Beauty,Negative,Features,The customer discussed missing features and requested improvements.,479.02,0,0.5140944444444444,Engagement reminder
14253,37,30521.0,21,7,104.81,21.4,1,10,0.616,164,3.8,Store,Home,Neutral,Features,The customer discussed missing features and requested improvements.,733.65,0,0.5140222222222223,Cross-sell
12777,63,59589.0,6,11,124.96,34.68,0,7,0.591,154,2.6,Email,Beauty,Neutral,Product Quality,The customer raised concerns about product quality and durability.,1374.52,0,0.5140222222222222,Cross-sell
12507,27,90708.0,28,5,149.31,32.55,0,12,0.53,162,3.4,Email,Electronics,Neutral,Delivery,The customer mentioned delayed delivery and tracking concerns.,746.54,0,0.514,Engagement reminder
15786,45,75593.0,62,7,100.33,16.25,0,12,0.753,177,3.1,Web,Electronics,Neutral,Returns,"The customer asked about returns, refunds, or the return process.",702.32,1,0.5139833333333333,Cross-sell
13735,31,83897.0,17,6,108.68,12.23,1,8,0.769,171,3.4,Email,Home,Neutral,Delivery,The customer mentioned delayed delivery and tracking concerns.,652.05,1,0.5139777777777779,Cross-sell
12379,64,58159.0,57,4,114.64,28.1,1,16,0.301,112,2.4,Mobile,Apparel,Negative,Support,The customer described a slow or unsatisfactory support experience.,458.56,0,0.5139666666666667,Engagement reminder
17864,30,97830.0,70,5,113.13,9.2,1,10,0.499,145,3.3,Web,Home,Neutral,Returns,"The customer asked about returns, refunds, or the return process.",565.65,0,0.51395,Engagement reminder
16186,68,68749.0,26,7,120.97,33.12,1,5,0.736,168,3.4,Email,Sports,Neutral,Price,The customer said the price was high and asked for a better offer.,846.77,1,0.5139111111111112,Cross-sell
11717,63,73540.0,53,3,114.1,12.65,0,12,0.384,164,4.3,Web,Apparel,Positive,Product Quality,The customer raised concerns about product quality and durability.,342.3,0,0.5138944444444444,Engagement reminder
16987,49,70175.0,48,7,105.22,31.76,1,6,0.521,125,2.0,Email,Apparel,Negative,Price,The customer said the price was high and asked for a better offer.,736.54,0,0.5138555555555555,Cross-sell
16728,48,71891.0,5,5,99.61,14.79,2,8,0.426,136,3.9,Web,Apparel,Neutral,Product Quality,The customer raised concerns about product quality and durability.,498.06,1,0.5138277777777778,Engagement reminder
12629,48,64736.0,52,6,47.03,6.74,2,7,0.733,167,4.1,Web,Apparel,Positive,Availability,The customer mentioned stock availability and product access.,282.15,1,0.5138166666666668,Cross-sell
15261,36,61474.0,35,6,92.87,24.84,2,12,0.566,130,2.8,Mobile,Apparel,Neutral,Availability,The customer mentioned stock availability and product access.,557.25,0,0.5137444444444444,Cross-sell
10841,46,42187.0,17,8,73.31,29.16,3,8,0.416,131,4.4,Web,Apparel,Positive,Product Quality,The customer raised concerns about product quality and durability.,586.5,0,0.5137444444444444,Cross-sell
14924,51,82090.0,26,5,70.57,22.28,3,16,0.853,172,4.5,Mobile,Apparel,Positive,Price,The customer said the price was high and asked for a better offer.,352.87,0,0.5137055555555555,Engagement reminder
10557,54,97249.0,28,8,96.53,14.99,1,11,0.76,165,3.1,Store,Apparel,Neutral,Delivery,The customer mentioned delayed delivery and tracking concerns.,772.21,0,0.5136944444444445,Cross-sell
14981,64,37607.0,54,7,120.71,6.92,1,15,0.572,170,4.4,Email,Sports,Positive,Price,The customer said the price was high and asked for a better offer.,845.0,1,0.5136555555555555,Cross-sell
16904,22,65509.0,34,4,133.12,21.54,1,9,0.413,154,4.3,Mobile,Beauty,Positive,Price,The customer said the price was high and asked for a better offer.,532.49,1,0.51365,Engagement reminder
13439,26,72012.0,19,4,91.66,35.14,3,16,0.913,147,2.7,Email,Home,Neutral,Features,The customer discussed missing features and requested improvements.,366.64,0,0.5136499999999999,Engagement reminder
10301,29,64780.0,50,6,89.74,21.66,1,8,0.551,163,4.1,Web,Electronics,Positive,Product Quality,The customer raised concerns about product quality and durability.,538.46,0,0.5135500000000001,Cross-sell
11073,19,89498.0,66,3,110.54,29.21,3,10,0.442,140,4.8,Mobile,Electronics,Positive,Product Quality,The customer raised concerns about product quality and durability.,331.61,0,0.5135444444444444,Engagement reminder
12748,34,40812.0,44,5,103.89,12.65,2,7,0.713,160,3.8,Store,Beauty,Neutral,Product Quality,The customer raised concerns about product quality and durability.,519.46,1,0.5135111111111111,Engagement reminder
10585,65,58297.0,62,4,18.0,9.95,1,5,0.682,168,3.7,Email,Apparel,Neutral,Delivery,The customer mentioned delayed delivery and tracking concerns.,72.0,0,0.5134611111111111,Engagement reminder
13486,25,41106.0,66,9,53.98,36.34,1,10,0.608,163,3.8,Mobile,Electronics,Neutral,Support,The customer described a slow or unsatisfactory support experience.,485.83,0,0.5134000000000001,Cross-sell
16240,67,93461.0,7,3,123.62,27.18,2,9,0.633,173,5.0,Mobile,Beauty,Positive,Product Quality,The customer raised concerns about product quality and durability.,370.87,0,0.5134000000000001,Engagement reminder
15976,29,60931.0,11,8,94.45,6.92,1,11,0.133,100,2.6,Mobile,Beauty,Neutral,Price,The customer said the price was high and asked for a better offer.,755.61,0,0.5134,Cross-sell
15940,21,68340.0,27,7,118.03,16.31,2,13,0.715,150,3.2,Store,Sports,Neutral,Price,The customer said the price was high and asked for a better offer.,826.19,0,0.5133888888888889,Cross-sell
17245,33,92850.0,51,2,101.75,23.91,1,11,0.756,178,3.9,Mobile,Electronics,Neutral,Delivery,The customer mentioned delayed delivery and tracking concerns.,203.5,1,0.5133833333333334,Engagement reminder
10222,28,64032.0,41,7,71.33,1.18,2,8,0.972,163,2.6,Web,Sports,Neutral,Product Quality,The customer raised concerns about product quality and durability.,499.33,0,0.5133777777777778,Cross-sell
17258,69,69655.0,65,9,100.24,18.22,1,16,0.529,166,4.4,Web,Sports,Positive,Returns,"The customer asked about returns, refunds, or the return process.",902.2,0,0.5133666666666667,Cross-sell
16978,43,68244.0,9,9,80.09,37.37,1,5,0.52,150,3.5,Web,Beauty,Neutral,Returns,"The customer asked about returns, refunds, or the return process.",720.78,0,0.5133611111111112,Cross-sell
16744,30,51617.0,19,10,95.05,21.63,0,5,0.452,180,4.9,Mobile,Home,Positive,Returns,"The customer asked about returns, refunds, or the return process.",950.52,0,0.5133500000000001,Cross-sell
16374,38,75136.0,1,6,99.3,19.65,3,12,0.49,129,3.9,Mobile,Beauty,Neutral,Price,The customer said the price was high and asked for a better offer.,595.8,1,0.51325,Cross-sell
10027,65,52964.0,4,4,85.01,5.37,1,9,0.497,158,4.1,Mobile,Beauty,Positive,Features,The customer discussed missing features and requested improvements.,340.02,0,0.513238888888889,Engagement reminder
16196,27,85891.0,12,5,106.12,4.17,2,11,0.788,170,4.0,Web,Beauty,Positive,Availability,The customer mentioned stock availability and product access.,530.62,1,0.5132333333333333,Engagement reminder
17644,68,58899.0,60,4,93.21,39.59,1,11,0.72,146,2.2,Web,Sports,Negative,Price,The customer said the price was high and asked for a better offer.,372.83,0,0.5132222222222222,Engagement reminder
17249,36,53434.0,59,5,63.9,21.08,0,8,0.536,174,4.1,Mobile,Beauty,Positive,Availability,The customer mentioned stock availability and product access.,319.51,0,0.5132166666666668,Engagement reminder
16028,21,78882.0,32,9,71.23,5.81,0,8,0.477,167,4.0,Store,Electronics,Neutral,Features,The customer discussed missing features and requested improvements.,641.04,0,0.5132111111111112,Cross-sell
15119,46,57799.0,20,4,75.29,37.03,3,12,0.607,126,3.1,Web,Beauty,Neutral,Product Quality,The customer raised concerns about product quality and durability.,301.15,0,0.5131833333333333,Engagement reminder
10972,49,62903.0,27,8,93.72,22.14,0,14,0.52,159,3.3,Mobile,Beauty,Neutral,Delivery,The customer mentioned delayed delivery and tracking concerns.,749.78,0,0.5130833333333333,Cross-sell
11028,49,55736.0,26,3,74.05,36.9,2,10,0.445,107,2.1,Store,Home,Negative,Features,The customer discussed missing features and requested improvements.,222.16,0,0.5130833333333333,Engagement reminder
17457,59,73709.0,67,4,131.52,16.16,3,11,0.682,131,3.0,Mobile,Electronics,Neutral,Price,The customer said the price was high and asked for a better offer.,526.09,0,0.5130444444444444,Engagement reminder
17514,51,67070.0,69,9,84.61,16.06,2,10,0.655,136,2.7,Mobile,Home,Neutral,Availability,The customer mentioned stock availability and product access.,761.49,0,0.5130277777777777,Cross-sell
14178,21,48168.0,45,3,48.34,14.69,1,7,0.662,166,3.7,Email,Home,Neutral,Features,The customer discussed missing features and requested improvements.,145.02,0,0.5130166666666667,Engagement reminder
15590,49,60386.0,9,5,149.11,19.39,3,11,0.86,147,3.0,Email,Beauty,Neutral,Features,The customer discussed missing features and requested improvements.,745.53,0,0.513,Engagement reminder
15991,29,95833.0,57,9,86.79,30.44,3,10,0.44,121,3.7,Email,Sports,Neutral,Support,The customer described a slow or unsatisfactory support experience.,781.12,0,0.5129722222222222,Cross-sell
13348,47,93814.0,11,4,75.9,36.06,1,12,0.334,128,3.2,Email,Electronics,Neutral,Delivery,The customer mentioned delayed delivery and tracking concerns.,303.62,0,0.5129222222222222,Engagement reminder
15289,60,72851.0,33,4,102.1,11.47,2,13,0.339,121,3.5,Mobile,Home,Neutral,Price,The customer said the price was high and asked for a better offer.,408.39,1,0.5128944444444444,Engagement reminder
13744,32,74351.0,28,6,57.92,6.87,1,10,0.212,144,4.8,Web,Sports,Positive,Delivery,The customer mentioned delayed delivery and tracking concerns.,347.54,0,0.512877777777778,Cross-sell
16803,68,82775.0,60,8,86.24,35.06,1,7,0.553,146,3.1,Email,Sports,Neutral,Features,The customer discussed missing features and requested improvements.,689.94,0,0.5128722222222223,Cross-sell
17989,31,54705.0,42,3,98.67,4.01,4,5,0.804,153,4.4,Email,Sports,Positive,Returns,"The customer asked about returns, refunds, or the return process.",296.02,0,0.5128111111111111,Engagement reminder
12785,24,63172.0,56,7,63.0,24.77,0,4,0.534,177,4.3,Email,Electronics,Positive,Price,The customer said the price was high and asked for a better offer.,440.99,0,0.5127833333333334,Cross-sell
16575,53,61833.0,17,5,50.07,19.98,6,8,0.584,93,3.5,Mobile,Apparel,Neutral,Availability,The customer mentioned stock availability and product access.,250.34,0,0.5127833333333334,Engagement reminder
14191,39,75595.0,51,9,32.66,10.25,0,6,0.526,156,3.1,Web,Electronics,Neutral,Support,The customer described a slow or unsatisfactory support experience.,293.91,0,0.5127166666666667,Cross-sell
16234,64,55937.0,51,6,105.01,25.16,0,8,0.433,151,3.3,Email,Home,Neutral,Returns,"The customer asked about returns, refunds, or the return process.",630.06,0,0.5127055555555556,Cross-sell
12322,56,63261.0,57,6,78.2,22.32,4,8,0.702,137,4.0,Web,Apparel,Neutral,Features,The customer discussed missing features and requested improvements.,469.22,1,0.5126555555555555,Cross-sell
12345,22,63144.0,11,3,70.06,13.77,1,14,0.543,172,4.7,Email,Apparel,Positive,Returns,"The customer asked about returns, refunds, or the return process.",210.17,0,0.51265,Engagement reminder
11636,66,63946.0,42,6,124.37,38.64,0,10,0.659,173,3.4,Web,Beauty,Neutral,Delivery,The customer mentioned delayed delivery and tracking concerns.,746.25,1,0.5126444444444445,Cross-sell
15037,52,92280.0,25,6,107.66,25.21,2,8,0.673,156,3.8,Web,Beauty,Neutral,Delivery,The customer mentioned delayed delivery and tracking concerns.,645.95,0,0.5126222222222223,Cross-sell
10471,55,57196.0,9,5,145.91,17.5,1,12,0.38,159,4.8,Email,Beauty,Positive,Product Quality,The customer raised concerns about product quality and durability.,729.55,0,0.5126111111111111,Engagement reminder
17098,60,83413.0,21,4,87.52,11.69,2,9,0.587,155,4.2,Store,Apparel,Positive,Availability,The customer mentioned stock availability and product access.,350.07,0,0.5126000000000001,Engagement reminder
14433,44,82936.0,22,6,110.29,39.35,2,5,0.587,128,2.6,Mobile,Sports,Neutral,Product Quality,The customer raised concerns about product quality and durability.,661.73,0,0.5126,Cross-sell
17349,24,63081.0,8,4,142.68,28.91,2,12,0.71,161,3.9,Web,Electronics,Neutral,Price,The customer said the price was high and asked for a better offer.,570.72,1,0.5125833333333333,Engagement reminder
12883,66,77036.0,53,13,109.64,36.28,3,13,0.613,133,3.5,Email,Apparel,Neutral,Price,The customer said the price was high and asked for a better offer.,1425.3,0,0.5125388888888889,Cross-sell
10080,67,65563.0,19,6,88.22,15.0,3,10,0.145,74,2.5,Email,Apparel,Negative,Product Quality,The customer raised concerns about product quality and durability.,529.3,0,0.5125277777777778,Cross-sell
11797,55,69259.0,30,6,92.58,18.02,0,8,0.477,138,2.3,Mobile,Home,Negative,Support,The customer described a slow or unsatisfactory support experience.,555.46,0,0.5125166666666667,Cross-sell
12234,51,63504.0,41,5,90.92,33.85,1,7,0.677,157,3.1,Email,Beauty,Neutral,Delivery,The customer mentioned delayed delivery and tracking concerns.,454.59,0,0.5125166666666667,Engagement reminder
12349,56,73422.0,8,5,87.45,35.06,0,10,0.416,173,4.7,Email,Apparel,Positive,Returns,"The customer asked about returns, refunds, or the return process.",437.25,0,0.5124944444444445,Engagement reminder
17080,65,78389.0,52,4,89.74,38.72,1,9,0.416,147,3.9,Web,Beauty,Neutral,Product Quality,The customer raised concerns about product quality and durability.,358.95,0,0.5124944444444445,Engagement reminder
13896,44,50079.0,27,5,63.74,25.85,1,9,0.557,158,3.8,Mobile,Apparel,Neutral,Product Quality,The customer raised concerns about product quality and durability.,318.72,0,0.512488888888889,Engagement reminder
16344,55,54796.0,36,7,124.77,34.1,1,8,0.532,176,5.0,Web,Sports,Positive,Delivery,The customer mentioned delayed delivery and tracking concerns.,873.36,1,0.5124888888888889,Cross-sell
13166,54,72338.0,12,5,57.27,38.97,1,10,0.41,138,3.4,Email,Home,Neutral,Price,The customer said the price was high and asked for a better offer.,286.35,0,0.5124444444444445,Engagement reminder
15057,33,81572.0,53,7,75.26,25.41,0,13,0.717,168,2.8,Web,Sports,Neutral,Returns,"The customer asked about returns, refunds, or the return process.",526.85,0,0.5124333333333334,Cross-sell
10499,43,84141.0,22,5,63.02,3.36,2,10,0.817,179,4.4,Mobile,Home,Positive,Availability,The customer mentioned stock availability and product access.,315.11,0,0.5124333333333334,Engagement reminder
17570,62,57879.0,51,4,82.66,3.47,2,17,0.633,154,3.9,Store,Apparel,Neutral,Delivery,The customer mentioned delayed delivery and tracking concerns.,330.65,0,0.5124277777777778,Engagement reminder
14276,67,53439.0,36,5,29.4,38.49,3,13,0.574,148,4.6,Email,Beauty,Positive,Price,The customer said the price was high and asked for a better offer.,146.99,0,0.5124222222222222,Engagement reminder
13831,36,99599.0,23,7,55.55,29.42,2,8,0.77,168,4.0,Mobile,Beauty,Neutral,Support,The customer described a slow or unsatisfactory support experience.,388.84,1,0.5123888888888889,Cross-sell
11898,67,50868.0,48,6,93.75,12.31,0,13,0.746,179,3.3,Email,Beauty,Neutral,Delivery,The customer mentioned delayed delivery and tracking concerns.,562.51,0,0.5123277777777778,Cross-sell
10826,56,65532.0,5,7,125.43,33.16,2,11,0.746,154,3.3,Web,Sports,Neutral,Features,The customer discussed missing features and requested improvements.,878.04,0,0.5123277777777778,Cross-sell
15547,65,68236.0,58,4,64.9,0.74,2,14,0.324,89,1.7,Web,Electronics,Negative,Delivery,The customer mentioned delayed delivery and tracking concerns.,259.59,0,0.5122833333333333,Engagement reminder
14107,40,54471.0,17,3,94.57,38.57,2,9,0.815,172,4.0,Mobile,Apparel,Neutral,Returns,"The customer asked about returns, refunds, or the return process.",283.71,0,0.5122777777777778,Engagement reminder
15749,22,59758.0,40,2,71.3,14.01,4,7,0.34,84,2.8,Email,Apparel,Neutral,Features,The customer discussed missing features and requested improvements.,142.6,1,0.5122777777777778,Engagement reminder
16260,25,46816.0,46,6,103.16,35.45,2,8,0.65,147,3.4,Mobile,Beauty,Neutral,Delivery,The customer mentioned delayed delivery and tracking concerns.,618.97,1,0.5122222222222222,Cross-sell
12667,38,82922.0,3,7,80.34,35.71,2,8,0.853,172,3.8,Store,Sports,Neutral,Returns,"The customer asked about returns, refunds, or the return process.",562.41,0,0.5121777777777778,Cross-sell
15377,53,98998.0,44,3,100.43,39.91,1,14,0.754,157,2.7,Email,Beauty,Neutral,Price,The customer said the price was high and asked for a better offer.,301.29,0,0.5121166666666668,Engagement reminder
10078,39,36250.0,4,3,79.49,25.21,0,10,0.595,167,3.4,Email,Home,Neutral,Support,The customer described a slow or unsatisfactory support experience.,238.48,0,0.5121111111111112,Engagement reminder
17987,18,52434.0,34,1,147.12,34.88,3,11,0.439,107,2.9,Email,Sports,Neutral,Returns,"The customer asked about returns, refunds, or the return process.",147.12,1,0.5120611111111111,Engagement reminder
12243,42,97166.0,63,8,63.21,23.05,1,11,0.64,172,4.2,Mobile,Home,Positive,Returns,"The customer asked about returns, refunds, or the return process.",505.65,0,0.512,Cross-sell
12886,68,83525.0,56,8,71.46,38.57,0,8,0.57,163,3.3,Email,Electronics,Neutral,Support,The customer described a slow or unsatisfactory support experience.,571.69,1,0.5119722222222223,Cross-sell
16369,47,71557.0,65,7,110.59,32.63,3,11,0.632,126,3.0,Mobile,Sports,Neutral,Price,The customer said the price was high and asked for a better offer.,774.14,0,0.5119333333333332,Cross-sell
10051,51,90863.0,25,5,95.55,13.18,0,17,0.203,135,3.6,Web,Sports,Neutral,Product Quality,The customer raised concerns about product quality and durability.,477.77,0,0.5119,Engagement reminder
13417,42,58527.0,48,5,88.36,29.83,4,13,0.535,125,4.2,Email,Home,Positive,Product Quality,The customer raised concerns about product quality and durability.,441.78,0,0.511888888888889,Engagement reminder
16013,50,48207.0,13,6,29.85,2.99,1,10,0.283,128,3.5,Web,Apparel,Neutral,Delivery,The customer mentioned delayed delivery and tracking concerns.,179.08,0,0.5118722222222223,Cross-sell
13555,43,63912.0,43,7,46.71,39.72,1,8,0.524,148,3.4,Email,Apparel,Neutral,Delivery,The customer mentioned delayed delivery and tracking concerns.,326.96,0,0.5118666666666667,Cross-sell
12665,25,79830.0,28,8,60.1,30.33,3,10,0.322,93,2.7,Mobile,Home,Neutral,Support,The customer described a slow or unsatisfactory support experience.,480.8,0,0.51185,Cross-sell
10747,18,47824.0,37,6,116.05,17.0,1,10,0.52,151,3.6,Mobile,Sports,Neutral,Support,The customer described a slow or unsatisfactory support experience.,696.29,0,0.5118333333333334,Cross-sell
17508,62,120253.0,41,10,74.9,27.58,2,14,0.645,143,3.2,Mobile,Beauty,Neutral,Delivery,The customer mentioned delayed delivery and tracking concerns.,748.99,0,0.5118333333333333,Cross-sell
15960,61,114154.0,3,6,98.87,6.23,1,10,0.491,145,3.4,Mobile,Sports,Neutral,Delivery,The customer mentioned delayed delivery and tracking concerns.,593.21,0,0.5118,Cross-sell
15866,67,72267.0,12,5,56.36,12.07,0,7,0.548,166,3.6,Email,Home,Neutral,Product Quality,The customer raised concerns about product quality and durability.,281.8,0,0.511788888888889,Engagement reminder
10398,18,104390.0,41,6,85.0,12.19,2,13,0.714,161,3.9,Store,Electronics,Neutral,Returns,"The customer asked about returns, refunds, or the return process.",509.98,0,0.5117833333333334,Cross-sell
11447,37,79159.0,44,7,121.79,12.3,0,5,0.269,151,4.2,Mobile,Electronics,Positive,Returns,"The customer asked about returns, refunds, or the return process.",852.5,0,0.5117555555555556,Cross-sell
17203,49,81679.0,12,8,104.01,24.5,1,7,0.558,151,3.4,Web,Sports,Neutral,Features,The customer discussed missing features and requested improvements.,832.09,0,0.5117333333333334,Cross-sell
17400,64,80515.0,50,8,63.66,15.19,3,9,0.597,143,4.2,Web,Sports,Positive,Product Quality,The customer raised concerns about product quality and durability.,509.3,0,0.5117111111111111,Cross-sell
11940,18,85752.0,52,8,100.76,2.19,1,12,0.602,160,3.7,Web,Sports,Neutral,Price,The customer said the price was high and asked for a better offer.,806.11,1,0.5116833333333334,Cross-sell
14632,68,73394.0,46,5,96.98,39.7,3,12,0.689,158,4.6,Mobile,Beauty,Positive,Product Quality,The customer raised concerns about product quality and durability.,484.9,0,0.5116444444444446,Engagement reminder
10069,18,60184.0,17,2,80.77,3.35,2,17,0.655,132,2.5,Web,Beauty,Neutral,Support,The customer described a slow or unsatisfactory support experience.,161.53,0,0.511638888888889,Engagement reminder
17729,37,96818.0,60,5,89.49,0.05,1,8,0.635,168,4.0,Mobile,Sports,Neutral,Delivery,The customer mentioned delayed delivery and tracking concerns.,447.46,0,0.5116111111111111,Engagement reminder
14772,45,79093.0,52,3,93.92,3.56,0,11,0.524,157,3.2,Store,Electronics,Neutral,Product Quality,The customer raised concerns about product quality and durability.,281.77,0,0.5115888888888889,Engagement reminder
11797,21,70518.0,60,6,70.39,3.78,2,7,0.599,159,4.4,Web,Home,Positive,Availability,The customer mentioned stock availability and product access.,422.32,0,0.5115888888888889,Cross-sell
12393,44,69487.0,65,5,71.76,19.97,2,8,0.529,124,2.7,Mobile,Sports,Neutral,Returns,"The customer asked about returns, refunds, or the return process.",358.78,0,0.5115611111111111,Engagement reminder
10233,59,75961.0,50,4,106.6,36.23,0,13,0.386,153,3.7,Web,Beauty,Neutral,Returns,"The customer asked about returns, refunds, or the return process.",426.4,0,0.5115500000000001,Engagement reminder
10123,37,101220.0,42,6,92.83,21.49,3,9,0.725,146,3.7,Web,Electronics,Neutral,Price,The customer said the price was high and asked for a better offer.,556.99,1,0.5115277777777778,Cross-sell
15615,47,77167.0,39,3,70.86,6.28,1,13,0.157,130,4.3,Mobile,Apparel,Positive,Support,The customer described a slow or unsatisfactory support experience.,212.57,0,0.5115166666666667,Engagement reminder
14357,63,72154.0,15,4,88.13,9.33,3,10,0.532,132,3.9,Web,Electronics,Neutral,Support,The customer described a slow or unsatisfactory support experience.,352.51,0,0.5115166666666666,Engagement reminder
13205,29,96152.0,70,3,158.19,31.61,1,7,0.698,150,2.6,Web,Beauty,Neutral,Delivery,The customer mentioned delayed delivery and tracking concerns.,474.57,0,0.5115111111111111,Engagement reminder
11574,49,111036.0,3,3,72.82,0.16,4,7,0.689,110,2.5,Web,Apparel,Neutral,Support,The customer described a slow or unsatisfactory support experience.,218.47,1,0.5115055555555557,Engagement reminder
10382,53,51909.0,56,3,48.63,6.21,3,11,0.778,144,3.3,Email,Beauty,Neutral,Price,The customer said the price was high and asked for a better offer.,145.9,1,0.5114833333333334,Engagement reminder
12328,46,45337.0,61,5,81.06,20.21,3,8,0.619,155,4.8,Email,Electronics,Positive,Product Quality,The customer raised concerns about product quality and durability.,405.28,0,0.5114777777777779,Engagement reminder
14489,32,55249.0,41,5,113.02,7.0,2,7,0.526,149,4.2,Email,Home,Positive,Product Quality,The customer raised concerns about product quality and durability.,565.12,0,0.5114666666666667,Engagement reminder
14347,63,45092.0,6,8,133.6,1.08,2,5,0.376,149,5.0,Mobile,Sports,Positive,Returns,"The customer asked about returns, refunds, or the return process.",1068.78,0,0.5114666666666667,Cross-sell
12572,18,96672.0,59,6,58.11,5.61,1,13,0.774,172,3.5,Mobile,Apparel,Neutral,Delivery,The customer mentioned delayed delivery and tracking concerns.,348.63,1,0.5114500000000001,Cross-sell
13384,37,30035.0,58,7,120.36,31.82,1,13,0.49,138,3.0,Email,Sports,Neutral,Support,The customer described a slow or unsatisfactory support experience.,842.53,0,0.5114444444444445,Cross-sell
15810,56,71991.0,28,6,39.77,12.37,1,6,0.615,156,3.4,Email,Electronics,Neutral,Features,The customer discussed missing features and requested improvements.,238.61,1,0.5114444444444445,Cross-sell
10872,25,95594.0,49,8,91.1,0.19,1,11,0.647,169,4.0,Mobile,Beauty,Positive,Support,The customer described a slow or unsatisfactory support experience.,728.77,0,0.5114333333333334,Cross-sell
11494,60,89319.0,50,4,46.6,18.57,1,10,0.672,178,4.4,Email,Home,Positive,Returns,"The customer asked about returns, refunds, or the return process.",186.41,1,0.5114333333333334,Engagement reminder
17199,26,42990.0,56,7,82.76,34.32,1,11,0.386,132,3.2,Email,Apparel,Neutral,Availability,The customer mentioned stock availability and product access.,579.32,1,0.5114111111111111,Cross-sell
15123,19,60532.0,69,5,132.15,15.04,0,10,0.575,175,4.0,Web,Sports,Neutral,Support,The customer described a slow or unsatisfactory support experience.,660.73,0,0.5113888888888889,Engagement reminder
16446,60,105204.0,14,5,89.75,16.12,0,11,0.633,165,3.1,Web,Beauty,Neutral,Product Quality,The customer raised concerns about product quality and durability.,448.75,0,0.5113166666666668,Engagement reminder
11392,24,58880.0,5,5,83.92,23.23,3,13,0.647,149,4.3,Mobile,Beauty,Positive,Features,The customer discussed missing features and requested improvements.,419.59,0,0.5112944444444445,Engagement reminder
16849,35,85844.0,11,5,75.1,10.65,4,14,0.768,144,4.1,Email,Beauty,Positive,Support,The customer described a slow or unsatisfactory support experience.,375.5,0,0.5112611111111112,Engagement reminder
12502,38,72505.0,13,6,51.38,16.89,2,10,0.748,152,3.2,Web,Home,Neutral,Price,The customer said the price was high and asked for a better offer.,308.29,0,0.5112333333333333,Cross-sell
11841,56,65042.0,51,3,92.14,5.32,1,14,0.864,180,3.5,Mobile,Apparel,Neutral,Product Quality,The customer raised concerns about product quality and durability.,276.43,1,0.5112277777777778,Engagement reminder
13744,32,80234.0,34,6,131.17,13.13,1,7,0.553,152,3.5,Mobile,Electronics,Neutral,Features,The customer discussed missing features and requested improvements.,787.01,0,0.5112055555555556,Cross-sell
15236,27,79559.0,31,6,82.82,1.68,5,13,0.342,83,3.5,Web,Beauty,Neutral,Features,The customer discussed missing features and requested improvements.,496.94,0,0.5111833333333333,Cross-sell
10415,54,80125.0,40,8,66.94,0.96,2,11,0.824,174,4.1,Email,Home,Positive,Price,The customer said the price was high and asked for a better offer.,535.48,0,0.5111722222222224,Cross-sell
12262,26,86338.0,23,8,99.47,5.26,1,8,0.47,158,4.3,Email,Home,Positive,Returns,"The customer asked about returns, refunds, or the return process.",795.79,0,0.5111388888888889,Cross-sell
11471,54,69459.0,3,7,71.31,0.38,1,9,0.55,123,1.8,Web,Electronics,Negative,Returns,"The customer asked about returns, refunds, or the return process.",499.15,0,0.5111111111111112,Cross-sell
14770,58,86788.0,23,5,113.86,39.61,3,6,0.398,113,3.5,Email,Sports,Neutral,Support,The customer described a slow or unsatisfactory support experience.,569.32,0,0.5110944444444444,Engagement reminder
10828,66,83144.0,23,7,101.16,23.99,1,8,0.439,167,5.0,Email,Beauty,Positive,Support,The customer described a slow or unsatisfactory support experience.,708.1,0,0.5110888888888889,Cross-sell
12495,25,33650.0,37,9,128.25,30.14,0,9,0.719,176,3.3,Web,Beauty,Neutral,Availability,The customer mentioned stock availability and product access.,1154.27,0,0.5110611111111112,Cross-sell
15610,44,62119.0,25,5,95.41,39.91,1,9,0.749,178,4.0,Web,Home,Positive,Returns,"The customer asked about returns, refunds, or the return process.",477.05,0,0.5110333333333335,Engagement reminder
10564,19,72455.0,36,4,107.28,8.1,4,8,0.522,115,3.7,Mobile,Beauty,Neutral,Returns,"The customer asked about returns, refunds, or the return process.",429.12,1,0.5110166666666667,Engagement reminder
10590,62,83352.0,17,8,87.95,11.67,3,8,0.552,142,4.4,Email,Home,Positive,Delivery,The customer mentioned delayed delivery and tracking concerns.,703.58,0,0.5109888888888889,Cross-sell
17096,25,62412.0,50,7,75.41,16.66,0,11,0.709,170,3.0,Web,Beauty,Neutral,Returns,"The customer asked about returns, refunds, or the return process.",527.84,0,0.5109777777777778,Cross-sell
16179,25,67818.0,26,6,75.15,38.07,5,8,0.57,100,3.3,Email,Beauty,Neutral,Delivery,The customer mentioned delayed delivery and tracking concerns.,450.9,0,0.5108611111111112,Cross-sell
12402,63,61397.0,70,4,110.4,20.97,1,9,0.766,171,3.5,Email,Sports,Neutral,Support,The customer described a slow or unsatisfactory support experience.,441.59,0,0.5108277777777778,Engagement reminder
17733,38,71837.0,41,4,90.92,29.97,1,9,0.446,154,4.2,Mobile,Home,Positive,Returns,"The customer asked about returns, refunds, or the return process.",363.7,0,0.5108,Engagement reminder
13870,43,82795.0,63,6,84.68,35.59,3,11,0.412,104,2.9,Mobile,Sports,Neutral,Product Quality,The customer raised concerns about product quality and durability.,508.08,1,0.5107944444444444,Cross-sell
14011,19,81310.0,68,5,70.1,31.88,1,8,0.537,147,3.3,Web,Sports,Neutral,Availability,The customer mentioned stock availability and product access.,350.5,0,0.5107944444444444,Engagement reminder
14004,42,82868.0,55,5,67.91,2.27,0,14,0.615,180,4.1,Email,Home,Positive,Product Quality,The customer raised concerns about product quality and durability.,339.54,0,0.51075,Engagement reminder
17495,46,97166.0,38,5,88.88,31.58,1,10,0.663,160,3.4,Web,Beauty,Neutral,Price,The customer said the price was high and asked for a better offer.,444.4,0,0.5107333333333334,Engagement reminder
17337,67,61034.0,29,10,67.71,0.64,3,6,0.738,135,3.0,Email,Electronics,Neutral,Support,The customer described a slow or unsatisfactory support experience.,677.08,0,0.5107333333333334,Cross-sell
10394,53,38569.0,39,5,68.16,31.21,3,9,0.845,148,3.2,Email,Home,Neutral,Price,The customer said the price was high and asked for a better offer.,340.79,1,0.5107222222222222,Engagement reminder
12070,43,71582.0,24,12,74.34,35.18,5,16,0.686,134,4.7,Web,Sports,Positive,Product Quality,The customer raised concerns about product quality and durability.,892.1,0,0.5107166666666667,Cross-sell
13918,43,45221.0,28,13,25.35,34.58,0,5,0.584,162,3.2,Web,Beauty,Neutral,Availability,The customer mentioned stock availability and product access.,329.58,0,0.5107,Cross-sell
11153,57,85769.0,69,3,44.27,39.05,1,12,0.641,158,3.4,Mobile,Electronics,Neutral,Product Quality,The customer raised concerns about product quality and durability.,132.81,1,0.510688888888889,Engagement reminder
17042,59,57495.0,6,10,123.88,3.06,2,14,0.571,151,4.1,Web,Home,Positive,Support,The customer described a slow or unsatisfactory support experience.,1238.75,0,0.5106611111111112,Cross-sell
12471,22,70311.0,7,3,138.35,26.2,1,4,0.601,178,4.8,Web,Beauty,Positive,Features,The customer discussed missing features and requested improvements.,415.04,0,0.5106333333333335,Engagement reminder
17046,31,73085.0,50,5,113.25,6.43,2,11,0.665,151,3.6,Email,Sports,Neutral,Features,The customer discussed missing features and requested improvements.,566.24,0,0.5106111111111112,Engagement reminder
16306,47,71899.0,31,7,96.82,20.31,4,12,0.747,157,5.0,Web,Home,Positive,Returns,"The customer asked about returns, refunds, or the return process.",677.72,0,0.5106,Cross-sell
17447,33,47781.0,43,9,95.15,4.42,2,11,0.929,168,3.2,Email,Beauty,Neutral,Price,The customer said the price was high and asked for a better offer.,856.35,0,0.5105888888888889,Cross-sell
10884,59,32653.0,38,7,35.93,10.64,2,15,0.879,177,4.0,Email,Electronics,Neutral,Support,The customer described a slow or unsatisfactory support experience.,251.54,0,0.5105888888888889,Cross-sell
17498,58,108155.0,71,7,78.79,16.53,2,12,0.82,170,3.9,Mobile,Home,Neutral,Returns,"The customer asked about returns, refunds, or the return process.",551.56,0,0.5105833333333334,Cross-sell
15969,64,76181.0,19,3,116.27,8.92,0,9,0.611,161,3.0,Web,Home,Neutral,Product Quality,The customer raised concerns about product quality and durability.,348.82,0,0.5105777777777778,Engagement reminder
13580,64,70607.0,44,7,123.21,7.33,3,10,0.502,139,4.5,Email,Home,Positive,Delivery,The customer mentioned delayed delivery and tracking concerns.,862.49,0,0.5105722222222223,Cross-sell
16153,58,69384.0,19,10,100.67,3.7,2,12,0.641,164,4.5,Store,Beauty,Positive,Price,The customer said the price was high and asked for a better offer.,1006.65,0,0.5105500000000001,Cross-sell
13247,26,82322.0,21,5,55.22,39.25,1,10,0.682,165,3.6,Mobile,Sports,Neutral,Features,The customer discussed missing features and requested improvements.,276.11,0,0.5105444444444445,Engagement reminder
16779,22,69215.0,8,7,73.67,7.62,2,10,0.807,157,3.2,Web,Electronics,Neutral,Delivery,The customer mentioned delayed delivery and tracking concerns.,515.7,0,0.5105444444444445,Cross-sell
17755,27,72263.0,6,10,62.44,7.51,2,11,0.887,176,3.9,Web,Home,Neutral,Product Quality,The customer raised concerns about product quality and durability.,624.38,0,0.5105166666666666,Cross-sell
17809,55,60404.0,17,6,100.57,28.65,3,12,0.878,161,3.8,Email,Sports,Neutral,Delivery,The customer mentioned delayed delivery and tracking concerns.,603.41,0,0.5105111111111111,Cross-sell
15910,44,68600.0,4,9,73.66,32.46,0,15,0.685,171,3.2,Email,Sports,Neutral,Price,The customer said the price was high and asked for a better offer.,662.96,0,0.5105,Cross-sell
11828,42,61621.0,52,6,54.56,2.55,2,8,0.617,150,3.8,Email,Beauty,Neutral,Support,The customer described a slow or unsatisfactory support experience.,327.38,0,0.510488888888889,Cross-sell
12218,29,84063.0,67,5,85.36,11.51,1,10,0.692,176,4.2,Web,Electronics,Positive,Price,The customer said the price was high and asked for a better offer.,426.81,0,0.510488888888889,Engagement reminder
13785,60,80225.0,47,2,44.55,32.06,0,14,0.531,174,4.2,Store,Electronics,Positive,Support,The customer described a slow or unsatisfactory support experience.,89.1,0,0.5104666666666667,Engagement reminder
12952,59,44291.0,28,7,89.11,2.41,0,14,0.613,178,4.0,Email,Home,Positive,Product Quality,The customer raised concerns about product quality and durability.,623.77,0,0.5104555555555557,Cross-sell
12385,67,70080.0,55,3,73.9,15.24,0,6,0.213,142,4.0,Mobile,Home,Positive,Product Quality,The customer raised concerns about product quality and durability.,221.69,0,0.5104555555555556,Engagement reminder
14021,24,28547.0,71,6,103.25,0.07,0,11,0.402,159,4.0,Email,Apparel,Positive,Returns,"The customer asked about returns, refunds, or the return process.",619.47,0,0.5104333333333333,Cross-sell
15036,44,61123.0,29,5,54.71,30.48,1,6,0.593,162,3.9,Web,Sports,Neutral,Returns,"The customer asked about returns, refunds, or the return process.",273.57,0,0.5104277777777778,Engagement reminder
17364,18,58884.0,67,16,54.97,33.96,0,9,0.598,180,4.2,Web,Sports,Positive,Delivery,The customer mentioned delayed delivery and tracking concerns.,879.57,0,0.5104000000000001,Cross-sell
16493,42,54826.0,63,10,73.96,25.37,1,5,0.612,162,3.8,Store,Beauty,Neutral,Features,The customer discussed missing features and requested improvements.,739.63,0,0.5103777777777778,Cross-sell
13815,23,58499.0,10,4,101.79,28.44,1,5,0.556,162,4.1,Email,Sports,Positive,Product Quality,The customer raised concerns about product quality and durability.,407.16,0,0.5103277777777778,Engagement reminder
16000,59,103255.0,17,9,87.61,3.42,2,11,0.529,142,3.8,Web,Electronics,Neutral,Product Quality,The customer raised concerns about product quality and durability.,788.53,0,0.5103111111111112,Cross-sell
10238,63,44513.0,50,9,82.38,16.57,3,10,0.554,152,5.0,Store,Sports,Positive,Product Quality,The customer raised concerns about product quality and durability.,741.38,0,0.5103111111111112,Cross-sell
15951,49,92586.0,16,9,36.97,28.66,2,8,0.866,174,3.9,Store,Home,Neutral,Delivery,The customer mentioned delayed delivery and tracking concerns.,332.75,0,0.5102722222222222,Cross-sell
15610,19,85945.0,26,6,112.81,30.12,1,14,0.691,164,3.5,Web,Sports,Neutral,Price,The customer said the price was high and asked for a better offer.,676.88,0,0.5102722222222222,Cross-sell
15955,66,62428.0,48,7,94.78,6.09,2,8,0.864,162,3.2,Store,Sports,Neutral,Price,The customer said the price was high and asked for a better offer.,663.43,1,0.5102555555555556,Cross-sell
14825,32,69882.0,71,2,69.83,28.19,0,9,0.489,160,3.6,Mobile,Apparel,Neutral,Delivery,The customer mentioned delayed delivery and tracking concerns.,139.66,0,0.5102555555555556,Engagement reminder
15637,22,50649.0,9,7,59.82,36.97,0,7,0.646,164,3.0,Web,Electronics,Neutral,Price,The customer said the price was high and asked for a better offer.,418.75,1,0.5102444444444444,Cross-sell
15339,36,56043.0,9,5,65.63,38.92,2,8,0.476,149,4.5,Mobile,Home,Positive,Product Quality,The customer raised concerns about product quality and durability.,328.15,0,0.5102166666666668,Engagement reminder
15059,49,109721.0,67,4,84.08,26.46,5,12,0.601,89,2.5,Email,Beauty,Negative,Availability,The customer mentioned stock availability and product access.,336.32,0,0.5102166666666667,Engagement reminder
10127,37,48502.0,9,4,117.07,23.01,1,8,0.717,168,3.6,Mobile,Beauty,Neutral,Delivery,The customer mentioned delayed delivery and tracking concerns.,468.28,1,0.5102111111111112,Engagement reminder
15632,36,79022.0,71,5,105.15,10.77,2,11,0.643,137,2.9,Mobile,Home,Neutral,Features,The customer discussed missing features and requested improvements.,525.74,0,0.51015,Engagement reminder
11044,57,68490.0,54,9,133.92,22.75,2,7,0.466,143,4.2,Web,Home,Positive,Product Quality,The customer raised concerns about product quality and durability.,1205.31,0,0.5101333333333333,Cross-sell
14022,69,94489.0,30,8,144.06,21.74,0,10,0.657,170,3.3,Mobile,Apparel,Neutral,Price,The customer said the price was high and asked for a better offer.,1152.48,1,0.5101277777777777,Cross-sell
12752,25,70989.0,65,8,104.99,34.0,1,10,0.689,157,3.1,Web,Beauty,Neutral,Returns,"The customer asked about returns, refunds, or the return process.",839.89,0,0.5101166666666668,Cross-sell
11674,25,64794.0,24,2,88.08,16.72,2,12,0.921,162,2.9,Web,Electronics,Neutral,Product Quality,The customer raised concerns about product quality and durability.,176.16,0,0.5101055555555556,Engagement reminder
17537,35,72073.0,60,6,97.26,28.75,3,2,0.928,167,3.9,Mobile,Apparel,Neutral,Features,The customer discussed missing features and requested improvements.,583.55,0,0.5100944444444444,Cross-sell
11557,46,60571.0,60,7,80.75,33.91,1,8,0.528,156,3.9,Email,Apparel,Neutral,Support,The customer described a slow or unsatisfactory support experience.,565.23,0,0.5100944444444444,Cross-sell
11822,18,90823.0,29,9,50.39,36.74,4,10,0.769,152,4.6,Web,Home,Positive,Features,The customer discussed missing features and requested improvements.,453.54,1,0.5100888888888889,Cross-sell
11089,61,70584.0,20,3,119.19,13.94,2,7,0.885,179,4.1,Store,Beauty,Positive,Product Quality,The customer raised concerns about product quality and durability.,357.57,0,0.5100833333333334,Engagement reminder
10527,60,33906.0,30,4,125.9,15.63,2,15,0.601,145,3.6,Mobile,Sports,Neutral,Support,The customer described a slow or unsatisfactory support experience.,503.6,1,0.5100777777777777,Engagement reminder
10302,51,88637.0,32,6,73.12,1.02,2,10,0.574,151,4.1,Web,Beauty,Positive,Product Quality,The customer raised concerns about product quality and durability.,438.69,0,0.5100611111111112,Cross-sell
11606,41,66510.0,65,4,90.12,35.8,2,8,0.797,166,3.8,Store,Beauty,Neutral,Delivery,The customer mentioned delayed delivery and tracking concerns.,360.47,0,0.5100444444444445,Engagement reminder
12527,30,71030.0,64,4,112.0,39.31,1,19,0.639,171,4.2,Mobile,Home,Positive,Price,The customer said the price was high and asked for a better offer.,447.98,1,0.5099777777777778,Engagement reminder
11286,42,53981.0,13,4,130.28,18.05,1,5,0.437,141,3.5,Web,Sports,Neutral,Product Quality,The customer raised concerns about product quality and durability.,521.13,0,0.5099611111111111,Engagement reminder
17874,45,74749.0,62,5,43.67,27.05,2,15,0.719,164,4.1,Mobile,Apparel,Positive,Product Quality,The customer raised concerns about product quality and durability.,218.36,1,0.5099500000000001,Engagement reminder
10322,53,56923.0,59,10,126.18,11.31,1,9,0.544,154,3.7,Mobile,Apparel,Neutral,Product Quality,The customer raised concerns about product quality and durability.,1261.79,0,0.50995,Cross-sell
12934,53,87031.0,11,6,75.68,22.29,3,9,0.879,176,4.7,Mobile,Apparel,Positive,Price,The customer said the price was high and asked for a better offer.,454.06,0,0.5098944444444444,Cross-sell
11775,35,55735.0,46,3,108.91,11.96,1,14,0.568,146,3.1,Mobile,Electronics,Neutral,Returns,"The customer asked about returns, refunds, or the return process.",326.72,0,0.5098722222222223,Engagement reminder
13189,36,59321.0,15,7,51.91,5.37,1,11,0.468,137,3.1,Mobile,Home,Neutral,Product Quality,The customer raised concerns about product quality and durability.,363.34,0,0.5098722222222223,Cross-sell
12503,65,72909.0,59,7,80.01,6.64,2,8,0.646,154,3.9,Email,Home,Neutral,Availability,The customer mentioned stock availability and product access.,560.05,0,0.5098277777777778,Cross-sell
11781,19,36296.0,16,2,209.95,1.89,1,12,0.553,175,4.9,Web,Beauty,Positive,Returns,"The customer asked about returns, refunds, or the return process.",419.91,1,0.5098166666666667,Engagement reminder
12769,39,41518.0,61,4,99.27,2.42,2,6,0.719,169,4.4,Email,Electronics,Positive,Price,The customer said the price was high and asked for a better offer.,397.08,0,0.5098111111111111,Engagement reminder
16993,32,78118.0,70,5,133.88,33.19,3,12,0.51,109,2.7,Email,Sports,Neutral,Price,The customer said the price was high and asked for a better offer.,669.38,0,0.5098055555555556,Engagement reminder
17580,57,97339.0,48,6,102.79,20.08,3,11,0.483,115,3.2,Email,Sports,Neutral,Availability,The customer mentioned stock availability and product access.,616.74,0,0.5097888888888888,Cross-sell
17808,44,57881.0,24,6,84.16,39.75,2,10,0.429,126,3.4,Mobile,Apparel,Neutral,Returns,"The customer asked about returns, refunds, or the return process.",504.96,0,0.5097555555555555,Cross-sell
16028,33,84086.0,10,3,80.84,1.98,0,8,0.395,126,2.1,Email,Home,Negative,Delivery,The customer mentioned delayed delivery and tracking concerns.,242.52,1,0.5097499999999999,Engagement reminder
12203,37,51085.0,10,4,84.14,39.11,1,8,0.609,153,3.3,Mobile,Electronics,Neutral,Returns,"The customer asked about returns, refunds, or the return process.",336.55,1,0.5097277777777778,Engagement reminder
11373,69,76308.0,57,9,145.99,3.23,0,6,0.7,172,3.2,Store,Sports,Neutral,Price,The customer said the price was high and asked for a better offer.,1313.95,0,0.5097222222222222,Cross-sell
15509,19,27090.0,1,4,18.0,37.93,0,10,0.439,162,4.0,Store,Electronics,Positive,Support,The customer described a slow or unsatisfactory support experience.,72.0,0,0.5097,Engagement reminder
13548,45,86801.0,30,4,130.61,27.7,0,13,0.546,175,4.2,Store,Electronics,Positive,Price,The customer said the price was high and asked for a better offer.,522.42,0,0.5096888888888889,Engagement reminder
11635,57,73814.0,43,4,61.34,0.01,3,13,0.692,154,4.4,Web,Beauty,Positive,Product Quality,The customer raised concerns about product quality and durability.,245.37,0,0.5096555555555555,Engagement reminder
12563,41,59444.0,59,7,81.88,0.86,4,7,0.849,159,4.6,Mobile,Beauty,Positive,Support,The customer described a slow or unsatisfactory support experience.,573.16,0,0.5096444444444445,Cross-sell
12523,65,58988.0,63,9,103.81,6.33,2,10,0.54,141,3.7,Web,Apparel,Neutral,Features,The customer discussed missing features and requested improvements.,934.29,0,0.5096388888888889,Cross-sell
17503,49,72729.0,24,6,101.06,26.47,3,8,0.472,119,3.5,Store,Home,Neutral,Product Quality,The customer raised concerns about product quality and durability.,606.37,0,0.5096277777777778,Cross-sell
16232,29,35819.0,31,6,95.93,12.85,4,12,0.772,147,4.3,Web,Sports,Positive,Returns,"The customer asked about returns, refunds, or the return process.",575.6,0,0.5096277777777778,Cross-sell
13744,44,72913.0,22,11,116.32,0.97,2,9,0.702,164,4.2,Email,Home,Positive,Product Quality,The customer raised concerns about product quality and durability.,1279.47,0,0.5096,Cross-sell
12663,56,58411.0,30,6,134.77,14.67,1,5,0.459,131,2.8,Web,Home,Neutral,Price,The customer said the price was high and asked for a better offer.,808.59,0,0.5095888888888889,Cross-sell
13602,22,62221.0,23,2,120.46,24.12,3,19,0.8,135,2.7,Mobile,Apparel,Neutral,Returns,"The customer asked about returns, refunds, or the return process.",240.91,1,0.5095833333333333,Engagement reminder
12167,33,75826.0,65,6,79.41,22.75,6,8,0.56,86,3.3,Store,Beauty,Neutral,Product Quality,The customer raised concerns about product quality and durability.,476.46,0,0.5095277777777777,Cross-sell
11251,62,45528.0,27,5,62.4,30.81,0,12,0.488,168,4.1,Store,Beauty,Positive,Support,The customer described a slow or unsatisfactory support experience.,312.01,0,0.5094833333333334,Engagement reminder
10376,53,67950.0,21,3,121.11,13.47,0,10,0.738,177,3.3,Web,Apparel,Neutral,Support,The customer described a slow or unsatisfactory support experience.,363.33,1,0.5094833333333333,Engagement reminder
12689,35,71877.0,29,3,87.44,38.95,0,7,0.645,172,3.5,Web,Apparel,Neutral,Price,The customer said the price was high and asked for a better offer.,262.32,0,0.5094722222222222,Engagement reminder
12065,54,68728.0,6,3,73.85,14.99,0,10,0.468,178,4.8,Web,Electronics,Positive,Product Quality,The customer raised concerns about product quality and durability.,221.54,1,0.5094555555555556,Engagement reminder
13630,67,68508.0,65,8,37.6,27.02,1,8,0.907,178,3.2,Email,Apparel,Neutral,Product Quality,The customer raised concerns about product quality and durability.,300.79,0,0.5094333333333334,Cross-sell
16617,61,65135.0,38,7,105.49,7.78,1,9,0.57,178,5.0,Web,Beauty,Positive,Product Quality,The customer raised concerns about product quality and durability.,738.44,0,0.5093333333333334,Cross-sell
11883,38,79419.0,1,10,37.62,9.23,1,5,0.9,179,3.3,Mobile,Electronics,Neutral,Features,The customer discussed missing features and requested improvements.,376.19,0,0.5093055555555556,Cross-sell
12859,21,76088.0,51,8,105.01,8.0,2,12,0.532,157,4.7,Mobile,Sports,Positive,Product Quality,The customer raised concerns about product quality and durability.,840.11,0,0.5092944444444445,Cross-sell
13958,51,66577.0,18,6,143.29,37.45,3,7,0.489,117,3.3,Web,Apparel,Neutral,Support,The customer described a slow or unsatisfactory support experience.,859.74,0,0.5092833333333333,Cross-sell
11110,27,69181.0,12,3,48.21,10.95,1,8,0.471,137,3.1,Mobile,Electronics,Neutral,Features,The customer discussed missing features and requested improvements.,144.62,0,0.5092722222222222,Engagement reminder
11850,69,102325.0,26,5,56.44,13.62,0,13,0.262,129,3.0,Web,Electronics,Neutral,Features,The customer discussed missing features and requested improvements.,282.19,0,0.5092666666666666,Engagement reminder
15992,62,32878.0,45,6,56.7,37.54,1,11,0.508,142,3.2,Mobile,Sports,Neutral,Availability,The customer mentioned stock availability and product access.,340.19,0,0.5092333333333333,Cross-sell
14692,59,85577.0,37,2,60.7,15.38,2,6,0.849,172,3.9,Email,Sports,Neutral,Price,The customer said the price was high and asked for a better offer.,121.4,1,0.5092277777777778,Engagement reminder
17499,37,38385.0,54,4,99.07,25.42,0,10,0.606,165,3.3,Email,Apparel,Neutral,Price,The customer said the price was high and asked for a better offer.,396.28,0,0.5092166666666667,Engagement reminder
16593,53,64557.0,38,9,102.3,33.46,1,8,0.763,170,3.5,Web,Electronics,Neutral,Delivery,The customer mentioned delayed delivery and tracking concerns.,920.72,0,0.5092055555555556,Cross-sell
14296,42,63459.0,4,7,101.99,32.74,2,13,0.577,134,3.1,Web,Home,Neutral,Returns,"The customer asked about returns, refunds, or the return process.",713.91,0,0.5091833333333334,Cross-sell
16002,56,95014.0,52,5,94.35,8.03,1,11,0.793,171,3.4,Email,Sports,Neutral,Price,The customer said the price was high and asked for a better offer.,471.74,1,0.5091777777777777,Engagement reminder
10551,67,72152.0,7,5,70.18,1.02,2,8,0.737,172,4.5,Email,Electronics,Positive,Returns,"The customer asked about returns, refunds, or the return process.",350.91,0,0.5091277777777778,Engagement reminder
12457,41,74508.0,62,3,134.6,9.77,2,11,0.528,138,3.6,Web,Beauty,Neutral,Features,The customer discussed missing features and requested improvements.,403.8,0,0.5091222222222223,Engagement reminder
17290,36,49475.0,2,4,145.6,8.2,2,13,0.928,174,3.6,Web,Apparel,Neutral,Availability,The customer mentioned stock availability and product access.,582.41,0,0.5091222222222223,Engagement reminder
11848,68,78413.0,44,2,45.8,37.83,4,9,0.694,133,3.9,Store,Sports,Neutral,Support,The customer described a slow or unsatisfactory support experience.,91.59,0,0.5091166666666667,Engagement reminder
11184,36,78337.0,69,3,60.79,0.33,4,10,0.279,99,4.1,Web,Beauty,Positive,Delivery,The customer mentioned delayed delivery and tracking concerns.,182.36,0,0.5090611111111112,Engagement reminder
17555,51,47471.0,11,4,130.12,21.88,1,7,0.695,152,2.8,Web,Electronics,Neutral,Returns,"The customer asked about returns, refunds, or the return process.",520.46,0,0.5090555555555556,Engagement reminder
17760,62,73302.0,16,5,80.11,17.68,1,9,0.3,108,2.3,Email,Electronics,Negative,Product Quality,The customer raised concerns about product quality and durability.,400.55,0,0.5090277777777779,Engagement reminder
17782,51,33396.0,21,5,37.34,0.98,1,13,0.641,164,3.8,Mobile,Home,Neutral,Price,The customer said the price was high and asked for a better offer.,186.68,0,0.5090222222222223,Engagement reminder
12932,35,38006.0,20,5,77.15,21.72,2,6,0.888,172,3.7,Store,Electronics,Neutral,Support,The customer described a slow or unsatisfactory support experience.,385.73,1,0.5089277777777778,Engagement reminder
10529,37,82276.0,36,5,84.61,10.68,3,10,0.661,134,3.4,Web,Beauty,Neutral,Price,The customer said the price was high and asked for a better offer.,423.06,0,0.5089111111111111,Engagement reminder
15607,37,37361.0,42,7,106.06,7.15,1,10,0.902,179,3.3,Store,Apparel,Neutral,Features,The customer discussed missing features and requested improvements.,742.39,0,0.5089055555555556,Cross-sell
13340,31,56551.0,49,5,97.4,25.3,1,9,0.518,163,4.4,Mobile,Home,Positive,Features,The customer discussed missing features and requested improvements.,487.0,0,0.5089,Engagement reminder
10259,36,79979.0,12,6,73.62,27.29,3,7,0.666,153,4.5,Mobile,Sports,Positive,Availability,The customer mentioned stock availability and product access.,441.75,1,0.5088833333333334,Cross-sell
12672,49,58362.0,6,5,107.43,12.02,3,11,0.778,131,2.6,Web,Sports,Neutral,Price,The customer said the price was high and asked for a better offer.,537.16,0,0.5088444444444444,Engagement reminder
10230,34,83618.0,69,7,46.05,32.94,0,12,0.619,166,3.3,Web,Beauty,Neutral,Product Quality,The customer raised concerns about product quality and durability.,322.38,0,0.508838888888889,Cross-sell
15730,56,93646.0,47,8,126.48,32.83,0,8,0.292,145,3.8,Mobile,Home,Neutral,Features,The customer discussed missing features and requested improvements.,1011.85,0,0.5088222222222223,Cross-sell
11896,40,78607.0,38,4,110.35,36.83,2,7,0.731,173,4.6,Mobile,Home,Positive,Availability,The customer mentioned stock availability and product access.,441.41,0,0.5088000000000001,Engagement reminder
17838,64,49297.0,42,9,88.36,4.96,1,6,0.656,145,2.6,Email,Home,Neutral,Product Quality,The customer raised concerns about product quality and durability.,795.24,0,0.5088,Cross-sell
14891,47,71807.0,62,5,89.59,13.78,2,5,0.747,166,4.1,Mobile,Apparel,Positive,Price,The customer said the price was high and asked for a better offer.,447.97,1,0.5087944444444445,Engagement reminder
11568,43,18000.0,19,5,99.37,11.75,2,9,0.479,152,4.7,Mobile,Apparel,Positive,Availability,The customer mentioned stock availability and product access.,496.87,1,0.5087833333333334,Engagement reminder
17311,68,49746.0,31,7,68.43,30.84,4,17,0.857,134,3.1,Mobile,Apparel,Neutral,Support,The customer described a slow or unsatisfactory support experience.,479.04,0,0.508738888888889,Cross-sell
10067,19,113299.0,46,6,75.71,8.84,2,7,0.464,154,4.9,Email,Home,Positive,Product Quality,The customer raised concerns about product quality and durability.,454.27,0,0.5087277777777778,Cross-sell
17863,54,56496.0,72,5,131.05,1.2,4,10,0.58,131,4.4,Mobile,Beauty,Positive,Product Quality,The customer raised concerns about product quality and durability.,655.26,0,0.5087222222222222,Engagement reminder
17551,25,66574.0,60,7,109.22,22.77,1,7,0.744,136,1.6,Web,Apparel,Negative,Product Quality,The customer raised concerns about product quality and durability.,764.52,0,0.5087,Cross-sell
11186,61,73755.0,52,8,97.24,28.09,1,10,0.433,135,3.2,Mobile,Home,Neutral,Support,The customer described a slow or unsatisfactory support experience.,777.93,1,0.5086777777777778,Cross-sell
11747,28,50141.0,42,4,99.33,13.87,4,6,0.547,128,4.4,Mobile,Apparel,Positive,Availability,The customer mentioned stock availability and product access.,397.33,0,0.5086555555555555,Engagement reminder
11933,59,89040.0,49,9,99.17,4.43,2,7,0.479,130,3.4,Mobile,Sports,Neutral,Price,The customer said the price was high and asked for a better offer.,892.57,0,0.5086444444444445,Cross-sell
10677,47,48097.0,15,6,102.08,32.45,2,9,0.552,145,3.9,Email,Electronics,Neutral,Availability,The customer mentioned stock availability and product access.,612.48,0,0.5086277777777778,Cross-sell
17738,43,88094.0,23,3,87.96,35.35,2,13,0.198,103,3.3,Mobile,Sports,Neutral,Features,The customer discussed missing features and requested improvements.,263.89,0,0.5085944444444445,Engagement reminder
11281,54,59588.0,25,7,107.88,24.38,2,7,0.826,173,4.1,Email,Electronics,Positive,Features,The customer discussed missing features and requested improvements.,755.19,0,0.5085500000000001,Cross-sell
11296,59,73577.0,2,3,137.7,10.34,0,12,0.867,173,2.4,Web,Apparel,Negative,Delivery,The customer mentioned delayed delivery and tracking concerns.,413.11,0,0.5085444444444445,Engagement reminder
10393,49,34742.0,19,7,66.51,9.29,4,12,0.767,141,4.0,Store,Beauty,Positive,Returns,"The customer asked about returns, refunds, or the return process.",465.57,0,0.5085444444444445,Cross-sell
17988,44,63122.0,21,4,139.31,1.63,1,6,0.283,140,4.3,Web,Sports,Positive,Availability,The customer mentioned stock availability and product access.,557.26,0,0.508538888888889,Engagement reminder
15515,24,50899.0,48,6,98.76,36.86,0,11,0.665,170,3.3,Web,Sports,Neutral,Features,The customer discussed missing features and requested improvements.,592.58,0,0.5085277777777778,Cross-sell
12706,19,87700.0,42,7,86.26,6.3,1,16,0.688,168,3.8,Email,Sports,Neutral,Product Quality,The customer raised concerns about product quality and durability.,603.84,0,0.5085111111111111,Cross-sell
16855,68,34649.0,42,6,75.14,20.92,2,7,0.593,152,4.1,Store,Home,Positive,Product Quality,The customer raised concerns about product quality and durability.,450.82,0,0.5084833333333334,Cross-sell
14267,31,98597.0,37,6,75.62,38.15,3,16,0.375,130,4.7,Mobile,Electronics,Positive,Features,The customer discussed missing features and requested improvements.,453.7,0,0.5084722222222222,Cross-sell
12547,49,78168.0,29,3,109.88,33.06,2,15,0.398,126,3.6,Mobile,Beauty,Neutral,Support,The customer described a slow or unsatisfactory support experience.,329.65,0,0.5084555555555555,Engagement reminder
10275,24,87228.0,34,5,95.06,3.73,3,4,0.764,165,4.7,Mobile,Apparel,Positive,Delivery,The customer mentioned delayed delivery and tracking concerns.,475.28,1,0.5084500000000001,Engagement reminder
12301,24,79836.0,35,8,153.89,26.5,2,9,0.389,137,4.3,Mobile,Beauty,Positive,Support,The customer described a slow or unsatisfactory support experience.,1231.11,0,0.50845,Cross-sell
14632,60,19965.0,34,6,139.28,6.32,2,9,0.417,126,3.5,Store,Apparel,Neutral,Product Quality,The customer raised concerns about product quality and durability.,835.67,0,0.5084055555555554,Cross-sell
14116,52,49380.0,3,10,81.67,3.18,1,4,0.397,162,5.0,Web,Beauty,Positive,Support,The customer described a slow or unsatisfactory support experience.,816.68,0,0.5083777777777778,Cross-sell
13623,66,75195.0,65,8,74.94,37.15,1,11,0.593,156,3.6,Web,Electronics,Neutral,Returns,"The customer asked about returns, refunds, or the return process.",599.53,1,0.5083444444444445,Cross-sell
10501,58,90879.0,51,2,142.46,19.49,1,8,0.609,149,3.1,Email,Beauty,Neutral,Delivery,The customer mentioned delayed delivery and tracking concerns.,284.91,0,0.5083388888888889,Engagement reminder
10569,38,57065.0,62,8,97.78,34.43,0,7,0.666,170,3.3,Web,Sports,Neutral,Support,The customer described a slow or unsatisfactory support experience.,782.21,0,0.5083277777777777,Cross-sell
11314,48,70298.0,18,7,34.92,26.8,2,8,0.605,153,4.1,Mobile,Sports,Positive,Availability,The customer mentioned stock availability and product access.,244.43,1,0.5083055555555556,Cross-sell
17326,34,83040.0,65,4,127.2,5.52,5,9,0.794,119,3.3,Mobile,Electronics,Neutral,Support,The customer described a slow or unsatisfactory support experience.,508.81,0,0.5082833333333333,Engagement reminder
14552,28,66007.0,44,7,109.06,17.69,3,11,0.785,155,4.0,Web,Sports,Positive,Returns,"The customer asked about returns, refunds, or the return process.",763.39,0,0.5082777777777778,Cross-sell
10143,47,91238.0,7,8,105.96,16.54,2,11,0.692,149,3.4,Store,Sports,Neutral,Price,The customer said the price was high and asked for a better offer.,847.66,0,0.5082666666666666,Cross-sell
16617,55,48809.0,61,6,72.63,4.21,1,10,0.258,114,2.9,Web,Sports,Neutral,Returns,"The customer asked about returns, refunds, or the return process.",435.79,0,0.5082611111111112,Cross-sell
15093,37,86410.0,65,7,79.9,16.67,4,10,0.458,81,2.1,Mobile,Beauty,Negative,Product Quality,The customer raised concerns about product quality and durability.,559.31,0,0.508261111111111,Cross-sell
16412,60,109018.0,40,4,60.71,0.27,1,10,0.379,135,3.5,Mobile,Home,Neutral,Support,The customer described a slow or unsatisfactory support experience.,242.84,1,0.5082277777777778,Engagement reminder
17381,61,64938.0,46,7,144.67,39.79,1,15,0.729,180,4.3,Web,Beauty,Positive,Product Quality,The customer raised concerns about product quality and durability.,1012.72,0,0.5082277777777778,Cross-sell
15771,24,72622.0,31,6,98.21,29.69,5,6,0.82,150,5.0,Web,Sports,Positive,Returns,"The customer asked about returns, refunds, or the return process.",589.25,0,0.5082222222222222,Cross-sell
15776,34,72259.0,31,5,100.15,5.08,2,12,0.502,115,2.4,Email,Sports,Negative,Delivery,The customer mentioned delayed delivery and tracking concerns.,500.73,0,0.5082111111111112,Engagement reminder
12276,64,83798.0,47,7,80.04,19.67,2,12,0.459,101,1.8,Mobile,Electronics,Negative,Product Quality,The customer raised concerns about product quality and durability.,560.31,0,0.5082,Cross-sell
10581,24,63011.0,50,7,59.37,22.85,1,12,0.353,136,3.7,Email,Apparel,Neutral,Delivery,The customer mentioned delayed delivery and tracking concerns.,415.56,1,0.50815,Cross-sell
15505,62,91047.0,63,5,77.11,25.23,2,14,0.603,146,3.7,Email,Sports,Neutral,Price,The customer said the price was high and asked for a better offer.,385.54,0,0.50815,Engagement reminder
14781,22,117164.0,55,6,128.35,38.61,0,13,0.708,172,3.2,Email,Home,Neutral,Returns,"The customer asked about returns, refunds, or the return process.",770.12,1,0.5081222222222223,Cross-sell
11237,35,78940.0,37,5,122.6,19.09,1,11,0.568,130,2.2,Email,Electronics,Negative,Delivery,The customer mentioned delayed delivery and tracking concerns.,612.98,1,0.5080666666666668,Engagement reminder
13598,20,53361.0,49,4,84.1,26.2,0,13,0.543,174,4.2,Store,Apparel,Positive,Features,The customer discussed missing features and requested improvements.,336.39,0,0.5080666666666667,Engagement reminder
11044,47,18000.0,45,5,102.08,8.2,1,12,0.675,170,4.0,Email,Sports,Positive,Delivery,The customer mentioned delayed delivery and tracking concerns.,510.38,0,0.5080555555555556,Engagement reminder
16057,48,69215.0,49,4,128.09,12.81,3,12,0.516,129,3.9,Email,Sports,Neutral,Price,The customer said the price was high and asked for a better offer.,512.35,1,0.50805,Engagement reminder
11473,41,92555.0,62,6,117.27,30.95,1,9,0.473,140,3.3,Web,Electronics,Neutral,Support,The customer described a slow or unsatisfactory support experience.,703.6,0,0.5080388888888889,Cross-sell
14017,46,82107.0,33,4,86.31,13.19,0,9,0.687,165,2.9,Web,Home,Neutral,Price,The customer said the price was high and asked for a better offer.,345.26,0,0.5080166666666667,Engagement reminder
16445,58,34602.0,61,9,99.62,0.58,3,8,0.901,140,2.5,Web,Sports,Neutral,Availability,The customer mentioned stock availability and product access.,896.59,0,0.5079944444444444,Cross-sell
14946,34,85117.0,1,7,99.7,31.25,1,12,0.576,156,3.7,Web,Electronics,Neutral,Delivery,The customer mentioned delayed delivery and tracking concerns.,697.9,1,0.5079944444444444,Cross-sell
10361,67,79280.0,56,5,68.09,31.77,2,16,0.565,129,2.9,Mobile,Electronics,Neutral,Availability,The customer mentioned stock availability and product access.,340.46,0,0.5079722222222223,Engagement reminder
15687,64,94447.0,29,2,105.79,24.71,0,10,0.266,149,4.2,Email,Apparel,Positive,Price,The customer said the price was high and asked for a better offer.,211.58,0,0.5079111111111112,Engagement reminder
11927,60,64372.0,7,5,93.59,37.21,1,8,0.441,132,3.0,Web,Electronics,Neutral,Support,The customer described a slow or unsatisfactory support experience.,467.97,0,0.5079111111111111,Engagement reminder
13245,54,50969.0,55,3,97.83,30.35,2,9,0.605,141,3.4,Email,Beauty,Neutral,Delivery,The customer mentioned delayed delivery and tracking concerns.,293.49,1,0.507888888888889,Engagement reminder
10810,67,61514.0,52,5,58.39,2.84,3,9,0.969,168,3.8,Store,Electronics,Neutral,Price,The customer said the price was high and asked for a better offer.,291.96,0,0.5078666666666667,Engagement reminder
15975,27,51318.0,40,3,120.9,19.18,1,15,0.76,159,2.9,Mobile,Sports,Neutral,Support,The customer described a slow or unsatisfactory support experience.,362.7,0,0.5078611111111111,Engagement reminder
11022,19,49625.0,44,9,113.74,2.54,0,8,0.365,141,3.2,Store,Apparel,Neutral,Support,The customer described a slow or unsatisfactory support experience.,1023.65,0,0.5078333333333334,Cross-sell
15194,30,93463.0,45,4,27.95,16.83,2,8,0.572,165,5.0,Email,Beauty,Positive,Support,The customer described a slow or unsatisfactory support experience.,111.8,0,0.5078222222222223,Engagement reminder
14110,63,63695.0,28,4,70.13,25.95,0,6,0.586,171,3.8,Email,Home,Neutral,Price,The customer said the price was high and asked for a better offer.,280.5,1,0.5078,Engagement reminder
14406,30,66422.0,14,8,100.59,16.72,0,13,0.653,177,3.8,Web,Sports,Neutral,Delivery,The customer mentioned delayed delivery and tracking concerns.,804.7,0,0.5077333333333334,Cross-sell
10337,29,52141.0,48,6,118.25,18.85,2,10,0.644,136,2.9,Web,Apparel,Neutral,Price,The customer said the price was high and asked for a better offer.,709.47,0,0.5077277777777778,Cross-sell
12223,62,64615.0,51,3,75.55,0.63,0,12,0.565,164,3.5,Email,Apparel,Neutral,Price,The customer said the price was high and asked for a better offer.,226.66,0,0.5076944444444444,Engagement reminder
14651,19,58054.0,58,9,109.58,19.44,2,11,0.559,157,4.6,Store,Electronics,Positive,Price,The customer said the price was high and asked for a better offer.,986.21,0,0.5076444444444446,Cross-sell
11697,28,75968.0,55,10,103.14,0.57,1,14,0.68,150,2.8,Mobile,Beauty,Neutral,Product Quality,The customer raised concerns about product quality and durability.,1031.39,0,0.5076111111111111,Cross-sell
16210,43,83608.0,1,4,79.11,16.3,3,11,0.58,143,4.4,Mobile,Electronics,Positive,Product Quality,The customer raised concerns about product quality and durability.,316.46,0,0.5076111111111111,Engagement reminder
17836,23,82167.0,69,10,111.95,15.45,1,9,0.86,178,3.5,Web,Electronics,Neutral,Delivery,The customer mentioned delayed delivery and tracking concerns.,1119.53,0,0.5075833333333334,Cross-sell
14872,58,91023.0,12,5,127.01,30.71,1,16,0.592,164,4.1,Store,Home,Positive,Product Quality,The customer raised concerns about product quality and durability.,635.05,0,0.5075722222222223,Engagement reminder
17831,46,56809.0,46,3,100.63,3.56,4,13,0.674,144,4.7,Email,Electronics,Positive,Features,The customer discussed missing features and requested improvements.,301.88,0,0.5075611111111111,Engagement reminder
16241,42,70723.0,58,5,92.25,33.35,1,14,0.565,143,3.0,Store,Beauty,Neutral,Delivery,The customer mentioned delayed delivery and tracking concerns.,461.23,0,0.5075555555555555,Engagement reminder
13347,22,83014.0,21,6,132.8,27.75,2,8,0.831,173,4.1,Mobile,Home,Positive,Availability,The customer mentioned stock availability and product access.,796.79,0,0.5075500000000001,Cross-sell
12527,46,77795.0,23,7,163.42,0.64,1,13,0.218,132,4.2,Mobile,Beauty,Positive,Price,The customer said the price was high and asked for a better offer.,1143.97,0,0.5075111111111111,Cross-sell
16577,35,69295.0,24,3,105.26,34.49,2,9,0.58,147,3.9,Mobile,Apparel,Neutral,Price,The customer said the price was high and asked for a better offer.,315.78,0,0.5074722222222222,Engagement reminder
13597,51,59898.0,34,1,121.18,24.37,0,16,0.385,173,5.0,Mobile,Sports,Positive,Product Quality,The customer raised concerns about product quality and durability.,121.18,0,0.5074444444444445,Engagement reminder
16171,47,86835.0,37,8,79.01,18.93,1,10,0.626,140,2.5,Email,Apparel,Negative,Availability,The customer mentioned stock availability and product access.,632.07,0,0.5074388888888889,Cross-sell
12650,49,89559.0,67,5,88.71,15.34,0,12,0.415,147,3.3,Web,Apparel,Neutral,Availability,The customer mentioned stock availability and product access.,443.55,0,0.5074166666666666,Engagement reminder
12821,62,64757.0,15,4,99.94,7.0,3,10,0.695,160,4.8,Mobile,Apparel,Positive,Delivery,The customer mentioned delayed delivery and tracking concerns.,399.77,0,0.5073888888888889,Engagement reminder
15388,66,68951.0,50,5,126.69,8.06,6,14,0.411,75,3.5,Mobile,Electronics,Neutral,Support,The customer described a slow or unsatisfactory support experience.,633.45,0,0.5073833333333334,Engagement reminder
16380,20,68180.0,7,6,63.92,23.23,1,12,0.852,162,2.6,Email,Home,Neutral,Returns,"The customer asked about returns, refunds, or the return process.",383.55,0,0.5073777777777778,Cross-sell
10727,56,55932.0,61,6,57.74,25.81,2,10,0.541,162,5.0,Mobile,Home,Positive,Price,The customer said the price was high and asked for a better offer.,346.41,1,0.5073555555555556,Cross-sell
12270,19,52951.0,54,2,99.25,8.15,2,12,0.519,160,5.0,Store,Sports,Positive,Delivery,The customer mentioned delayed delivery and tracking concerns.,198.51,0,0.507311111111111,Engagement reminder
17947,28,65867.0,11,7,77.86,22.71,0,11,0.385,151,3.7,Web,Sports,Neutral,Product Quality,The customer raised concerns about product quality and durability.,545.03,0,0.5073055555555556,Cross-sell
10539,30,40048.0,41,7,84.36,26.38,1,10,0.457,123,2.4,Mobile,Beauty,Negative,Price,The customer said the price was high and asked for a better offer.,590.54,0,0.5072111111111112,Cross-sell
12375,49,63680.0,70,4,80.5,27.69,4,13,0.612,118,3.5,Mobile,Home,Neutral,Support,The customer described a slow or unsatisfactory support experience.,322.0,1,0.5071833333333333,Engagement reminder
14186,33,94551.0,64,4,25.18,20.4,1,5,0.578,144,3.0,Web,Beauty,Neutral,Delivery,The customer mentioned delayed delivery and tracking concerns.,100.72,0,0.5071777777777778,Engagement reminder
17124,50,106306.0,72,5,141.61,11.64,0,12,0.585,147,2.4,Web,Beauty,Negative,Support,The customer described a slow or unsatisfactory support experience.,708.03,0,0.5071666666666667,Engagement reminder
16532,22,74169.0,36,8,74.2,22.19,0,14,0.776,176,3.1,Store,Sports,Neutral,Support,The customer described a slow or unsatisfactory support experience.,593.59,0,0.5071611111111112,Cross-sell
11357,68,122586.0,71,11,116.73,16.01,2,9,0.847,154,2.9,Web,Electronics,Neutral,Support,The customer described a slow or unsatisfactory support experience.,1284.06,1,0.5071277777777778,Cross-sell
14962,58,61871.0,21,3,100.01,12.8,2,14,0.8,143,2.5,Mobile,Sports,Neutral,Support,The customer described a slow or unsatisfactory support experience.,300.04,0,0.5070833333333333,Engagement reminder
14170,34,55863.0,53,7,63.89,18.26,0,11,0.425,168,4.5,Email,Apparel,Positive,Price,The customer said the price was high and asked for a better offer.,447.22,1,0.5070833333333333,Cross-sell
10345,32,68219.0,12,7,82.38,4.5,3,14,0.798,159,4.2,Web,Home,Positive,Price,The customer said the price was high and asked for a better offer.,576.64,0,0.5070666666666667,Cross-sell
17882,52,69068.0,61,8,134.63,5.0,2,12,0.473,122,3.0,Mobile,Home,Neutral,Delivery,The customer mentioned delayed delivery and tracking concerns.,1077.05,0,0.5070666666666667,Cross-sell
15676,69,47826.0,67,3,92.0,25.46,1,13,0.471,163,4.7,Store,Beauty,Positive,Support,The customer described a slow or unsatisfactory support experience.,275.99,1,0.50705,Engagement reminder
10145,37,64938.0,72,7,133.71,9.07,3,8,0.494,135,4.4,Email,Electronics,Positive,Price,The customer said the price was high and asked for a better offer.,936.0,0,0.5070333333333333,Cross-sell
11998,41,55194.0,14,9,61.14,19.85,4,13,0.665,121,3.4,Email,Apparel,Neutral,Availability,The customer mentioned stock availability and product access.,550.29,0,0.507,Cross-sell
17095,28,41830.0,67,8,103.12,12.88,3,11,0.852,152,3.5,Store,Apparel,Neutral,Features,The customer discussed missing features and requested improvements.,824.95,1,0.5069611111111111,Cross-sell
12107,41,84778.0,4,8,72.95,0.91,0,13,0.709,180,3.7,Email,Sports,Neutral,Product Quality,The customer raised concerns about product quality and durability.,583.6,0,0.50695,Cross-sell
15987,34,52736.0,36,5,74.31,34.38,0,13,0.591,166,3.5,Web,Electronics,Neutral,Returns,"The customer asked about returns, refunds, or the return process.",371.57,0,0.5069388888888889,Engagement reminder
17781,21,79138.0,43,7,86.81,7.31,2,11,0.564,147,4.0,Email,Home,Neutral,Features,The customer discussed missing features and requested improvements.,607.69,0,0.5069222222222223,Cross-sell
12048,26,74673.0,49,10,136.45,12.48,0,9,0.314,136,3.2,Web,Home,Neutral,Product Quality,The customer raised concerns about product quality and durability.,1364.5,0,0.5069222222222222,Cross-sell
12231,64,68115.0,62,8,102.35,24.39,1,11,0.469,156,4.3,Web,Home,Positive,Delivery,The customer mentioned delayed delivery and tracking concerns.,818.82,1,0.5068944444444445,Cross-sell
14949,42,42553.0,59,7,64.45,11.18,2,8,0.315,133,4.5,Web,Beauty,Positive,Returns,"The customer asked about returns, refunds, or the return process.",451.18,0,0.5068611111111112,Cross-sell
12273,39,79833.0,10,8,87.33,22.22,2,7,0.706,153,3.6,Email,Home,Neutral,Price,The customer said the price was high and asked for a better offer.,698.62,0,0.5068555555555556,Cross-sell
10514,59,58473.0,63,3,57.87,24.27,3,9,0.629,115,2.5,Web,Home,Negative,Product Quality,The customer raised concerns about product quality and durability.,173.62,0,0.5068388888888888,Engagement reminder
12102,30,43187.0,47,8,86.65,35.95,0,16,0.436,125,1.9,Mobile,Apparel,Negative,Delivery,The customer mentioned delayed delivery and tracking concerns.,693.22,0,0.5068277777777778,Cross-sell
13674,36,72107.0,42,4,94.57,0.52,1,16,0.659,141,2.4,Web,Sports,Negative,Price,The customer said the price was high and asked for a better offer.,378.26,0,0.5068111111111111,Engagement reminder
17181,35,80747.0,49,10,108.64,1.75,0,10,0.259,131,3.2,Email,Sports,Neutral,Price,The customer said the price was high and asked for a better offer.,1086.35,0,0.5068111111111111,Cross-sell
16890,48,47449.0,1,12,75.36,22.73,1,7,0.689,142,2.3,Email,Sports,Negative,Availability,The customer mentioned stock availability and product access.,904.33,0,0.5067833333333334,Cross-sell
17521,37,59188.0,10,6,105.14,6.85,2,9,0.628,151,3.9,Email,Apparel,Neutral,Returns,"The customer asked about returns, refunds, or the return process.",630.84,0,0.5067611111111112,Cross-sell
17819,64,30865.0,42,1,94.54,6.36,0,10,0.469,160,3.8,Email,Beauty,Neutral,Features,The customer discussed missing features and requested improvements.,94.54,0,0.5067555555555556,Engagement reminder
10737,46,71108.0,37,8,117.66,10.06,3,10,0.685,120,2.5,Web,Beauty,Neutral,Delivery,The customer mentioned delayed delivery and tracking concerns.,941.28,0,0.50675,Cross-sell
12870,55,79642.0,43,4,105.35,15.04,0,3,0.451,128,2.0,Email,Beauty,Negative,Availability,The customer mentioned stock availability and product access.,421.39,0,0.5067444444444444,Engagement reminder
12467,40,64374.0,24,9,83.61,27.28,3,13,0.751,131,2.8,Mobile,Home,Neutral,Features,The customer discussed missing features and requested improvements.,752.52,0,0.5067444444444444,Cross-sell
14656,63,96720.0,65,5,87.68,35.12,2,3,0.531,149,4.3,Web,Beauty,Positive,Support,The customer described a slow or unsatisfactory support experience.,438.41,0,0.5067166666666667,Engagement reminder
10993,46,85444.0,61,4,125.86,37.32,0,14,0.647,176,3.8,Store,Sports,Neutral,Price,The customer said the price was high and asked for a better offer.,503.45,0,0.5067111111111111,Engagement reminder
14122,31,42261.0,20,7,107.6,0.32,0,6,0.673,180,3.9,Mobile,Electronics,Neutral,Support,The customer described a slow or unsatisfactory support experience.,753.21,0,0.50665,Cross-sell
10620,48,88734.0,32,10,141.5,13.51,1,10,0.689,174,4.2,Web,Beauty,Positive,Support,The customer described a slow or unsatisfactory support experience.,1415.01,0,0.5066444444444446,Cross-sell
11850,45,103127.0,13,2,35.53,34.26,0,4,0.78,166,2.5,Web,Sports,Negative,Delivery,The customer mentioned delayed delivery and tracking concerns.,71.06,0,0.5066388888888889,Engagement reminder
11538,29,60612.0,22,5,41.19,5.63,3,11,0.56,134,4.0,Email,Sports,Positive,Support,The customer described a slow or unsatisfactory support experience.,205.94,0,0.5066111111111111,Engagement reminder
13002,59,68944.0,33,9,52.32,12.8,4,12,0.81,144,4.0,Store,Home,Neutral,Returns,"The customer asked about returns, refunds, or the return process.",470.86,0,0.5066111111111111,Cross-sell
10079,31,46530.0,55,7,80.73,7.99,3,11,0.542,129,3.8,Mobile,Apparel,Neutral,Features,The customer discussed missing features and requested improvements.,565.08,0,0.5066,Cross-sell
16847,55,91126.0,32,8,97.69,5.11,0,11,0.313,156,4.4,Mobile,Home,Positive,Delivery,The customer mentioned delayed delivery and tracking concerns.,781.49,0,0.5065666666666667,Cross-sell
12487,38,77764.0,7,5,88.43,37.05,4,8,0.47,110,3.8,Email,Beauty,Neutral,Returns,"The customer asked about returns, refunds, or the return process.",442.14,0,0.5065555555555556,Engagement reminder
12122,23,91622.0,33,10,104.21,19.01,0,15,0.62,160,3.0,Email,Beauty,Neutral,Support,The customer described a slow or unsatisfactory support experience.,1042.12,0,0.5065555555555555,Cross-sell
17762,62,37691.0,2,5,144.78,36.95,3,6,0.773,170,5.0,Email,Home,Positive,Availability,The customer mentioned stock availability and product access.,723.89,1,0.5065111111111111,Engagement reminder
16787,58,90680.0,59,6,72.44,27.69,1,8,0.38,136,3.6,Mobile,Apparel,Neutral,Support,The customer described a slow or unsatisfactory support experience.,434.62,0,0.5065000000000001,Cross-sell
16772,32,91865.0,38,6,113.99,29.71,1,15,0.755,163,3.2,Web,Electronics,Neutral,Price,The customer said the price was high and asked for a better offer.,683.95,0,0.5065,Cross-sell
12722,69,68349.0,42,9,94.56,29.43,1,14,0.637,176,4.6,Mobile,Electronics,Positive,Delivery,The customer mentioned delayed delivery and tracking concerns.,851.04,0,0.506488888888889,Cross-sell
10741,40,63168.0,40,6,108.38,6.68,2,13,0.494,127,3.2,Email,Sports,Neutral,Availability,The customer mentioned stock availability and product access.,650.27,1,0.5064777777777778,Cross-sell
15751,47,56776.0,29,7,112.28,11.22,2,12,0.583,162,4.8,Mobile,Sports,Positive,Price,The customer said the price was high and asked for a better offer.,785.99,1,0.5064555555555557,Cross-sell
14752,51,69676.0,54,3,76.29,30.09,1,4,0.506,149,3.7,Store,Apparel,Neutral,Delivery,The customer mentioned delayed delivery and tracking concerns.,228.87,0,0.5064388888888889,Engagement reminder
16857,35,40266.0,41,8,68.32,15.5,1,15,0.713,171,3.9,Mobile,Sports,Neutral,Features,The customer discussed missing features and requested improvements.,546.55,0,0.5064277777777778,Cross-sell
14002,68,83158.0,20,4,59.17,0.3,2,11,0.338,118,3.5,Mobile,Home,Neutral,Features,The customer discussed missing features and requested improvements.,236.67,1,0.5064277777777778,Engagement reminder
12075,32,103560.0,44,7,77.98,11.83,2,11,0.713,145,3.1,Email,Sports,Neutral,Price,The customer said the price was high and asked for a better offer.,545.85,0,0.5064277777777778,Cross-sell
13545,18,84084.0,14,4,71.87,7.61,1,12,0.761,177,4.0,Mobile,Sports,Positive,Support,The customer described a slow or unsatisfactory support experience.,287.48,0,0.5064111111111111,Engagement reminder
15574,66,66198.0,21,3,65.24,36.03,3,5,0.475,133,4.4,Web,Home,Positive,Delivery,The customer mentioned delayed delivery and tracking concerns.,195.71,0,0.5063888888888889,Engagement reminder
17885,25,68414.0,7,5,134.88,3.39,0,14,0.407,161,4.2,Web,Apparel,Positive,Returns,"The customer asked about returns, refunds, or the return process.",674.38,0,0.5063777777777778,Engagement reminder
12856,29,73478.0,18,6,101.02,31.61,0,11,0.589,174,4.0,Mobile,Sports,Positive,Features,The customer discussed missing features and requested improvements.,606.12,0,0.5063666666666667,Cross-sell
17718,54,65978.0,69,8,37.58,31.66,0,11,0.696,160,2.6,Email,Apparel,Neutral,Product Quality,The customer raised concerns about product quality and durability.,300.67,0,0.5063555555555556,Cross-sell
17592,51,66919.0,57,8,72.12,23.36,3,7,0.696,163,5.0,Store,Sports,Positive,Returns,"The customer asked about returns, refunds, or the return process.",576.98,0,0.5063555555555556,Cross-sell
13743,53,63969.0,72,4,89.35,26.07,1,12,0.424,150,4.2,Email,Beauty,Positive,Support,The customer described a slow or unsatisfactory support experience.,357.38,1,0.5063111111111112,Engagement reminder
13368,67,53717.0,34,8,66.5,27.05,1,10,0.552,148,3.4,Email,Apparel,Neutral,Delivery,The customer mentioned delayed delivery and tracking concerns.,532.03,0,0.5062666666666666,Cross-sell
17872,36,60378.0,63,4,60.64,26.59,2,10,0.809,162,3.6,Store,Beauty,Neutral,Product Quality,The customer raised concerns about product quality and durability.,242.54,0,0.5062555555555556,Engagement reminder
15792,21,51403.0,9,5,53.49,11.78,0,15,0.623,177,4.0,Mobile,Electronics,Positive,Price,The customer said the price was high and asked for a better offer.,267.46,1,0.5062333333333333,Engagement reminder
17354,67,72322.0,34,7,18.0,10.09,1,5,0.564,144,3.1,Store,Sports,Neutral,Availability,The customer mentioned stock availability and product access.,126.0,0,0.5062277777777778,Cross-sell
12082,19,62145.0,60,5,107.35,37.84,0,10,0.385,164,4.5,Mobile,Home,Positive,Delivery,The customer mentioned delayed delivery and tracking concerns.,536.77,1,0.5061944444444445,Engagement reminder
16333,67,64286.0,26,5,96.76,24.15,4,5,0.374,113,4.5,Store,Apparel,Positive,Returns,"The customer asked about returns, refunds, or the return process.",483.78,0,0.5061722222222222,Engagement reminder
16084,44,46357.0,45,8,89.86,27.9,1,15,0.57,158,3.9,Mobile,Home,Neutral,Price,The customer said the price was high and asked for a better offer.,718.87,1,0.5061388888888889,Cross-sell
12905,46,50715.0,22,5,95.86,24.04,0,11,0.268,145,4.0,Web,Beauty,Neutral,Availability,The customer mentioned stock availability and product access.,479.31,0,0.5061222222222223,Engagement reminder
16763,62,97055.0,30,5,120.06,6.66,0,8,0.569,167,3.7,Email,Electronics,Neutral,Delivery,The customer mentioned delayed delivery and tracking concerns.,600.32,1,0.5060611111111112,Engagement reminder
17951,27,31067.0,21,4,54.47,34.03,5,15,0.842,151,5.0,Mobile,Sports,Positive,Returns,"The customer asked about returns, refunds, or the return process.",217.87,1,0.5060444444444445,Engagement reminder
12558,28,52510.0,27,5,155.77,12.11,3,5,0.831,175,5.0,Email,Sports,Positive,Delivery,The customer mentioned delayed delivery and tracking concerns.,778.85,0,0.5060222222222223,Engagement reminder
10225,24,66468.0,61,8,98.76,19.02,3,6,0.698,136,3.4,Store,Beauty,Neutral,Delivery,The customer mentioned delayed delivery and tracking concerns.,790.05,0,0.5059555555555555,Cross-sell
11584,51,89290.0,68,6,96.33,19.0,1,17,0.378,117,2.5,Store,Home,Neutral,Product Quality,The customer raised concerns about product quality and durability.,577.95,0,0.5059277777777778,Cross-sell
15102,69,91346.0,34,12,98.99,22.74,1,7,0.531,151,3.7,Email,Sports,Neutral,Availability,The customer mentioned stock availability and product access.,1187.88,0,0.5058833333333334,Cross-sell
14459,53,85714.0,21,10,81.67,5.92,0,9,0.656,168,3.3,Store,Apparel,Neutral,Availability,The customer mentioned stock availability and product access.,816.74,0,0.5058833333333334,Cross-sell
12453,41,74793.0,67,8,77.78,5.07,1,13,0.497,153,4.0,Mobile,Home,Neutral,Price,The customer said the price was high and asked for a better offer.,622.24,0,0.5058777777777779,Cross-sell
14903,36,30287.0,51,5,77.08,36.29,4,10,0.454,115,4.2,Email,Electronics,Positive,Returns,"The customer asked about returns, refunds, or the return process.",385.38,1,0.5058666666666667,Engagement reminder
10141,41,53955.0,56,9,45.25,23.17,1,10,0.441,153,4.3,Store,Home,Positive,Availability,The customer mentioned stock availability and product access.,407.22,0,0.5058277777777779,Cross-sell
12982,60,70558.0,52,5,100.65,0.63,3,12,0.632,157,5.0,Store,Beauty,Positive,Delivery,The customer mentioned delayed delivery and tracking concerns.,503.24,0,0.5058222222222222,Engagement reminder
10751,65,59349.0,40,4,92.8,12.96,1,10,0.564,159,4.0,Store,Electronics,Positive,Features,The customer discussed missing features and requested improvements.,371.21,0,0.5058111111111111,Engagement reminder
11173,55,89757.0,15,4,73.62,29.94,3,7,0.789,134,2.8,Email,Sports,Neutral,Availability,The customer mentioned stock availability and product access.,294.49,0,0.5058111111111111,Engagement reminder
17147,48,81448.0,21,8,56.37,31.17,3,8,0.687,140,3.7,Email,Apparel,Neutral,Features,The customer discussed missing features and requested improvements.,450.94,0,0.5057944444444444,Cross-sell
15903,49,67134.0,48,8,22.74,37.51,0,9,0.578,166,3.6,Web,Apparel,Neutral,Product Quality,The customer raised concerns about product quality and durability.,181.91,0,0.505788888888889,Cross-sell
12156,33,58950.0,19,7,60.5,14.68,1,5,0.717,166,3.6,Web,Apparel,Neutral,Price,The customer said the price was high and asked for a better offer.,423.53,0,0.5057666666666667,Cross-sell
11725,49,81242.0,17,4,155.99,21.5,2,9,0.59,137,3.3,Email,Electronics,Neutral,Availability,The customer mentioned stock availability and product access.,623.96,0,0.50575,Engagement reminder
13340,40,69141.0,22,8,88.22,7.8,1,13,0.638,142,2.6,Web,Electronics,Neutral,Product Quality,The customer raised concerns about product quality and durability.,705.73,0,0.5057333333333334,Cross-sell
11554,54,92330.0,67,9,92.9,17.7,3,8,0.529,119,3.3,Store,Electronics,Neutral,Availability,The customer mentioned stock availability and product access.,836.13,0,0.5057277777777778,Cross-sell
11236,35,81923.0,15,6,94.38,7.77,0,12,0.17,136,4.0,Store,Sports,Neutral,Support,The customer described a slow or unsatisfactory support experience.,566.28,1,0.5057222222222222,Cross-sell
12375,58,76417.0,50,12,98.68,4.97,2,13,0.734,155,3.6,Web,Beauty,Neutral,Price,The customer said the price was high and asked for a better offer.,1184.12,0,0.5057,Cross-sell
16435,60,62878.0,14,7,64.64,29.99,2,10,0.28,131,4.6,Mobile,Beauty,Positive,Returns,"The customer asked about returns, refunds, or the return process.",452.49,0,0.5056666666666667,Cross-sell
13429,55,47399.0,71,6,110.88,27.86,0,9,0.405,174,5.0,Mobile,Home,Positive,Returns,"The customer asked about returns, refunds, or the return process.",665.26,0,0.5056666666666667,Cross-sell
12367,35,92857.0,9,7,96.36,10.3,0,10,0.471,158,3.7,Email,Apparel,Neutral,Features,The customer discussed missing features and requested improvements.,674.54,0,0.5056611111111111,Cross-sell
11158,33,67934.0,52,7,97.69,34.22,2,10,0.51,123,2.9,Web,Electronics,Neutral,Product Quality,The customer raised concerns about product quality and durability.,683.81,0,0.5056388888888889,Cross-sell
11683,41,84349.0,46,4,117.36,5.06,1,8,0.701,178,4.4,Web,Apparel,Positive,Delivery,The customer mentioned delayed delivery and tracking concerns.,469.46,0,0.5056333333333334,Engagement reminder
13107,35,75120.0,23,3,91.41,12.65,3,12,0.642,146,4.3,Email,Apparel,Positive,Features,The customer discussed missing features and requested improvements.,274.22,0,0.5056277777777778,Engagement reminder
15710,63,62031.0,5,8,45.03,1.28,0,14,0.547,180,4.6,Email,Apparel,Positive,Features,The customer discussed missing features and requested improvements.,360.22,0,0.5056,Cross-sell
12141,53,117584.0,43,4,120.16,3.26,2,14,0.614,161,4.6,Mobile,Beauty,Positive,Price,The customer said the price was high and asked for a better offer.,480.65,0,0.5055333333333334,Engagement reminder
15357,22,90851.0,54,9,100.11,13.31,3,6,0.83,173,4.9,Web,Sports,Positive,Returns,"The customer asked about returns, refunds, or the return process.",901.02,0,0.5055277777777778,Cross-sell
14059,47,77140.0,5,7,81.62,3.87,3,7,0.367,106,3.4,Web,Apparel,Neutral,Availability,The customer mentioned stock availability and product access.,571.35,0,0.5054888888888889,Cross-sell
13316,34,48265.0,65,3,99.58,0.19,2,10,0.317,114,3.4,Web,Apparel,Neutral,Features,The customer discussed missing features and requested improvements.,298.75,0,0.5054888888888889,Engagement reminder
10408,57,84623.0,69,3,129.83,34.7,1,9,0.808,169,3.3,Web,Home,Neutral,Returns,"The customer asked about returns, refunds, or the return process.",389.49,0,0.5054833333333334,Engagement reminder
10713,62,25148.0,44,2,153.16,28.46,2,6,0.724,154,3.6,Mobile,Beauty,Neutral,Product Quality,The customer raised concerns about product quality and durability.,306.31,1,0.5054777777777778,Engagement reminder
17014,21,71067.0,7,7,105.29,12.75,2,9,0.606,167,5.0,Email,Home,Positive,Delivery,The customer mentioned delayed delivery and tracking concerns.,737.01,0,0.5054666666666667,Cross-sell
16570,58,106474.0,12,7,135.42,16.69,1,18,0.556,148,3.4,Web,Home,Neutral,Support,The customer described a slow or unsatisfactory support experience.,947.95,0,0.5054666666666667,Cross-sell
17628,24,98397.0,41,8,98.71,11.57,3,8,0.786,169,4.9,Email,Apparel,Positive,Support,The customer described a slow or unsatisfactory support experience.,789.64,1,0.5054388888888889,Cross-sell
15449,34,61848.0,7,8,95.28,2.56,0,8,0.632,169,3.5,Web,Sports,Neutral,Price,The customer said the price was high and asked for a better offer.,762.22,0,0.5054055555555556,Cross-sell
13706,47,119319.0,40,4,70.26,39.98,0,7,0.705,157,2.4,Email,Sports,Negative,Delivery,The customer mentioned delayed delivery and tracking concerns.,281.06,0,0.5053888888888889,Engagement reminder
12234,36,97157.0,51,7,95.35,1.42,1,8,0.621,169,4.3,Mobile,Sports,Positive,Support,The customer described a slow or unsatisfactory support experience.,667.48,1,0.5053833333333334,Cross-sell
11160,65,60104.0,30,6,86.42,26.3,1,2,0.471,142,3.5,Mobile,Beauty,Neutral,Support,The customer described a slow or unsatisfactory support experience.,518.54,0,0.5053833333333334,Cross-sell
13466,66,64855.0,3,9,97.2,8.37,1,8,0.597,155,3.6,Mobile,Sports,Neutral,Support,The customer described a slow or unsatisfactory support experience.,874.79,0,0.5053222222222223,Cross-sell
12730,30,41644.0,54,3,65.58,19.95,4,12,0.704,117,3.0,Web,Apparel,Neutral,Price,The customer said the price was high and asked for a better offer.,196.73,0,0.5053111111111112,Engagement reminder
14036,38,52237.0,10,6,36.75,0.82,2,9,0.404,115,3.0,Web,Home,Neutral,Delivery,The customer mentioned delayed delivery and tracking concerns.,220.5,0,0.505311111111111,Cross-sell
11960,30,25021.0,55,2,89.11,3.86,0,7,0.686,162,2.8,Email,Electronics,Neutral,Availability,The customer mentioned stock availability and product access.,178.22,0,0.5053000000000001,Engagement reminder
12251,30,37310.0,60,6,67.91,28.92,1,9,0.557,148,3.4,Mobile,Beauty,Neutral,Delivery,The customer mentioned delayed delivery and tracking concerns.,407.48,0,0.5052666666666668,Cross-sell
13735,59,110392.0,65,7,59.34,15.1,3,8,0.748,152,4.1,Email,Sports,Positive,Availability,The customer mentioned stock availability and product access.,415.36,0,0.5052611111111112,Cross-sell
10232,21,75250.0,5,7,87.0,31.22,1,5,0.63,163,3.9,Mobile,Sports,Neutral,Delivery,The customer mentioned delayed delivery and tracking concerns.,609.03,0,0.50525,Cross-sell
12159,34,49065.0,67,7,94.62,37.91,2,9,0.944,172,3.5,Email,Beauty,Neutral,Price,The customer said the price was high and asked for a better offer.,662.31,0,0.5052277777777778,Cross-sell
10153,30,71701.0,12,2,47.58,30.8,1,9,0.508,152,3.9,Email,Sports,Neutral,Product Quality,The customer raised concerns about product quality and durability.,95.17,0,0.5052055555555556,Engagement reminder
15153,69,88734.0,66,6,80.12,11.45,3,12,0.888,146,3.0,Email,Sports,Neutral,Features,The customer discussed missing features and requested improvements.,480.75,0,0.5051777777777777,Cross-sell
11513,36,92715.0,68,5,105.82,9.8,5,14,0.879,132,3.7,Mobile,Sports,Neutral,Price,The customer said the price was high and asked for a better offer.,529.08,0,0.5051722222222222,Engagement reminder
10185,28,52188.0,68,6,99.93,39.34,0,13,0.643,180,4.1,Mobile,Beauty,Positive,Availability,The customer mentioned stock availability and product access.,599.61,0,0.5051500000000001,Cross-sell
10397,44,74606.0,58,6,83.52,8.88,2,8,0.421,135,4.1,Email,Beauty,Positive,Price,The customer said the price was high and asked for a better offer.,501.13,0,0.5051055555555557,Cross-sell
16820,66,78772.0,23,6,153.32,22.0,1,5,0.462,163,4.8,Web,Apparel,Positive,Delivery,The customer mentioned delayed delivery and tracking concerns.,919.94,0,0.5051000000000001,Cross-sell
12733,30,110725.0,6,6,64.21,25.57,3,13,0.435,117,3.7,Email,Apparel,Neutral,Delivery,The customer mentioned delayed delivery and tracking concerns.,385.28,0,0.5050833333333333,Cross-sell
16996,18,83116.0,16,9,109.18,16.26,1,10,0.781,136,1.5,Mobile,Apparel,Negative,Support,The customer described a slow or unsatisfactory support experience.,982.61,0,0.50505,Cross-sell
15280,39,94425.0,72,9,53.14,38.34,0,8,0.404,150,3.6,Web,Electronics,Neutral,Features,The customer discussed missing features and requested improvements.,478.22,0,0.5050333333333333,Cross-sell
10538,41,36407.0,38,5,85.15,13.01,2,12,0.827,158,3.3,Web,Home,Neutral,Product Quality,The customer raised concerns about product quality and durability.,425.74,0,0.5050166666666668,Engagement reminder
12724,51,67952.0,54,5,46.18,8.4,2,15,0.652,149,3.7,Email,Apparel,Neutral,Support,The customer described a slow or unsatisfactory support experience.,230.91,0,0.5050166666666667,Engagement reminder
10871,27,69909.0,34,4,62.93,8.88,1,7,0.718,159,3.2,Store,Home,Neutral,Product Quality,The customer raised concerns about product quality and durability.,251.73,0,0.5050111111111111,Engagement reminder
12992,68,77877.0,72,11,84.73,1.38,2,8,0.709,171,4.7,Store,Sports,Positive,Delivery,The customer mentioned delayed delivery and tracking concerns.,932.07,0,0.5050055555555556,Cross-sell
13268,55,34663.0,23,4,90.9,8.19,3,8,0.441,104,2.9,Mobile,Electronics,Neutral,Price,The customer said the price was high and asked for a better offer.,363.6,0,0.5049944444444444,Engagement reminder
15968,28,69462.0,62,7,111.95,8.32,2,15,0.607,150,4.0,Web,Home,Positive,Price,The customer said the price was high and asked for a better offer.,783.66,0,0.5049888888888889,Cross-sell
15670,65,69986.0,48,7,88.54,36.62,0,11,0.646,165,3.2,Web,Apparel,Neutral,Returns,"The customer asked about returns, refunds, or the return process.",619.76,0,0.5049666666666667,Cross-sell
13929,49,87547.0,17,7,93.99,31.5,0,8,0.521,174,4.4,Web,Apparel,Positive,Product Quality,The customer raised concerns about product quality and durability.,657.92,0,0.5049666666666667,Cross-sell
17476,38,66868.0,46,7,67.08,4.38,3,10,0.503,145,5.0,Mobile,Electronics,Positive,Support,The customer described a slow or unsatisfactory support experience.,469.59,0,0.5049555555555556,Cross-sell
15073,57,90918.0,19,5,79.41,22.73,0,10,0.442,177,5.0,Web,Beauty,Positive,Returns,"The customer asked about returns, refunds, or the return process.",397.04,0,0.5049333333333333,Engagement reminder
13802,65,37997.0,57,7,113.04,19.99,3,9,0.613,138,4.0,Mobile,Apparel,Neutral,Support,The customer described a slow or unsatisfactory support experience.,791.27,1,0.5049,Cross-sell
11209,51,31447.0,29,6,68.69,35.3,1,11,0.773,147,2.2,Web,Beauty,Negative,Returns,"The customer asked about returns, refunds, or the return process.",412.12,1,0.5048444444444444,Cross-sell
16459,44,46315.0,54,6,132.82,11.49,0,7,0.614,157,2.9,Email,Beauty,Neutral,Features,The customer discussed missing features and requested improvements.,796.9,0,0.504838888888889,Cross-sell
13384,32,45909.0,63,4,117.28,28.56,4,14,0.464,107,3.7,Email,Apparel,Neutral,Delivery,The customer mentioned delayed delivery and tracking concerns.,469.11,0,0.504838888888889,Engagement reminder
11977,57,82326.0,1,4,113.18,1.58,2,11,0.401,128,3.8,Email,Apparel,Neutral,Features,The customer discussed missing features and requested improvements.,452.73,0,0.5048,Engagement reminder
11655,54,89917.0,5,8,91.74,2.83,3,7,0.8,148,3.6,Email,Home,Neutral,Price,The customer said the price was high and asked for a better offer.,733.94,1,0.5047222222222222,Cross-sell
15865,28,49847.0,22,4,37.12,37.28,2,9,0.203,100,3.2,Email,Beauty,Neutral,Features,The customer discussed missing features and requested improvements.,148.49,1,0.5046777777777778,Engagement reminder
10781,25,78906.0,52,8,69.82,31.11,4,5,0.569,113,3.5,Web,Beauty,Neutral,Price,The customer said the price was high and asked for a better offer.,558.57,0,0.5046722222222222,Cross-sell
13613,62,30648.0,50,4,97.01,2.13,0,16,0.758,180,3.5,Mobile,Electronics,Neutral,Availability,The customer mentioned stock availability and product access.,388.03,0,0.50465,Engagement reminder
14929,66,66230.0,71,4,84.76,35.77,2,12,0.631,152,4.0,Mobile,Apparel,Neutral,Price,The customer said the price was high and asked for a better offer.,339.04,0,0.5046333333333333,Engagement reminder
12925,25,32618.0,24,3,125.21,30.57,2,9,0.57,133,3.2,Mobile,Sports,Neutral,Delivery,The customer mentioned delayed delivery and tracking concerns.,375.63,0,0.5046111111111111,Engagement reminder
10727,27,38263.0,56,3,37.81,30.26,2,7,0.836,162,3.5,Mobile,Beauty,Neutral,Support,The customer described a slow or unsatisfactory support experience.,113.44,0,0.5046055555555555,Engagement reminder
13298,57,94629.0,48,3,99.93,9.5,3,12,0.652,138,3.8,Mobile,Electronics,Neutral,Returns,"The customer asked about returns, refunds, or the return process.",299.78,0,0.5046,Engagement reminder
16391,67,48131.0,16,3,108.87,18.95,2,5,0.566,163,5.0,Email,Electronics,Positive,Product Quality,The customer raised concerns about product quality and durability.,326.6,1,0.5045777777777778,Engagement reminder
17479,27,34573.0,71,8,116.3,4.85,2,10,0.782,174,4.5,Web,Home,Positive,Features,The customer discussed missing features and requested improvements.,930.4,0,0.5045722222222223,Cross-sell
15502,47,70432.0,6,10,44.87,26.52,0,6,0.53,178,4.6,Mobile,Beauty,Positive,Price,The customer said the price was high and asked for a better offer.,448.66,0,0.5045555555555556,Cross-sell
16610,36,72663.0,67,4,109.81,1.65,1,4,0.894,178,3.4,Web,Electronics,Neutral,Delivery,The customer mentioned delayed delivery and tracking concerns.,439.26,0,0.5045333333333334,Engagement reminder
12471,69,52004.0,57,6,133.19,38.52,1,7,0.594,151,3.4,Email,Beauty,Neutral,Features,The customer discussed missing features and requested improvements.,799.12,0,0.5045333333333334,Cross-sell
11611,46,49295.0,27,5,110.92,12.2,3,10,0.79,147,3.6,Email,Apparel,Neutral,Product Quality,The customer raised concerns about product quality and durability.,554.62,0,0.5045,Engagement reminder
12280,67,70546.0,19,9,90.32,9.74,4,10,0.456,123,4.7,Web,Home,Positive,Availability,The customer mentioned stock availability and product access.,812.89,0,0.5044944444444445,Cross-sell
11194,69,77818.0,44,3,101.46,19.18,3,12,0.556,131,3.9,Mobile,Home,Neutral,Delivery,The customer mentioned delayed delivery and tracking concerns.,304.38,0,0.5044944444444444,Engagement reminder
13083,67,62641.0,8,4,101.41,27.2,2,15,0.536,140,3.8,Email,Apparel,Neutral,Delivery,The customer mentioned delayed delivery and tracking concerns.,405.62,0,0.5044666666666667,Engagement reminder
15623,39,52403.0,43,5,90.57,30.77,0,11,0.786,174,3.0,Web,Apparel,Neutral,Product Quality,The customer raised concerns about product quality and durability.,452.86,0,0.5044666666666667,Engagement reminder
16713,63,90363.0,11,4,67.41,36.58,2,13,0.618,144,3.6,Web,Beauty,Neutral,Features,The customer discussed missing features and requested improvements.,269.63,1,0.5044555555555557,Engagement reminder
16351,44,63312.0,21,6,133.62,8.52,2,11,0.768,171,4.4,Store,Electronics,Positive,Delivery,The customer mentioned delayed delivery and tracking concerns.,801.7,0,0.5044555555555555,Cross-sell
16159,45,76874.0,28,7,130.65,28.64,1,8,0.691,158,3.3,Web,Apparel,Neutral,Price,The customer said the price was high and asked for a better offer.,914.54,0,0.504438888888889,Cross-sell
10313,46,82688.0,68,9,106.96,33.18,0,13,0.467,179,5.0,Mobile,Beauty,Positive,Price,The customer said the price was high and asked for a better offer.,962.62,0,0.5043777777777778,Cross-sell
10003,27,85256.0,38,5,57.49,22.7,3,12,0.417,110,3.4,Store,Electronics,Neutral,Price,The customer said the price was high and asked for a better offer.,287.47,1,0.5043777777777778,Engagement reminder
10086,46,65338.0,4,6,124.67,16.79,0,7,0.456,178,5.0,Email,Beauty,Positive,Delivery,The customer mentioned delayed delivery and tracking concerns.,747.99,0,0.5043555555555557,Cross-sell
11225,41,57280.0,58,6,87.3,28.77,1,16,0.534,159,4.2,Store,Apparel,Positive,Availability,The customer mentioned stock availability and product access.,523.78,0,0.5043111111111112,Cross-sell
11656,51,101416.0,57,14,127.6,0.3,0,8,0.525,169,4.1,Store,Electronics,Positive,Product Quality,The customer raised concerns about product quality and durability.,1786.39,0,0.5043055555555557,Cross-sell
13265,46,98458.0,70,1,77.41,4.59,2,8,0.625,153,4.1,Email,Sports,Positive,Support,The customer described a slow or unsatisfactory support experience.,77.41,0,0.5043055555555556,Engagement reminder
10369,41,75818.0,26,3,112.12,4.85,1,12,0.605,162,4.0,Mobile,Apparel,Positive,Availability,The customer mentioned stock availability and product access.,336.37,0,0.5042777777777778,Engagement reminder
16462,50,87508.0,14,2,51.84,39.27,0,10,0.742,175,3.3,Mobile,Apparel,Neutral,Delivery,The customer mentioned delayed delivery and tracking concerns.,103.68,0,0.5042388888888889,Engagement reminder
16589,58,57957.0,14,3,118.62,0.95,2,9,0.679,173,5.0,Email,Beauty,Positive,Support,The customer described a slow or unsatisfactory support experience.,355.87,1,0.5042000000000001,Engagement reminder
13244,32,18000.0,8,12,109.74,3.1,1,9,0.877,178,3.5,Web,Beauty,Neutral,Returns,"The customer asked about returns, refunds, or the return process.",1316.93,0,0.5041833333333334,Cross-sell
13985,37,64056.0,71,5,78.88,6.92,0,12,0.75,174,3.2,Email,Apparel,Neutral,Support,The customer described a slow or unsatisfactory support experience.,394.42,0,0.5041666666666667,Engagement reminder
12802,51,84301.0,7,6,61.27,1.52,1,12,0.791,177,3.9,Web,Apparel,Neutral,Price,The customer said the price was high and asked for a better offer.,367.63,1,0.5041611111111111,Cross-sell
15341,40,52313.0,14,7,153.37,3.8,2,7,0.382,126,3.8,Web,Beauty,Neutral,Support,The customer described a slow or unsatisfactory support experience.,1073.58,1,0.5041555555555555,Cross-sell
14918,46,41769.0,69,5,96.19,39.1,2,9,0.562,127,2.9,Email,Apparel,Neutral,Availability,The customer mentioned stock availability and product access.,480.94,0,0.5041277777777778,Engagement reminder
13595,55,72541.0,64,5,101.34,14.07,1,12,0.267,145,4.8,Web,Beauty,Positive,Support,The customer described a slow or unsatisfactory support experience.,506.71,0,0.5041,Engagement reminder
12609,36,54018.0,56,2,129.37,20.04,1,10,0.533,147,3.5,Email,Sports,Neutral,Support,The customer described a slow or unsatisfactory support experience.,258.73,1,0.5040944444444444,Engagement reminder
10675,22,69541.0,26,10,114.74,28.16,1,13,0.749,158,3.0,Email,Sports,Neutral,Price,The customer said the price was high and asked for a better offer.,1147.38,0,0.5040888888888889,Cross-sell
13586,54,66286.0,13,6,42.03,35.44,2,9,0.422,111,2.7,Web,Sports,Neutral,Product Quality,The customer raised concerns about product quality and durability.,252.21,0,0.5040722222222223,Cross-sell
17983,23,61533.0,46,4,70.17,1.52,1,7,0.645,152,3.2,Email,Apparel,Neutral,Product Quality,The customer raised concerns about product quality and durability.,280.66,0,0.5040555555555556,Engagement reminder
10512,33,101207.0,8,2,93.54,35.96,3,15,0.652,158,5.0,Mobile,Home,Positive,Delivery,The customer mentioned delayed delivery and tracking concerns.,187.08,0,0.5040444444444445,Engagement reminder
15416,44,48883.0,24,7,86.41,33.25,2,10,0.927,175,3.8,Web,Electronics,Neutral,Product Quality,The customer raised concerns about product quality and durability.,604.9,1,0.5040444444444444,Cross-sell
15634,59,83931.0,53,7,99.92,9.68,1,9,0.5,144,3.5,Web,Electronics,Neutral,Support,The customer described a slow or unsatisfactory support experience.,699.45,0,0.5040277777777779,Cross-sell
14956,43,76286.0,35,10,108.68,10.13,1,14,0.657,148,2.9,Store,Electronics,Neutral,Product Quality,The customer raised concerns about product quality and durability.,1086.85,0,0.5040166666666667,Cross-sell
16755,34,61321.0,34,4,74.53,4.53,0,7,0.73,162,2.6,Mobile,Home,Neutral,Availability,The customer mentioned stock availability and product access.,298.13,0,0.504,Engagement reminder
14936,26,77606.0,37,5,18.0,24.54,2,5,0.678,161,4.3,Email,Apparel,Positive,Price,The customer said the price was high and asked for a better offer.,90.0,0,0.5039833333333333,Engagement reminder
13418,36,76860.0,43,7,87.28,29.17,1,10,0.235,110,2.9,Web,Sports,Neutral,Availability,The customer mentioned stock availability and product access.,610.99,0,0.5039722222222223,Cross-sell
15780,37,102134.0,16,5,94.33,30.97,0,8,0.588,161,3.3,Email,Home,Neutral,Features,The customer discussed missing features and requested improvements.,471.67,1,0.5039277777777779,Engagement reminder
15981,34,76386.0,24,9,110.37,25.39,0,9,0.443,126,2.0,Email,Apparel,Negative,Support,The customer described a slow or unsatisfactory support experience.,993.37,0,0.5039,Cross-sell
13107,18,60998.0,68,4,102.13,30.41,2,10,0.634,157,4.3,Mobile,Sports,Positive,Product Quality,The customer raised concerns about product quality and durability.,408.52,0,0.5038944444444445,Engagement reminder
12623,41,75410.0,16,3,86.44,35.2,3,11,0.376,128,4.7,Store,Home,Positive,Returns,"The customer asked about returns, refunds, or the return process.",259.31,1,0.5038277777777778,Engagement reminder
11314,27,55641.0,62,6,94.35,15.0,2,7,0.747,157,3.7,Web,Electronics,Neutral,Availability,The customer mentioned stock availability and product access.,566.12,1,0.5037944444444444,Cross-sell
17288,59,39864.0,48,7,97.7,24.62,0,10,0.591,173,4.0,Mobile,Home,Positive,Delivery,The customer mentioned delayed delivery and tracking concerns.,683.87,0,0.5037444444444444,Cross-sell
16436,40,68359.0,31,6,102.98,15.2,1,6,0.498,169,5.0,Mobile,Electronics,Positive,Product Quality,The customer raised concerns about product quality and durability.,617.9,0,0.5037333333333334,Cross-sell
15319,36,54745.0,26,4,97.55,35.46,3,8,0.371,87,2.3,Email,Sports,Negative,Availability,The customer mentioned stock availability and product access.,390.18,0,0.5037166666666666,Engagement reminder
12436,33,71819.0,34,3,81.96,14.75,1,11,0.287,123,3.4,Store,Sports,Neutral,Support,The customer described a slow or unsatisfactory support experience.,245.87,1,0.5037111111111112,Engagement reminder
12479,35,53286.0,57,7,97.33,27.22,1,7,0.528,143,3.3,Email,Sports,Neutral,Price,The customer said the price was high and asked for a better offer.,681.34,1,0.5037055555555555,Cross-sell
17403,19,86364.0,53,10,59.88,29.17,3,10,0.797,154,4.0,Web,Sports,Neutral,Product Quality,The customer raised concerns about product quality and durability.,598.78,0,0.5036555555555555,Cross-sell
11217,39,64178.0,4,6,65.03,24.66,1,10,0.709,166,3.7,Mobile,Electronics,Neutral,Price,The customer said the price was high and asked for a better offer.,390.18,0,0.5036166666666667,Cross-sell
14226,52,85174.0,49,5,102.22,7.61,1,11,0.689,176,4.4,Web,Beauty,Positive,Support,The customer described a slow or unsatisfactory support experience.,511.1,0,0.503588888888889,Engagement reminder
13891,42,68020.0,17,6,98.38,25.56,0,10,0.583,157,3.1,Web,Beauty,Neutral,Product Quality,The customer raised concerns about product quality and durability.,590.31,0,0.503538888888889,Cross-sell
